episode,timestep,reward,steps,visibility_pct,mean_centering_dist,mean_fraction,mean_action_mag,r_stability,r_centering,r_scale,phase,target_offset,init_pos,init_vel,init_ang
1,113,173.36,113,3.5,0.4223,0.26,0.5109,0.5911,0.0487,0.0349,0,0.0,0.3,0.15,0.05
2,316,165.12,203,0.0,0.0,0.0,0.5045,0.3908,0.0,0.0,0,0.0,0.301,0.151,0.05
3,376,99.82,60,0.0,0.0,0.0,0.4929,0.5385,0.0,0.0,0,0.0,0.301,0.151,0.05
4,479,93.25,103,0.0,0.0,0.0,0.4995,0.3312,0.0,0.0,0,0.0,0.301,0.151,0.05
5,595,203.8,116,0.0,0.0,0.0,0.5033,0.6296,0.0,0.0,0,0.0,0.301,0.151,0.05
6,655,92.52,60,0.0,0.0,0.0,0.4976,0.5066,0.0,0.0,0,0.0,0.301,0.151,0.051
7,715,80.6,60,0.0,0.0,0.0,0.483,0.4503,0.0,0.0,0,0.0,0.301,0.151,0.051
8,827,152.69,112,0.0,0.0,0.0,0.5236,0.5688,0.0,0.0,0,0.0,0.301,0.151,0.051
9,942,111.43,115,0.0,0.0,0.0,0.4973,0.3996,0.0,0.0,0,0.0,0.302,0.152,0.051
10,1074,88.88,132,0.0,0.0,0.0,0.4888,0.2572,0.0,0.0,0,0.0,0.302,0.152,0.051
11,1152,156.35,78,0.0,0.0,0.0,0.501,0.5943,0.0,0.0,0,0.0,0.302,0.152,0.051
12,1230,80.83,78,0.0,0.0,0.0,0.4727,0.3193,0.0,0.0,0,0.0,0.302,0.152,0.051
13,1328,123.35,98,0.0,0.0,0.0,0.4872,0.5192,0.0,0.0,0,0.0,0.302,0.152,0.051
14,1468,97.02,140,0.0,0.0,0.0,0.5058,0.2775,0.0,0.0,0,0.0,0.302,0.152,0.051
15,1545,88.62,77,0.0,0.0,0.0,0.5159,0.3871,0.0,0.0,0,0.0,0.303,0.153,0.051
16,1721,153.1,176,0.0,0.0,0.0,0.4833,0.4395,0.0,0.0,0,0.0,0.303,0.153,0.051
17,1823,154.05,102,0.0,0.0,0.0,0.4946,0.6229,0.0,0.0,0,0.0,0.303,0.153,0.052
18,1893,91.64,70,0.0,0.0,0.0,0.5108,0.4477,0.0,0.0,0,0.0,0.303,0.153,0.052
19,2035,106.4,142,0.0,0.0,0.0,0.5054,0.3704,0.0,0.0,0,0.0,0.303,0.153,0.052
20,2130,120.97,95,0.0,0.0,0.0,0.4938,0.4235,0.0,0.0,0,0.0,0.304,0.154,0.052
21,2289,151.29,159,0.0,0.0,0.0,0.4943,0.4737,0.0,0.0,0,0.0,0.304,0.154,0.052
22,2450,126.46,161,0.0,0.0,0.0,0.5005,0.3673,0.0,0.0,0,0.0,0.304,0.154,0.052
23,2514,77.27,64,0.0,0.0,0.0,0.5134,0.4746,0.0,0.0,0,0.0,0.304,0.154,0.052
24,2622,164.23,108,0.0,0.0,0.0,0.5083,0.6596,0.0,0.0,0,0.0,0.304,0.154,0.052
25,2792,195.78,170,0.0,0.0,0.0,0.4963,0.4923,0.0,0.0,0,0.0,0.305,0.155,0.052
26,2915,92.56,123,0.0,0.0,0.0,0.5013,0.2673,0.0,0.0,0,0.0,0.305,0.155,0.052
27,3041,199.38,126,0.0,0.0,0.0,0.4856,0.5485,0.0,0.0,0,0.0,0.305,0.155,0.053
28,3098,72.17,57,0.0,0.0,0.0,0.4933,0.4346,0.0,0.0,0,0.0,0.305,0.155,0.053
29,3163,79.61,65,0.0,0.0,0.0,0.4726,0.4154,0.0,0.0,0,0.0,0.305,0.155,0.053
30,3253,155.73,90,0.0,0.0,0.0,0.4924,0.5884,0.0,0.0,0,0.0,0.305,0.155,0.053
31,3307,65.03,54,0.0,0.0,0.0,0.5039,0.3602,0.0,0.0,0,0.0,0.306,0.156,0.053
32,3358,82.61,51,0.0,0.0,0.0,0.5269,0.4502,0.0,0.0,0,0.0,0.306,0.156,0.053
33,3431,114.8,73,0.0,0.0,0.0,0.5036,0.5606,0.0,0.0,0,0.0,0.306,0.156,0.053
34,3577,130.95,146,0.0,0.0,0.0,0.4778,0.4565,0.0,0.0,0,0.0,0.306,0.156,0.053
35,3653,87.58,76,0.0,0.0,0.0,0.5217,0.4373,0.0,0.0,0,0.0,0.306,0.156,0.053
36,3706,83.54,53,0.0,0.0,0.0,0.4963,0.4806,0.0,0.0,0,0.0,0.306,0.156,0.053
37,3828,221.69,122,0.0,0.0,0.0,0.5045,0.6086,0.0,0.0,0,0.0,0.306,0.156,0.053
38,3903,77.51,75,0.0,0.0,0.0,0.5003,0.423,0.0,0.0,0,0.0,0.306,0.157,0.053
39,3962,75.1,59,0.0,0.0,0.0,0.5155,0.4501,0.0,0.0,0,0.0,0.307,0.157,0.053
40,4053,106.68,91,0.0,0.0,0.0,0.5331,0.4065,0.0,0.0,0,0.0,0.307,0.157,0.053
41,4128,95.92,75,0.0,0.0,0.0,0.4991,0.4169,0.0,0.0,0,0.0,0.307,0.157,0.053
42,4207,79.04,79,0.0,0.0,0.0,0.4896,0.3818,0.0,0.0,0,0.0,0.307,0.157,0.054
43,4361,150.0,154,0.0,0.0,0.0,0.5265,0.4319,0.0,0.0,0,0.0,0.307,0.157,0.054
44,4423,76.23,62,0.0,0.0,0.0,0.4883,0.3911,0.0,0.0,0,0.0,0.307,0.157,0.054
45,4593,142.66,170,0.0,0.0,0.0,0.4978,0.4202,0.0,0.0,0,0.0,0.308,0.158,0.054
46,4722,136.15,129,0.0,0.0,0.0,0.4955,0.4724,0.0,0.0,0,0.0,0.308,0.158,0.054
47,4812,142.05,90,0.0,0.0,0.0,0.4881,0.5809,0.0,0.0,0,0.0,0.308,0.158,0.054
48,4891,120.57,79,0.0,0.0,0.0,0.5234,0.5084,0.0,0.0,0,0.0,0.308,0.158,0.054
49,4959,104.49,68,0.0,0.0,0.0,0.5021,0.5126,0.0,0.0,0,0.0,0.308,0.158,0.054
50,5086,240.62,127,0.0,0.0,0.0,0.5259,0.7044,0.0,0.0,0,0.0,0.308,0.158,0.054
51,5146,100.42,60,0.0,0.0,0.0,0.5254,0.5306,0.0,0.0,0,0.0,0.309,0.159,0.054
52,5218,122.77,72,0.0,0.0,0.0,0.5121,0.5442,0.0,0.0,0,0.0,0.309,0.159,0.054
53,5330,176.7,112,0.0,0.0,0.0,0.4896,0.6328,0.0,0.0,0,0.0,0.309,0.159,0.054
54,5400,107.72,70,0.0,0.0,0.0,0.4965,0.5362,0.0,0.0,0,0.0,0.309,0.159,0.054
55,5483,125.87,83,0.0,0.0,0.0,0.492,0.4765,0.0,0.0,0,0.0,0.309,0.159,0.055
56,5608,146.8,125,0.0,0.0,0.0,0.5129,0.6512,0.0,0.0,0,0.0,0.309,0.159,0.055
57,5704,141.75,96,0.0,0.0,0.0,0.4628,0.6389,0.0,0.0,0,0.0,0.309,0.16,0.055
58,5868,127.61,164,0.0,0.0,0.0,0.4961,0.3759,0.0,0.0,0,0.0,0.31,0.16,0.055
59,5984,165.59,116,0.0,0.0,0.0,0.4984,0.5555,0.0,0.0,0,0.0,0.31,0.16,0.055
60,6179,179.33,195,0.0,0.0,0.0,0.5023,0.494,0.0,0.0,0,0.0,0.31,0.16,0.055
61,6289,153.37,110,0.0,0.0,0.0,0.5131,0.4895,0.0,0.0,0,0.0,0.31,0.16,0.055
62,6441,101.26,152,0.0,0.0,0.0,0.5238,0.2996,0.0,0.0,0,0.0,0.311,0.161,0.055
63,6584,112.32,143,0.0,0.0,0.0,0.4971,0.3851,0.0,0.0,0,0.0,0.311,0.161,0.055
64,6651,94.11,67,0.0,0.0,0.0,0.4807,0.5143,0.0,0.0,0,0.0,0.311,0.161,0.056
65,6779,146.45,128,0.0,0.0,0.0,0.5001,0.5482,0.0,0.0,0,0.0,0.311,0.161,0.056
66,6924,103.04,145,0.0,0.0,0.0,0.4836,0.2401,0.0,0.0,0,0.0,0.312,0.162,0.056
67,7083,182.59,159,0.0,0.0,0.0,0.4935,0.5722,0.0,0.0,0,0.0,0.312,0.162,0.056
68,7204,119.12,121,0.0,0.0,0.0,0.477,0.3231,0.0,0.0,0,0.0,0.312,0.162,0.056
69,7261,70.52,57,0.0,0.0,0.0,0.4887,0.3877,0.0,0.0,0,0.0,0.312,0.162,0.056
70,7334,129.02,73,0.0,0.0,0.0,0.5489,0.5474,0.0,0.0,0,0.0,0.312,0.162,0.056
71,7488,160.08,154,0.0,0.0,0.0,0.4925,0.507,0.0,0.0,0,0.0,0.312,0.162,0.056
72,7608,133.22,120,0.0,0.0,0.0,0.507,0.4885,0.0,0.0,0,0.0,0.313,0.163,0.056
73,7665,72.67,57,0.0,0.0,0.0,0.4827,0.3994,0.0,0.0,0,0.0,0.313,0.163,0.056
74,7853,153.03,188,0.0,0.0,0.0,0.4883,0.333,0.0,0.0,0,0.0,0.313,0.163,0.057
75,7924,121.8,71,0.0,0.0,0.0,0.5083,0.513,0.0,0.0,0,0.0,0.313,0.163,0.057
76,8041,133.11,117,0.0,0.0,0.0,0.4875,0.4521,0.0,0.0,0,0.0,0.313,0.163,0.057
77,8157,167.74,116,0.0,0.0,0.0,0.528,0.6711,0.0,0.0,0,0.0,0.314,0.164,0.057
78,8286,160.87,129,0.0,0.0,0.0,0.4932,0.6282,0.0,0.0,0,0.0,0.314,0.164,0.057
79,8354,132.6,68,0.0,0.0,0.0,0.5056,0.6041,0.0,0.0,0,0.0,0.314,0.164,0.057
80,8456,69.59,102,0.0,0.0,0.0,0.4959,0.231,0.0,0.0,0,0.0,0.314,0.164,0.057
81,8555,91.14,99,0.0,0.0,0.0,0.4859,0.4048,0.0,0.0,0,0.0,0.314,0.164,0.057
82,8613,75.96,58,0.0,0.0,0.0,0.5028,0.4161,0.0,0.0,0,0.0,0.314,0.164,0.057
83,8794,185.57,181,0.0,0.0,0.0,0.4973,0.3785,0.0,0.0,0,0.0,0.315,0.165,0.057
84,8929,146.35,135,0.0,0.0,0.0,0.5192,0.6101,0.0,0.0,0,0.0,0.315,0.165,0.057
85,9006,116.49,77,0.0,0.0,0.0,0.4933,0.5126,0.0,0.0,0,0.0,0.315,0.165,0.058
86,9099,116.65,93,0.0,0.0,0.0,0.4877,0.4368,0.0,0.0,0,0.0,0.315,0.165,0.058
87,9176,105.02,77,0.0,0.0,0.0,0.4849,0.5067,0.0,0.0,0,0.0,0.315,0.165,0.058
88,9246,106.21,70,0.0,0.0,0.0,0.4951,0.5181,0.0,0.0,0,0.0,0.315,0.165,0.058
89,9310,85.03,64,0.0,0.0,0.0,0.5178,0.4141,0.0,0.0,0,0.0,0.316,0.166,0.058
90,9391,79.85,81,0.0,0.0,0.0,0.4881,0.4193,0.0,0.0,0,0.0,0.316,0.166,0.058
91,9528,155.94,137,0.0,0.0,0.0,0.5139,0.5326,0.0,0.0,0,0.0,0.316,0.166,0.058
92,9570,63.25,42,0.0,0.0,0.0,0.502,0.4082,0.0,0.0,0,0.0,0.316,0.166,0.058
93,9674,98.54,104,0.0,0.0,0.0,0.5164,0.3812,0.0,0.0,0,0.0,0.316,0.166,0.058
94,9778,94.7,104,0.0,0.0,0.0,0.5127,0.4166,0.0,0.0,0,0.0,0.316,0.166,0.058
95,9868,85.56,90,0.0,0.0,0.0,0.5001,0.3478,0.0,0.0,0,0.0,0.316,0.166,0.058
96,9988,219.25,120,0.0,0.0,0.0,0.5109,0.638,0.0,0.0,0,0.0,0.317,0.167,0.058
97,10115,119.31,127,0.0,0.0,0.0,0.549,0.4681,0.0,0.0,0,0.0,0.317,0.167,0.058
98,10244,236.52,129,0.0,0.0,0.0,0.5237,0.6899,0.0,0.0,0,0.0,0.317,0.167,0.059
99,10314,142.6,70,0.0,0.0,0.0,0.5442,0.6263,0.0,0.0,0,0.0,0.317,0.167,0.059
100,10359,58.56,45,0.0,0.0,0.0,0.5268,0.3912,0.0,0.0,0,0.0,0.317,0.167,0.059
101,10404,72.14,45,0.0,0.0,0.0,0.5297,0.4787,0.0,0.0,0,0.0,0.317,0.167,0.059
102,10469,106.82,65,0.0,0.0,0.0,0.5318,0.5079,0.0,0.0,0,0.0,0.317,0.167,0.059
103,10545,142.41,76,0.0,0.0,0.0,0.5014,0.6293,0.0,0.0,0,0.0,0.318,0.168,0.059
104,10600,71.83,55,0.0,0.0,0.0,0.5669,0.3973,0.0,0.0,0,0.0,0.318,0.168,0.059
105,10707,101.71,107,0.0,0.0,0.0,0.5316,0.4041,0.0,0.0,0,0.0,0.318,0.168,0.059
106,10817,125.3,110,0.0,0.0,0.0,0.4986,0.408,0.0,0.0,0,0.0,0.318,0.168,0.059
107,10985,161.99,168,0.0,0.0,0.0,0.5053,0.5132,0.0,0.0,0,0.0,0.318,0.168,0.059
108,11125,116.82,140,0.0,0.0,0.0,0.5448,0.4443,0.0,0.0,0,0.0,0.319,0.169,0.059
109,11425,266.68,300,0.0,0.0,0.0,0.5027,0.5083,0.0,0.0,0,0.0,0.319,0.169,0.06
110,11624,279.41,199,0.0,0.0,0.0,0.5285,0.5357,0.0,0.0,0,0.0,0.319,0.169,0.06
111,12126,495.02,502,0.0,0.0,0.0,0.4923,0.5684,0.0,0.0,0,0.0,0.32,0.17,0.06
112,12493,421.89,367,0.0,0.0,0.0,0.4904,0.8166,0.0,0.0,0,0.0,0.321,0.171,0.06
113,13074,634.85,581,0.0,0.0,0.0,0.4994,0.8035,0.0,0.0,0,0.0,0.322,0.172,0.061
114,13463,421.59,389,0.0,0.0,0.0,0.4918,0.6948,0.0,0.0,0,0.0,0.322,0.172,0.061
115,13832,477.79,369,0.0,0.0,0.0,0.4874,0.7352,0.0,0.0,0,0.0,0.323,0.173,0.062
116,14140,362.34,308,0.0,0.0,0.0,0.5277,0.7383,0.0,0.0,0,0.0,0.324,0.174,0.062
117,14425,322.6,285,0.0,0.0,0.0,0.5151,0.8193,0.0,0.0,0,0.0,0.324,0.174,0.062
118,14772,436.9,347,0.0,0.0,0.0,0.5195,0.8183,0.0,0.0,0,0.0,0.325,0.175,0.062
119,15045,245.32,273,0.0,0.0,0.0,0.5424,0.7004,0.0,0.0,0,0.0,0.325,0.175,0.063
120,15420,550.99,375,0.0,0.0,0.0,0.492,0.8324,0.0,0.0,0,0.0,0.326,0.176,0.063
121,15705,397.43,285,0.0,0.0,0.0,0.5214,0.8703,0.0,0.0,0,0.0,0.326,0.176,0.063
122,15988,357.29,283,0.0,0.0,0.0,0.5134,0.865,0.0,0.0,0,0.0,0.327,0.177,0.063
123,16284,355.92,296,0.0,0.0,0.0,0.537,0.7578,0.0,0.0,0,0.0,0.327,0.177,0.064
124,16582,419.26,298,0.0,0.0,0.0,0.4928,0.891,0.0,0.0,0,0.0,0.328,0.178,0.064
125,17021,679.56,439,0.0,0.0,0.0,0.4734,0.9144,0.0,0.0,0,0.0,0.328,0.178,0.064
126,17411,571.96,390,0.0,0.0,0.0,0.5631,0.8304,0.0,0.0,0,0.0,0.329,0.179,0.065
127,17762,493.18,351,0.0,0.0,0.0,0.4444,0.7745,0.0,0.0,0,0.0,0.33,0.18,0.065
128,18172,708.5,410,0.0,0.0,0.0,0.4893,0.7403,0.0,0.0,0,0.0,0.33,0.18,0.065
129,18507,392.2,335,0.0,0.0,0.0,0.5086,0.5724,0.0,0.0,0,0.0,0.331,0.181,0.065
130,18790,393.31,283,0.0,0.0,0.0,0.4614,0.8247,0.0,0.0,0,0.0,0.331,0.181,0.066
131,19273,881.2,483,0.0,0.0,0.0,0.4325,0.8203,0.0,0.0,0,0.0,0.332,0.182,0.066
132,20512,2837.62,1239,0.0,0.0,0.0,0.4128,0.8612,0.0,0.0,0,0.0,0.334,0.184,0.067
133,23512,7720.2,3000,0.0,0.0,0.0,0.369,0.8988,0.0,0.0,0,0.0,0.339,0.189,0.07
134,25369,4964.12,1857,0.0,0.0,0.0,0.3983,0.9341,0.0,0.0,0,0.0,0.342,0.192,0.071
135,26396,2437.05,1027,0.0,0.0,0.0,0.3974,0.8244,0.0,0.0,0,0.0,0.344,0.194,0.072
136,28035,4229.25,1639,0.0,0.0,0.0,0.3909,0.9176,0.0,0.0,0,0.0,0.347,0.197,0.073
137,31035,8637.41,3000,0.0,0.0,0.0,0.3821,0.9571,0.0,0.0,0,0.0,0.352,0.202,0.076
138,33118,5761.44,2083,0.0,0.0,0.0,0.3814,0.9296,0.0,0.0,0,0.0,0.355,0.205,0.078
139,33868,1870.12,750,0.0,0.0,0.0,0.4159,0.8439,0.0,0.0,0,0.0,0.356,0.206,0.078
140,34714,1752.49,846,0.0,0.0,0.0,0.3958,0.8536,0.0,0.0,0,0.0,0.358,0.208,0.079
141,36010,3153.77,1296,0.0,0.0,0.0,0.4017,0.9231,0.0,0.0,0,0.0,0.36,0.21,0.08
142,36931,2108.12,921,0.0,0.0,0.0,0.4022,0.9432,0.0,0.0,0,0.0,0.362,0.212,0.081
143,38152,3082.75,1221,0.0,0.0,0.0,0.3129,0.9561,0.0,0.0,0,0.0,0.364,0.214,0.082
144,38928,1652.23,776,0.0,0.0,0.0,0.4787,0.7867,0.0,0.0,0,0.0,0.365,0.215,0.082
145,39259,521.06,331,0.0,0.0,0.0,0.4909,0.7034,0.0,0.0,0,0.0,0.365,0.215,0.083
146,39967,1497.11,708,0.0,0.0,0.0,0.388,0.8513,0.0,0.0,0,0.0,0.367,0.217,0.083
147,40198,236.02,231,0.0,0.0,0.0,0.4678,0.5998,0.0,0.0,0,0.0,0.367,0.217,0.083
148,40449,301.98,251,0.0,0.0,0.0,0.4059,0.6534,0.0,0.0,0,0.0,0.367,0.217,0.084
149,40707,318.71,258,0.0,0.0,0.0,0.4487,0.6581,0.0,0.0,0,0.0,0.368,0.218,0.084
150,40915,202.4,208,0.0,0.0,0.0,0.5736,0.5919,0.0,0.0,0,0.0,0.368,0.218,0.084
151,41151,270.65,236,0.0,0.0,0.0,0.5132,0.6751,0.0,0.0,0,0.0,0.369,0.219,0.084
152,41537,705.38,386,0.0,0.0,0.0,0.3928,0.7522,0.0,0.0,0,0.0,0.369,0.219,0.085
153,42176,1328.61,639,0.0,0.0,0.0,0.4705,0.7549,0.0,0.0,0,0.0,0.37,0.22,0.085
154,42625,802.88,449,0.0,0.0,0.0,0.4511,0.7414,0.0,0.0,0,0.0,0.371,0.221,0.086
155,42826,187.82,201,0.0,0.0,0.0,0.4974,0.48,0.0,0.0,0,0.0,0.371,0.221,0.086
156,43014,209.92,188,0.0,0.0,0.0,0.4452,0.5303,0.0,0.0,0,0.0,0.372,0.222,0.086
157,43356,632.71,342,0.0,0.0,0.0,0.4456,0.7147,0.0,0.0,0,0.0,0.372,0.222,0.086
158,43813,734.56,457,0.0,0.0,0.0,0.4878,0.708,0.0,0.0,0,0.0,0.373,0.223,0.087
159,43979,137.0,166,0.0,0.0,0.0,0.5376,0.4507,0.0,0.0,0,0.0,0.373,0.223,0.087
160,44148,127.07,169,0.0,0.0,0.0,0.5673,0.3585,0.0,0.0,0,0.0,0.374,0.224,0.087
161,44348,175.86,200,0.0,0.0,0.0,0.5141,0.493,0.0,0.0,0,0.0,0.374,0.224,0.087
162,44542,165.25,194,0.0,0.0,0.0,0.5002,0.4365,0.0,0.0,0,0.0,0.374,0.224,0.087
163,44690,82.75,148,0.0,0.0,0.0,0.4184,0.3261,0.0,0.0,0,0.0,0.374,0.224,0.087
164,44883,186.7,193,0.0,0.0,0.0,0.452,0.4914,0.0,0.0,0,0.0,0.375,0.225,0.087
165,45077,166.37,194,0.0,0.0,0.0,0.4663,0.467,0.0,0.0,0,0.0,0.375,0.225,0.088
166,45256,122.64,179,0.0,0.0,0.0,0.496,0.5018,0.0,0.0,0,0.0,0.375,0.225,0.088
167,45442,171.01,186,0.0,0.0,0.0,0.4551,0.4426,0.0,0.0,0,0.0,0.376,0.226,0.088
168,45606,94.58,164,0.0,0.0,0.0,0.4794,0.3647,0.0,0.0,0,0.0,0.376,0.226,0.088
169,45861,345.6,255,0.0,0.0,0.0,0.4439,0.5263,0.0,0.0,0,0.0,0.376,0.226,0.088
170,46113,311.13,252,0.0,0.0,0.0,0.4797,0.5883,0.0,0.0,0,0.0,0.377,0.227,0.088
171,46455,515.55,342,0.0,0.0,0.0,0.4882,0.7373,0.0,0.0,0,0.0,0.377,0.227,0.089
172,47205,1540.86,750,0.0,0.0,0.0,0.4431,0.719,0.0,0.0,0,0.0,0.379,0.229,0.089
173,47549,637.09,344,0.0,0.0,0.0,0.4024,0.6938,0.0,0.0,0,0.0,0.379,0.229,0.09
174,47726,130.71,177,0.0,0.0,0.0,0.4297,0.4772,0.0,0.0,0,0.0,0.38,0.23,0.09
175,47983,389.79,257,0.0,0.0,0.0,0.4263,0.6223,0.0,0.0,0,0.0,0.38,0.23,0.09
176,48162,151.31,179,0.0,0.0,0.0,0.4716,0.5153,0.0,0.0,0,0.0,0.38,0.23,0.09
177,48298,91.61,136,0.0,0.0,0.0,0.5081,0.364,0.0,0.0,0,0.0,0.38,0.23,0.09
178,48527,256.85,229,0.0,0.0,0.0,0.4855,0.6446,0.0,0.0,0,0.0,0.381,0.231,0.09
179,48872,606.18,345,0.0,0.0,0.0,0.4057,0.7146,0.0,0.0,0,0.0,0.381,0.231,0.091
180,49105,226.99,233,0.0,0.0,0.0,0.4247,0.5765,0.0,0.0,0,0.0,0.382,0.232,0.091
181,49281,163.74,176,0.0,0.0,0.0,0.4372,0.6075,0.0,0.0,0,0.0,0.382,0.232,0.091
182,49481,169.8,200,0.0,0.0,0.0,0.455,0.4891,0.0,0.0,0,0.0,0.382,0.232,0.091
183,49723,258.26,242,0.0,0.0,0.0,0.5014,0.5676,0.0,0.0,0,0.0,0.383,0.233,0.091
184,50038,344.55,315,0.0,0.0,0.0,0.4956,0.8061,0.0,0.0,0,0.0,0.383,0.233,0.092
185,50193,182.9,155,0.0,0.0,0.0,0.5276,0.7484,0.0,0.0,0,0.0,0.384,0.234,0.092
186,50406,177.81,213,0.0,0.0,0.0,0.5044,0.5271,0.0,0.0,0,0.0,0.384,0.234,0.092
187,50596,160.27,190,0.0,0.0,0.0,0.524,0.5658,0.0,0.0,0,0.0,0.384,0.234,0.092
188,50918,308.87,322,0.0,0.0,0.0,0.5504,0.625,0.0,0.0,0,0.0,0.385,0.235,0.092
189,51117,279.32,199,0.0,0.0,0.0,0.5322,0.7519,0.0,0.0,0,0.0,0.385,0.235,0.093
190,51300,198.61,183,0.0,0.0,0.0,0.5698,0.8098,0.0,0.0,0,0.0,0.385,0.235,0.093
191,51529,191.02,229,0.0,0.0,0.0,0.5322,0.5271,0.0,0.0,0,0.0,0.386,0.236,0.093
192,51720,130.5,191,0.0,0.0,0.0,0.5714,0.447,0.0,0.0,0,0.0,0.386,0.236,0.093
193,51880,93.48,160,0.0,0.0,0.0,0.5312,0.4244,0.0,0.0,0,0.0,0.386,0.236,0.093
194,52048,121.13,168,0.0,0.0,0.0,0.5418,0.5868,0.0,0.0,0,0.0,0.387,0.237,0.093
195,52323,277.05,275,0.0,0.0,0.0,0.4408,0.6251,0.0,0.0,0,0.0,0.387,0.237,0.094
196,52549,242.28,226,0.0,0.0,0.0,0.5183,0.6878,0.0,0.0,0,0.0,0.388,0.238,0.094
197,52717,156.03,168,0.0,0.0,0.0,0.5292,0.7664,0.0,0.0,0,0.0,0.388,0.238,0.094
198,52960,207.08,243,0.0,0.0,0.0,0.4561,0.7002,0.0,0.0,0,0.0,0.388,0.238,0.094
199,53112,156.2,152,0.0,0.0,0.0,0.6676,0.7936,0.0,0.0,0,0.0,0.389,0.239,0.094
200,53356,234.03,244,0.0,0.0,0.0,0.517,0.648,0.0,0.0,0,0.0,0.389,0.239,0.094
201,53600,226.47,244,0.0,0.0,0.0,0.5069,0.5477,0.0,0.0,0,0.0,0.389,0.239,0.095
202,53765,100.75,165,0.0,0.0,0.0,0.4698,0.4199,0.0,0.0,0,0.0,0.39,0.24,0.095
203,53943,125.65,178,0.0,0.0,0.0,0.5464,0.4693,0.0,0.0,0,0.0,0.39,0.24,0.095
204,54108,102.64,165,0.0,0.0,0.0,0.471,0.3835,0.0,0.0,0,0.0,0.39,0.24,0.095
205,54302,144.58,194,0.0,0.0,0.0,0.4611,0.5218,0.0,0.0,0,0.0,0.391,0.24,0.095
206,54580,246.61,278,0.0,0.0,0.0,0.5769,0.5382,0.0,0.0,0,0.0,0.391,0.241,0.095
207,54734,77.92,154,0.0,0.0,0.0,0.3941,0.3086,0.0,0.0,0,0.0,0.391,0.241,0.096
208,54893,106.27,159,0.0,0.0,0.0,0.4336,0.3885,0.0,0.0,0,0.0,0.391,0.241,0.096
209,55047,87.56,154,0.0,0.0,0.0,0.4517,0.3206,0.0,0.0,0,0.0,0.392,0.242,0.096
210,55201,108.37,154,0.0,0.0,0.0,0.4532,0.3478,0.0,0.0,0,0.0,0.392,0.242,0.096
211,55363,124.7,162,0.0,0.0,0.0,0.4944,0.3752,0.0,0.0,0,0.0,0.392,0.242,0.096
212,55511,83.25,148,0.0,0.0,0.0,0.5218,0.2943,0.0,0.0,0,0.0,0.393,0.243,0.096
213,55625,91.89,114,0.0,0.0,0.0,0.4701,0.4617,0.0,0.0,0,0.0,0.393,0.243,0.096
214,55775,102.74,150,0.0,0.0,0.0,0.5028,0.3939,0.0,0.0,0,0.0,0.393,0.243,0.096
215,55903,144.66,128,0.0,0.0,0.0,0.4733,0.4862,0.0,0.0,0,0.0,0.393,0.243,0.097
216,56064,112.43,161,0.0,0.0,0.0,0.4896,0.3333,0.0,0.0,0,0.0,0.393,0.243,0.097
217,56233,102.11,169,0.0,0.0,0.0,0.4787,0.3128,0.0,0.0,0,0.0,0.394,0.244,0.097
218,56401,106.99,168,0.0,0.0,0.0,0.4666,0.4038,0.0,0.0,0,0.0,0.394,0.244,0.097
219,56578,139.3,177,0.0,0.0,0.0,0.5452,0.4152,0.0,0.0,0,0.0,0.394,0.244,0.097
220,56722,88.62,144,0.0,0.0,0.0,0.4514,0.4091,0.0,0.0,0,0.0,0.395,0.245,0.097
221,56855,61.87,133,0.0,0.0,0.0,0.478,0.2338,0.0,0.0,0,0.0,0.395,0.245,0.097
222,57000,77.5,145,0.0,0.0,0.0,0.4934,0.2819,0.0,0.0,0,0.0,0.395,0.245,0.097
223,57173,126.61,173,0.0,0.0,0.0,0.4787,0.4536,0.0,0.0,0,0.0,0.395,0.245,0.098
224,57386,225.23,213,0.0,0.0,0.0,0.5123,0.5834,0.0,0.0,0,0.0,0.396,0.246,0.098
225,57547,128.13,161,0.0,0.0,0.0,0.5791,0.3107,0.0,0.0,0,0.0,0.396,0.246,0.098
226,57597,53.32,50,0.0,0.0,0.0,0.582,0.4222,0.0,0.0,0,0.0,0.396,0.246,0.098
227,57732,64.17,135,0.0,0.0,0.0,0.6352,0.29,0.0,0.0,0,0.0,0.396,0.246,0.098
228,57860,55.71,128,0.0,0.0,0.0,0.5818,0.2049,0.0,0.0,0,0.0,0.396,0.246,0.098
229,57914,65.48,54,0.0,0.0,0.0,0.5981,0.4512,0.0,0.0,0,0.0,0.397,0.247,0.098
230,58036,64.07,122,0.0,0.0,0.0,0.6048,0.233,0.0,0.0,0,0.0,0.397,0.247,0.098
231,58082,50.91,46,0.0,0.0,0.0,0.555,0.4163,0.0,0.0,0,0.0,0.397,0.247,0.098
232,58259,205.26,177,0.0,0.0,0.0,0.4909,0.6588,0.0,0.0,0,0.0,0.397,0.247,0.099
233,58414,123.24,155,0.0,0.0,0.0,0.6226,0.4657,0.0,0.0,0,0.0,0.397,0.247,0.099
234,58631,192.58,217,0.0,0.0,0.0,0.4767,0.4571,0.0,0.0,0,0.0,0.398,0.248,0.099
235,58825,121.99,194,0.0,0.0,0.0,0.4469,0.4386,0.0,0.0,0,0.0,0.398,0.248,0.099
236,59000,117.91,175,0.0,0.0,0.0,0.4491,0.4317,0.0,0.0,0,0.0,0.398,0.248,0.099
237,59172,127.69,172,0.0,0.0,0.0,0.4454,0.3516,0.0,0.0,0,0.0,0.399,0.249,0.099
238,59352,119.13,180,0.0,0.0,0.0,0.5617,0.3673,0.0,0.0,0,0.0,0.399,0.249,0.099
239,59533,140.63,181,0.0,0.0,0.0,0.4765,0.5281,0.0,0.0,0,0.0,0.399,0.249,0.1
240,59731,138.8,198,0.0,0.0,0.0,0.4644,0.3959,0.0,0.0,0,0.0,0.4,0.25,0.1
241,59935,186.14,204,0.0,0.0,0.0,0.384,0.4106,0.0,0.0,0,0.0,0.4,0.25,0.1
242,60109,189.22,174,0.0,0.0,0.0,0.5109,0.6082,0.0,0.0,0,0.0,0.4,0.25,0.1
243,60274,90.41,165,0.0,0.0,0.0,0.4113,0.3795,0.0,0.0,0,0.0,0.4,0.25,0.1
244,60601,301.68,327,0.0,0.0,0.0,0.524,0.5913,0.0,0.0,0,0.0,0.401,0.251,0.101
245,60835,300.91,234,0.0,0.0,0.0,0.4122,0.532,0.0,0.0,0,0.0,0.401,0.251,0.101
246,60984,71.95,149,0.0,0.0,0.0,0.4904,0.2647,0.0,0.0,0,0.0,0.402,0.252,0.101
247,61177,140.65,193,0.0,0.0,0.0,0.4062,0.4031,0.0,0.0,0,0.0,0.402,0.252,0.101
248,61356,119.92,179,0.0,0.0,0.0,0.4409,0.5345,0.0,0.0,0,0.0,0.402,0.252,0.101
249,61561,227.7,205,0.0,0.0,0.0,0.4584,0.6391,0.0,0.0,0,0.0,0.403,0.253,0.101
250,61762,188.53,201,0.0,0.0,0.0,0.3906,0.4613,0.0,0.0,0,0.0,0.403,0.253,0.101
251,61937,86.17,175,0.0,0.0,0.0,0.4166,0.3572,0.0,0.0,0,0.0,0.403,0.253,0.102
252,62147,203.34,210,0.0,0.0,0.0,0.4208,0.4265,0.0,0.0,0,0.0,0.404,0.254,0.102
253,62326,141.58,179,0.0,0.0,0.0,0.4755,0.4598,0.0,0.0,0,0.0,0.404,0.254,0.102
254,62488,101.64,162,0.0,0.0,0.0,0.4252,0.3037,0.0,0.0,0,0.0,0.404,0.254,0.102
255,62648,104.03,160,0.0,0.0,0.0,0.4756,0.3705,0.0,0.0,0,0.0,0.404,0.254,0.102
256,62828,131.26,180,0.0,0.0,0.0,0.4204,0.3916,0.0,0.0,0,0.0,0.405,0.255,0.102
257,63064,254.2,236,0.0,0.0,0.0,0.4105,0.5678,0.0,0.0,0,0.0,0.405,0.255,0.103
258,63116,48.27,52,0.0,0.0,0.0,0.4813,0.2017,0.0,0.0,0,0.0,0.405,0.255,0.103
259,63259,71.28,143,0.0,0.0,0.0,0.4271,0.2202,0.0,0.0,0,0.0,0.405,0.255,0.103
260,63423,121.12,164,0.0,0.0,0.0,0.5166,0.2594,0.0,0.0,0,0.0,0.406,0.256,0.103
261,63573,83.58,150,0.0,0.0,0.0,0.4606,0.2815,0.0,0.0,0,0.0,0.406,0.256,0.103
262,63717,80.94,144,0.0,0.0,0.0,0.4667,0.2443,0.0,0.0,0,0.0,0.406,0.256,0.103
263,63883,107.0,166,0.0,0.0,0.0,0.4608,0.2864,0.0,0.0,0,0.0,0.406,0.256,0.103
264,64019,80.07,136,0.0,0.0,0.0,0.5413,0.1616,0.0,0.0,0,0.0,0.407,0.257,0.103
265,64166,74.72,147,0.0,0.0,0.0,0.5242,0.196,0.0,0.0,0,0.0,0.407,0.257,0.103
266,64319,83.11,153,0.0,0.0,0.0,0.4777,0.2995,0.0,0.0,0,0.0,0.407,0.257,0.104
267,64455,57.34,136,0.0,0.0,0.0,0.5312,0.1618,0.0,0.0,0,0.0,0.407,0.257,0.104
268,64601,98.18,146,0.0,0.0,0.0,0.4477,0.3267,0.0,0.0,0,0.0,0.408,0.258,0.104
269,64759,89.84,158,0.0,0.0,0.0,0.4519,0.2282,0.0,0.0,0,0.0,0.408,0.258,0.104
270,64900,65.06,141,0.0,0.0,0.0,0.4937,0.1893,0.0,0.0,0,0.0,0.408,0.258,0.104
271,65032,45.91,132,0.0,0.0,0.0,0.5628,0.1111,0.0,0.0,0,0.0,0.408,0.258,0.104
272,65184,87.53,152,0.0,0.0,0.0,0.3942,0.2427,0.0,0.0,0,0.0,0.409,0.259,0.104
273,65319,84.5,135,0.0,0.0,0.0,0.5136,0.3021,0.0,0.0,0,0.0,0.409,0.259,0.104
274,65457,58.3,138,0.0,0.0,0.0,0.5608,0.179,0.0,0.0,0,0.0,0.409,0.259,0.105
275,65590,48.16,133,0.0,0.0,0.0,0.4102,0.1186,0.0,0.0,0,0.0,0.409,0.259,0.105
276,65734,70.89,144,0.0,0.0,0.0,0.4655,0.1831,0.0,0.0,0,0.0,0.41,0.26,0.105
277,65873,53.76,139,0.0,0.0,0.0,0.5222,0.1636,0.0,0.0,0,0.0,0.41,0.26,0.105
278,66009,46.41,136,0.0,0.0,0.0,0.435,0.1626,0.0,0.0,0,0.0,0.41,0.26,0.105
279,66149,77.22,140,0.0,0.0,0.0,0.4794,0.2129,0.0,0.0,0,0.0,0.41,0.26,0.105
280,66284,45.07,135,0.0,0.0,0.0,0.483,0.1292,0.0,0.0,0,0.0,0.41,0.26,0.105
281,66431,71.2,147,0.0,0.0,0.0,0.4649,0.1732,0.0,0.0,0,0.0,0.411,0.261,0.105
282,66577,87.09,146,0.0,0.0,0.0,0.4533,0.2281,0.0,0.0,0,0.0,0.411,0.261,0.105
283,66724,62.94,147,0.0,0.0,0.0,0.4472,0.1723,0.0,0.0,0,0.0,0.411,0.261,0.106
284,66862,61.55,138,0.0,0.0,0.0,0.4975,0.1441,0.0,0.0,0,0.0,0.411,0.261,0.106
285,67002,66.45,140,0.0,0.0,0.0,0.5124,0.1964,0.0,0.0,0,0.0,0.412,0.262,0.106
286,67145,61.63,143,0.0,0.0,0.0,0.5156,0.134,0.0,0.0,0,0.0,0.412,0.262,0.106
287,67290,61.29,145,0.0,0.0,0.0,0.4512,0.1427,0.0,0.0,0,0.0,0.412,0.262,0.106
288,67432,66.71,142,0.0,0.0,0.0,0.5263,0.1545,0.0,0.0,0,0.0,0.412,0.262,0.106
289,67568,54.61,136,0.0,0.0,0.0,0.5056,0.1311,0.0,0.0,0,0.0,0.413,0.263,0.106
290,67712,57.5,144,0.0,0.0,0.0,0.52,0.1221,0.0,0.0,0,0.0,0.413,0.263,0.106
291,67850,61.77,138,0.0,0.0,0.0,0.5107,0.1409,0.0,0.0,0,0.0,0.413,0.263,0.107
292,67981,49.8,131,0.0,0.0,0.0,0.5286,0.1158,0.0,0.0,0,0.0,0.413,0.263,0.107
293,68125,78.8,144,0.0,0.0,0.0,0.5261,0.2099,0.0,0.0,0,0.0,0.414,0.264,0.107
294,68259,81.01,134,0.0,0.0,0.0,0.5508,0.1727,0.0,0.0,0,0.0,0.414,0.264,0.107
295,68400,65.09,141,0.0,0.0,0.0,0.5417,0.1928,0.0,0.0,0,0.0,0.414,0.264,0.107
296,68558,104.48,158,0.0,0.0,0.0,0.4595,0.2821,0.0,0.0,0,0.0,0.414,0.264,0.107
297,68727,121.28,169,0.0,0.0,0.0,0.4941,0.4585,0.0,0.0,0,0.0,0.415,0.265,0.107
298,68884,102.44,157,0.0,0.0,0.0,0.4426,0.3068,0.0,0.0,0,0.0,0.415,0.265,0.107
299,69037,73.77,153,0.0,0.0,0.0,0.5008,0.218,0.0,0.0,0,0.0,0.415,0.265,0.108
300,69201,105.36,164,0.0,0.0,0.0,0.5003,0.2941,0.0,0.0,0,0.0,0.415,0.265,0.108
301,69377,99.39,176,0.0,0.0,0.0,0.4275,0.3429,0.0,0.0,0,0.0,0.416,0.266,0.108
302,69539,92.72,162,0.0,0.0,0.0,0.4164,0.3006,0.0,0.0,0,0.0,0.416,0.266,0.108
303,69676,67.72,137,0.0,0.0,0.0,0.4715,0.1848,0.0,0.0,0,0.0,0.416,0.266,0.108
304,69835,89.0,159,0.0,0.0,0.0,0.4492,0.2747,0.0,0.0,0,0.0,0.416,0.266,0.108
305,69997,91.79,162,0.0,0.0,0.0,0.4418,0.3212,0.0,0.0,0,0.0,0.417,0.267,0.108
306,70155,99.82,158,0.0,0.0,0.0,0.49,0.2872,0.0,0.0,0,0.0,0.417,0.267,0.108
307,70283,83.52,128,0.0,0.0,0.0,0.5418,0.3591,0.0,0.0,0,0.0,0.417,0.267,0.109
308,70415,82.32,132,0.0,0.0,0.0,0.5813,0.3398,0.0,0.0,0,0.0,0.417,0.267,0.109
309,70578,88.89,163,0.0,0.0,0.0,0.4596,0.3328,0.0,0.0,0,0.0,0.418,0.268,0.109
310,70698,87.11,120,0.0,0.0,0.0,0.5976,0.341,0.0,0.0,0,0.0,0.418,0.268,0.109
311,70818,77.09,120,0.0,0.0,0.0,0.511,0.3094,0.0,0.0,0,0.0,0.418,0.268,0.109
312,70946,79.81,128,0.0,0.0,0.0,0.6068,0.3652,0.0,0.0,0,0.0,0.418,0.268,0.109
313,71077,94.55,131,0.0,0.0,0.0,0.5046,0.3274,0.0,0.0,0,0.0,0.418,0.268,0.109
314,71219,106.14,142,0.0,0.0,0.0,0.4647,0.4267,0.0,0.0,0,0.0,0.419,0.269,0.109
315,71368,115.93,149,0.0,0.0,0.0,0.5269,0.4124,0.0,0.0,0,0.0,0.419,0.269,0.109
316,71524,120.28,156,0.0,0.0,0.0,0.4444,0.4024,0.0,0.0,0,0.0,0.419,0.269,0.11
317,71652,86.38,128,0.0,0.0,0.0,0.4449,0.3191,0.0,0.0,0,0.0,0.419,0.269,0.11
318,71803,88.18,151,0.0,0.0,0.0,0.426,0.3399,0.0,0.0,0,0.0,0.42,0.27,0.11
319,71947,94.07,144,0.0,0.0,0.0,0.4398,0.3605,0.0,0.0,0,0.0,0.42,0.27,0.11
320,72090,100.4,143,0.0,0.0,0.0,0.4254,0.3896,0.0,0.0,0,0.0,0.42,0.27,0.11
321,72236,90.34,146,0.0,0.0,0.0,0.4394,0.3356,0.0,0.0,0,0.0,0.42,0.27,0.11
322,72370,97.2,134,0.0,0.0,0.0,0.4492,0.3619,0.0,0.0,0,0.0,0.421,0.271,0.11
323,72514,92.34,144,0.0,0.0,0.0,0.4716,0.33,0.0,0.0,0,0.0,0.421,0.271,0.11
324,72711,120.7,197,0.0,0.0,0.0,0.4548,0.3833,0.0,0.0,0,0.0,0.421,0.271,0.111
325,72863,141.41,152,0.0,0.0,0.0,0.5527,0.4561,0.0,0.0,0,0.0,0.421,0.271,0.111
326,73008,102.99,145,0.0,0.0,0.0,0.4867,0.379,0.0,0.0,0,0.0,0.422,0.272,0.111
327,73158,111.09,150,0.0,0.0,0.0,0.4523,0.4446,0.0,0.0,0,0.0,0.422,0.272,0.111
328,73311,104.95,153,0.0,0.0,0.0,0.4854,0.4078,0.0,0.0,0,0.0,0.422,0.272,0.111
329,73473,130.19,162,0.0,0.0,0.0,0.4473,0.3693,0.0,0.0,0,0.0,0.422,0.272,0.111
330,73674,139.33,201,0.0,0.0,0.0,0.4149,0.3859,0.0,0.0,0,0.0,0.423,0.273,0.111
331,73832,118.68,158,0.0,0.0,0.0,0.4021,0.4462,0.0,0.0,0,0.0,0.423,0.273,0.112
332,73996,146.9,164,0.0,0.0,0.0,0.3944,0.545,0.0,0.0,0,0.0,0.423,0.273,0.112
333,74157,124.08,161,0.0,0.0,0.0,0.4137,0.4791,0.0,0.0,0,0.0,0.424,0.274,0.112
334,74351,99.06,194,0.0,0.0,0.0,0.4156,0.2687,0.0,0.0,0,0.0,0.424,0.274,0.112
335,74529,180.81,178,0.0,0.0,0.0,0.4261,0.554,0.0,0.0,0,0.0,0.424,0.274,0.112
336,74695,166.93,166,0.0,0.0,0.0,0.3912,0.5468,0.0,0.0,0,0.0,0.424,0.274,0.112
337,74852,121.11,157,0.0,0.0,0.0,0.4494,0.4428,0.0,0.0,0,0.0,0.425,0.275,0.112
338,75049,162.72,197,0.0,0.0,0.0,0.4267,0.4967,0.0,0.0,0,0.0,0.425,0.275,0.113
339,75228,205.68,179,0.0,0.0,0.0,0.3982,0.566,0.0,0.0,0,0.0,0.425,0.275,0.113
340,75409,206.07,181,0.0,0.0,0.0,0.4287,0.607,0.0,0.0,0,0.0,0.426,0.276,0.113
341,75567,144.99,158,0.0,0.0,0.0,0.3794,0.5573,0.0,0.0,0,0.0,0.426,0.276,0.113
342,75712,134.05,145,0.0,0.0,0.0,0.3927,0.457,0.0,0.0,0,0.0,0.426,0.276,0.113
343,75869,143.8,157,0.0,0.0,0.0,0.4153,0.5111,0.0,0.0,0,0.0,0.426,0.276,0.113
344,76044,175.74,175,0.0,0.0,0.0,0.4096,0.5333,0.0,0.0,0,0.0,0.427,0.277,0.113
345,76216,182.72,172,0.0,0.0,0.0,0.3819,0.6083,0.0,0.0,0,0.0,0.427,0.277,0.114
346,76383,146.42,167,0.0,0.0,0.0,0.4577,0.5386,0.0,0.0,0,0.0,0.427,0.277,0.114
347,76586,215.47,203,0.0,0.0,0.0,0.3984,0.6966,0.0,0.0,0,0.0,0.428,0.278,0.114
348,76795,235.6,209,0.0,0.0,0.0,0.3983,0.683,0.0,0.0,0,0.0,0.428,0.278,0.114
349,76979,156.03,184,0.0,0.0,0.0,0.4127,0.5462,0.0,0.0,0,0.0,0.428,0.278,0.114
350,77156,165.81,177,0.0,0.0,0.0,0.3839,0.5379,0.0,0.0,0,0.0,0.429,0.279,0.114
351,77340,210.18,184,0.0,0.0,0.0,0.3953,0.5838,0.0,0.0,0,0.0,0.429,0.279,0.114
352,77543,216.51,203,0.0,0.0,0.0,0.3729,0.6357,0.0,0.0,0,0.0,0.429,0.279,0.115
353,77716,178.05,173,0.0,0.0,0.0,0.4517,0.5461,0.0,0.0,0,0.0,0.43,0.28,0.115
354,77959,273.49,243,0.0,0.0,0.0,0.3994,0.6455,0.0,0.0,0,0.0,0.43,0.28,0.115
355,78163,175.22,204,0.0,0.0,0.0,0.4333,0.4232,0.0,0.0,0,0.0,0.43,0.28,0.115
356,78364,206.06,201,0.0,0.0,0.0,0.4315,0.644,0.0,0.0,0,0.0,0.431,0.281,0.115
357,78545,175.81,181,0.0,0.0,0.0,0.45,0.6349,0.0,0.0,0,0.0,0.431,0.281,0.115
358,78764,224.01,219,0.0,0.0,0.0,0.428,0.6247,0.0,0.0,0,0.0,0.431,0.281,0.116
359,78954,180.26,190,0.0,0.0,0.0,0.4297,0.6237,0.0,0.0,0,0.0,0.432,0.282,0.116
360,79089,171.35,135,0.0,0.0,0.0,0.4208,0.6316,0.0,0.0,0,0.0,0.432,0.282,0.116
361,79281,182.6,192,0.0,0.0,0.0,0.4197,0.5292,0.0,0.0,0,0.0,0.432,0.282,0.116
362,79412,188.16,131,0.0,0.0,0.0,0.4144,0.6556,0.0,0.0,0,0.0,0.432,0.282,0.116
363,79534,136.04,122,0.0,0.0,0.0,0.5722,0.6463,0.0,0.0,0,0.0,0.433,0.283,0.116
364,79738,210.09,204,0.0,0.0,0.0,0.3742,0.5741,0.0,0.0,0,0.0,0.433,0.283,0.116
365,79938,220.76,200,0.0,0.0,0.0,0.3957,0.6807,0.0,0.0,0,0.0,0.433,0.283,0.117
366,80138,219.48,200,0.0,0.0,0.0,0.4193,0.5256,0.0,0.0,0,0.0,0.434,0.284,0.117
367,80402,223.78,264,0.0,0.0,0.0,0.5566,0.3888,0.0,0.0,0,0.0,0.434,0.284,0.117
368,80596,197.34,194,0.0,0.0,0.0,0.4095,0.6739,0.0,0.0,0,0.0,0.434,0.284,0.117
369,80711,163.41,115,0.0,0.0,0.0,0.4714,0.6012,0.0,0.0,0,0.0,0.435,0.285,0.117
370,80925,221.28,214,0.0,0.0,0.0,0.4488,0.514,0.0,0.0,0,0.0,0.435,0.285,0.117
371,81145,199.96,220,0.0,0.0,0.0,0.4513,0.6035,0.0,0.0,0,0.0,0.435,0.285,0.118
372,81353,224.35,208,0.0,0.0,0.0,0.4004,0.5674,0.0,0.0,0,0.0,0.436,0.286,0.118
373,81526,165.92,173,0.0,0.0,0.0,0.4901,0.508,0.0,0.0,0,0.0,0.436,0.286,0.118
374,81705,226.14,179,0.0,0.0,0.0,0.4665,0.5278,0.0,0.0,0,0.0,0.436,0.286,0.118
375,81900,229.38,195,0.0,0.0,0.0,0.4622,0.6291,0.0,0.0,0,0.0,0.436,0.286,0.118
376,82121,235.19,221,0.0,0.0,0.0,0.4077,0.5814,0.0,0.0,0,0.0,0.437,0.287,0.118
377,82355,210.14,234,0.0,0.0,0.0,0.425,0.4923,0.0,0.0,0,0.0,0.437,0.287,0.119
378,82561,209.16,206,0.0,0.0,0.0,0.4367,0.5933,0.0,0.0,0,0.0,0.438,0.288,0.119
379,82749,237.59,188,0.0,0.0,0.0,0.4468,0.606,0.0,0.0,0,0.0,0.438,0.288,0.119
380,82961,226.55,212,0.0,0.0,0.0,0.3811,0.6643,0.0,0.0,0,0.0,0.438,0.288,0.119
381,83156,170.37,195,0.0,0.0,0.0,0.4659,0.5948,0.0,0.0,0,0.0,0.439,0.289,0.119
382,83383,235.28,227,0.0,0.0,0.0,0.4267,0.6458,0.0,0.0,0,0.0,0.439,0.289,0.119
383,83589,178.21,206,0.0,0.0,0.0,0.4548,0.5767,0.0,0.0,0,0.0,0.439,0.289,0.12
384,83796,193.06,207,0.0,0.0,0.0,0.4371,0.6891,0.0,0.0,0,0.0,0.44,0.29,0.12
385,83988,237.44,192,0.0,0.0,0.0,0.4472,0.7693,0.0,0.0,0,0.0,0.44,0.29,0.12
386,84183,175.0,195,0.0,0.0,0.0,0.5012,0.5191,0.0,0.0,0,0.0,0.44,0.29,0.12
387,84393,216.53,210,0.0,0.0,0.0,0.3712,0.6964,0.0,0.0,0,0.0,0.441,0.291,0.12
388,84705,486.87,312,0.0,0.0,0.0,0.4492,0.703,0.0,0.0,0,0.0,0.441,0.291,0.121
389,84894,212.96,189,0.0,0.0,0.0,0.4552,0.7274,0.0,0.0,0,0.0,0.441,0.291,0.121
390,85097,183.4,203,0.0,0.0,0.0,0.475,0.5526,0.0,0.0,0,0.0,0.442,0.292,0.121
391,85271,158.85,174,0.0,0.0,0.0,0.5136,0.5817,0.0,0.0,0,0.0,0.442,0.292,0.121
392,85462,201.23,191,0.0,0.0,0.0,0.4432,0.6445,0.0,0.0,0,0.0,0.442,0.292,0.121
393,85724,321.39,262,0.0,0.0,0.0,0.4323,0.7706,0.0,0.0,0,0.0,0.443,0.293,0.121
394,85960,267.79,236,0.0,0.0,0.0,0.4014,0.6441,0.0,0.0,0,0.0,0.443,0.293,0.122
395,86162,189.78,202,0.0,0.0,0.0,0.4276,0.6506,0.0,0.0,0,0.0,0.444,0.294,0.122
396,86384,227.15,222,0.0,0.0,0.0,0.3845,0.6315,0.0,0.0,0,0.0,0.444,0.294,0.122
397,86637,270.58,253,0.0,0.0,0.0,0.3778,0.6765,0.0,0.0,0,0.0,0.444,0.294,0.122
398,86819,144.57,182,0.0,0.0,0.0,0.4724,0.5005,0.0,0.0,0,0.0,0.445,0.295,0.122
399,87037,172.89,218,0.0,0.0,0.0,0.4506,0.3769,0.0,0.0,0,0.0,0.445,0.295,0.123
400,87240,217.41,203,0.0,0.0,0.0,0.4868,0.7196,0.0,0.0,0,0.0,0.445,0.295,0.123
401,87413,198.32,173,0.0,0.0,0.0,0.563,0.7175,0.0,0.0,0,0.0,0.446,0.296,0.123
402,87704,289.08,291,0.0,0.0,0.0,0.3934,0.6104,0.0,0.0,0,0.0,0.446,0.296,0.123
403,87912,227.79,208,0.0,0.0,0.0,0.4784,0.7616,0.0,0.0,0,0.0,0.447,0.297,0.123
404,88174,273.59,262,0.0,0.0,0.0,0.4591,0.6124,0.0,0.0,0,0.0,0.447,0.297,0.123
405,88392,250.33,218,0.0,0.0,0.0,0.4624,0.7236,0.0,0.0,0,0.0,0.447,0.297,0.124
406,88601,178.75,209,0.0,0.0,0.0,0.4314,0.6168,0.0,0.0,0,0.0,0.448,0.298,0.124
407,88828,218.78,227,0.0,0.0,0.0,0.456,0.5161,0.0,0.0,0,0.0,0.448,0.298,0.124
408,89186,365.8,358,0.0,0.0,0.0,0.4204,0.5535,0.0,0.0,0,0.0,0.449,0.299,0.124
409,89447,320.82,261,0.0,0.0,0.0,0.4764,0.7109,0.0,0.0,0,0.0,0.449,0.299,0.125
410,89611,143.69,164,0.0,0.0,0.0,0.5032,0.4339,0.0,0.0,0,0.0,0.449,0.299,0.125
411,89850,276.02,239,0.0,0.0,0.0,0.4293,0.5569,0.0,0.0,0,0.0,0.45,0.3,0.125
412,90157,288.59,307,0.0,0.0,0.0,0.4743,0.4851,0.0,0.0,0,0.0,0.45,0.3,0.125
413,90459,172.53,302,0.0,0.0,0.0,0.4581,0.3399,0.0,0.0,0,0.0,0.451,0.301,0.125
414,90684,192.38,225,0.0,0.0,0.0,0.4173,0.4192,0.0,0.0,0,0.0,0.451,0.301,0.126
415,91069,300.88,385,0.0,0.0,0.0,0.5531,0.4554,0.0,0.0,0,0.0,0.452,0.302,0.126
416,91250,202.53,181,0.0,0.0,0.0,0.4228,0.6259,0.0,0.0,0,0.0,0.452,0.302,0.126
417,91490,303.14,240,0.0,0.0,0.0,0.4279,0.6241,0.0,0.0,0,0.0,0.452,0.302,0.126
418,91776,363.09,286,0.0,0.0,0.0,0.4266,0.6952,0.0,0.0,0,0.0,0.453,0.303,0.126
419,91981,217.71,205,0.0,0.0,0.0,0.4648,0.515,0.0,0.0,0,0.0,0.453,0.303,0.127
420,92241,365.06,260,0.0,0.0,0.0,0.4218,0.549,0.0,0.0,0,0.0,0.454,0.304,0.127
421,92501,251.25,260,0.0,0.0,0.0,0.4083,0.512,0.0,0.0,0,0.0,0.454,0.304,0.127
422,92810,438.53,309,0.0,0.0,0.0,0.4366,0.6822,0.0,0.0,0,0.0,0.455,0.305,0.127
423,93193,565.94,383,0.0,0.0,0.0,0.4313,0.6967,0.0,0.0,0,0.0,0.455,0.305,0.128
424,93575,608.41,382,0.0,0.0,0.0,0.4578,0.7,0.0,0.0,0,0.0,0.456,0.306,0.128
425,93789,229.21,214,0.0,0.0,0.0,0.4213,0.5359,0.0,0.0,0,0.0,0.456,0.306,0.128
426,94035,300.24,246,0.0,0.0,0.0,0.4038,0.5438,0.0,0.0,0,0.0,0.457,0.307,0.128
427,94304,326.71,269,0.0,0.0,0.0,0.3677,0.5386,0.0,0.0,0,0.0,0.457,0.307,0.129
428,94567,285.95,263,0.0,0.0,0.0,0.3989,0.4668,0.0,0.0,0,0.0,0.458,0.308,0.129
429,94821,275.65,254,0.0,0.0,0.0,0.3842,0.4804,0.0,0.0,0,0.0,0.458,0.308,0.129
430,95045,225.3,224,0.0,0.0,0.0,0.4744,0.5278,0.0,0.0,0,0.0,0.458,0.308,0.129
431,95235,154.57,190,0.0,0.0,0.0,0.4906,0.507,0.0,0.0,0,0.0,0.459,0.309,0.129
432,95518,394.48,283,0.0,0.0,0.0,0.4912,0.7068,0.0,0.0,0,0.0,0.459,0.309,0.13
433,95858,388.5,340,0.0,0.0,0.0,0.4741,0.6968,0.0,0.0,0,0.0,0.46,0.31,0.13
434,96068,237.28,210,0.0,0.0,0.0,0.4903,0.4731,0.0,0.0,0,0.0,0.46,0.31,0.13
435,96282,234.48,214,0.0,0.0,0.0,0.435,0.5172,0.0,0.0,0,0.0,0.46,0.31,0.13
436,96489,243.24,207,0.0,0.0,0.0,0.4772,0.6162,0.0,0.0,0,0.0,0.461,0.311,0.13
437,96746,232.68,257,0.0,0.0,0.0,0.3558,0.4322,0.0,0.0,0,0.0,0.461,0.311,0.131
438,96984,272.75,238,0.0,0.0,0.0,0.4833,0.5941,0.0,0.0,0,0.0,0.462,0.312,0.131
439,97268,277.52,284,0.0,0.0,0.0,0.3951,0.5149,0.0,0.0,0,0.0,0.462,0.312,0.131
440,97489,235.11,221,0.0,0.0,0.0,0.4164,0.5106,0.0,0.0,0,0.0,0.462,0.312,0.131
441,97713,245.88,224,0.0,0.0,0.0,0.4271,0.4355,0.0,0.0,0,0.0,0.463,0.313,0.131
442,97884,113.91,171,0.0,0.0,0.0,0.5107,0.3811,0.0,0.0,0,0.0,0.463,0.313,0.132
443,98085,159.88,201,0.0,0.0,0.0,0.4878,0.4563,0.0,0.0,0,0.0,0.463,0.313,0.132
444,98392,303.79,307,0.0,0.0,0.0,0.4139,0.565,0.0,0.0,0,0.0,0.464,0.314,0.132
445,98600,225.49,208,0.0,0.0,0.0,0.4549,0.5545,0.0,0.0,0,0.0,0.464,0.314,0.132
446,98871,288.16,271,0.0,0.0,0.0,0.4169,0.6362,0.0,0.0,0,0.0,0.465,0.315,0.132
447,99145,253.15,274,0.0,0.0,0.0,0.4863,0.4632,0.0,0.0,0,0.0,0.465,0.315,0.133
448,99468,370.8,323,0.0,0.0,0.0,0.3925,0.648,0.0,0.0,0,0.0,0.466,0.316,0.133
449,99727,322.14,259,0.0,0.0,0.0,0.3965,0.6295,0.0,0.0,0,0.0,0.466,0.316,0.133
450,99915,163.18,188,0.0,0.0,0.0,0.4581,0.4652,0.0,0.0,0,0.0,0.467,0.317,0.133
451,100151,232.9,236,0.0,0.0,0.0,0.4529,0.4595,0.0,0.0,0,0.0,0.467,0.317,0.133
452,100368,186.8,217,0.0,0.0,0.0,0.4723,0.5002,0.0,0.0,0,0.0,0.467,0.317,0.134
453,101079,1344.41,711,0.0,0.0,0.0,0.3977,0.788,0.0,0.0,0,0.0,0.468,0.318,0.134
454,101463,482.06,384,0.0,0.0,0.0,0.4516,0.6852,0.0,0.0,0,0.0,0.469,0.319,0.135
455,101753,312.82,290,0.0,0.0,0.0,0.4642,0.6661,0.0,0.0,0,0.0,0.47,0.32,0.135
456,102196,750.96,443,0.0,0.0,0.0,0.4082,0.7098,0.0,0.0,0,0.0,0.47,0.32,0.135
457,102597,615.51,401,0.0,0.0,0.0,0.4525,0.7184,0.0,0.0,0,0.0,0.471,0.321,0.135
458,102832,311.31,235,0.0,0.0,0.0,0.4506,0.7116,0.0,0.0,0,0.0,0.471,0.321,0.136
459,103064,284.08,232,0.0,0.0,0.0,0.432,0.572,0.0,0.0,0,0.0,0.472,0.322,0.136
460,103383,437.35,319,0.0,0.0,0.0,0.4763,0.6695,0.0,0.0,0,0.0,0.472,0.322,0.136
461,103748,664.88,365,0.0,0.0,0.0,0.3912,0.7595,0.0,0.0,0,0.0,0.473,0.323,0.136
462,104174,854.43,426,0.0,0.0,0.0,0.3947,0.7901,0.0,0.0,0,0.0,0.474,0.324,0.137
463,104472,492.64,298,0.0,0.0,0.0,0.4141,0.7039,0.0,0.0,0,0.0,0.474,0.324,0.137
464,105024,1142.64,552,0.0,0.0,0.0,0.3204,0.8163,0.0,0.0,0,0.0,0.475,0.325,0.138
465,105626,1154.32,602,0.0,0.0,0.0,0.3894,0.7679,0.0,0.0,0,0.0,0.476,0.326,0.138
466,106930,2721.49,1304,0.0,0.0,0.0,0.3764,0.8294,0.0,0.0,0,0.0,0.478,0.328,0.139
467,107457,1053.28,527,0.0,0.0,0.0,0.3788,0.8441,0.0,0.0,0,0.0,0.479,0.329,0.14
468,107832,585.13,375,0.0,0.0,0.0,0.3868,0.7645,0.0,0.0,0,0.0,0.48,0.33,0.14
469,108163,457.89,331,0.0,0.0,0.0,0.4005,0.7411,0.0,0.0,0,0.0,0.48,0.33,0.14
470,109194,2194.2,1031,0.0,0.0,0.0,0.3817,0.8233,0.0,0.0,0,0.0,0.482,0.332,0.141
471,109836,1287.91,642,0.0,0.0,0.0,0.3417,0.8326,0.0,0.0,0,0.0,0.483,0.333,0.142
472,110308,873.37,472,0.0,0.0,0.0,0.4112,0.7642,0.0,0.0,0,0.0,0.484,0.334,0.142
473,110980,1266.4,672,0.0,0.0,0.0,0.3684,0.869,0.0,0.0,0,0.0,0.485,0.335,0.142
474,111318,472.76,338,0.0,0.0,0.0,0.4201,0.7923,0.0,0.0,0,0.0,0.486,0.336,0.143
475,111780,858.96,462,0.0,0.0,0.0,0.3383,0.8539,0.0,0.0,0,0.0,0.486,0.336,0.143
476,112199,717.37,419,0.0,0.0,0.0,0.3456,0.8666,0.0,0.0,0,0.0,0.487,0.337,0.143
477,113118,2014.17,919,0.0,0.0,0.0,0.3552,0.8916,0.0,0.0,0,0.0,0.489,0.339,0.144
478,113728,1052.04,610,0.0,0.0,0.0,0.3937,0.802,0.0,0.0,0,0.0,0.49,0.34,0.145
479,114199,832.06,471,0.0,0.0,0.0,0.3755,0.7723,0.0,0.0,0,0.0,0.49,0.34,0.145
480,115162,1847.3,963,0.0,0.0,0.0,0.3745,0.8086,0.0,0.0,0,0.0,0.492,0.342,0.146
481,115714,942.39,552,0.0,0.0,0.0,0.3901,0.7392,0.0,0.0,0,0.0,0.493,0.343,0.146
482,116347,1093.86,633,0.0,0.0,0.0,0.3533,0.7174,0.0,0.0,0,0.0,0.494,0.344,0.147
483,116945,1244.84,598,0.0,0.0,0.0,0.3516,0.8176,0.0,0.0,0,0.0,0.495,0.345,0.147
484,118566,3539.28,1621,0.0,0.0,0.0,0.361,0.8534,0.0,0.0,0,0.0,0.498,0.348,0.149
485,119371,1718.46,805,0.0,0.0,0.0,0.3201,0.8635,0.0,0.0,0,0.0,0.499,0.349,0.149
486,120371,1344.87,1000,0.0,0.0,0.0,0.356,0.8396,0.0,0.0,A,0.1,0.2,0.1,0.05
487,121183,1399.02,812,71.6,0.5437,0.1523,0.3478,0.8439,0.6967,0.4696,A,0.101,0.2,0.1,0.05
488,121418,244.27,235,31.1,0.2958,0.2132,0.436,0.8023,0.734,0.2259,A,0.101,0.2,0.1,0.05
489,122052,1080.99,634,80.4,0.6134,0.1086,0.4139,0.7612,0.7535,0.3857,A,0.101,0.201,0.1,0.05
490,122463,425.62,411,49.6,0.6774,0.1308,0.4493,0.746,0.5406,0.2658,A,0.102,0.201,0.1,0.05
491,122676,246.52,213,36.2,0.2691,0.2201,0.5342,0.6349,0.9322,0.2667,A,0.102,0.201,0.1,0.05
492,123054,347.33,378,42.3,0.538,0.1023,0.4324,0.8208,0.5175,0.1742,A,0.102,0.201,0.101,0.05
493,123462,769.71,408,74.5,0.5948,0.1456,0.3989,0.7564,0.9069,0.4894,A,0.102,0.201,0.101,0.05
494,123968,600.43,506,36.4,0.3797,0.1737,0.4501,0.8056,0.7844,0.2392,A,0.103,0.201,0.101,0.05
495,124255,402.8,287,47.4,0.4316,0.2273,0.4167,0.8554,0.6748,0.4289,A,0.103,0.201,0.101,0.05
496,124487,361.94,232,38.4,0.2217,0.2217,0.4836,0.7826,1.13,0.2978,A,0.103,0.201,0.101,0.05
497,124790,383.97,303,47.9,0.5198,0.1862,0.4632,0.8778,0.5684,0.3704,A,0.103,0.202,0.101,0.05
498,125092,452.11,302,51.3,0.449,0.178,0.4279,0.7592,0.8795,0.3748,A,0.103,0.202,0.101,0.05
499,125723,553.58,631,38.0,0.5114,0.1692,0.4515,0.6395,0.5877,0.2779,A,0.104,0.202,0.101,0.05
500,126173,304.22,450,38.9,0.591,0.1535,0.4589,0.6233,0.4526,0.2284,A,0.104,0.202,0.101,0.05
501,126776,713.37,603,49.8,0.5496,0.1668,0.3631,0.8772,0.454,0.3682,A,0.105,0.202,0.101,0.05
502,127141,474.09,365,58.6,0.6004,0.149,0.4404,0.6718,0.7067,0.3553,A,0.105,0.202,0.101,0.05
503,127417,429.15,276,58.3,0.4908,0.1667,0.417,0.7069,0.8641,0.4304,A,0.105,0.202,0.101,0.05
504,127970,732.72,553,59.7,0.5788,0.1136,0.3978,0.7741,0.6535,0.3082,A,0.105,0.203,0.101,0.05
505,128430,696.15,460,57.8,0.5113,0.1331,0.3708,0.7392,0.8721,0.3367,A,0.106,0.203,0.101,0.05
506,128987,420.59,557,27.6,0.4051,0.2202,0.4542,0.718,0.5347,0.2413,A,0.106,0.203,0.101,0.05
507,129474,680.63,487,64.1,0.6429,0.1119,0.4276,0.6947,0.75,0.3226,A,0.106,0.203,0.102,0.05
508,129761,531.78,287,73.2,0.5686,0.1618,0.3685,0.7014,0.9246,0.523,A,0.107,0.203,0.102,0.05
509,130376,744.54,615,63.4,0.6824,0.1003,0.4257,0.7836,0.514,0.2844,A,0.107,0.203,0.102,0.05
510,130878,668.07,502,52.4,0.5346,0.1332,0.3926,0.7317,0.7841,0.3036,A,0.107,0.204,0.102,0.05
511,131424,766.93,546,57.5,0.5674,0.1377,0.4449,0.7259,0.7859,0.3264,A,0.108,0.204,0.102,0.05
512,131795,508.76,371,56.6,0.5452,0.186,0.44,0.6252,0.749,0.4535,A,0.108,0.204,0.102,0.05
513,132175,367.22,380,47.1,0.5769,0.1803,0.4474,0.6335,0.5215,0.3594,A,0.108,0.204,0.102,0.05
514,132593,258.94,418,27.8,0.5019,0.1966,0.435,0.6845,0.4564,0.2228,A,0.108,0.204,0.102,0.05
515,132927,486.35,334,56.0,0.4923,0.1583,0.469,0.5474,0.9789,0.3926,A,0.109,0.204,0.102,0.05
516,133501,513.49,574,35.0,0.4749,0.1523,0.3974,0.6864,0.639,0.2299,A,0.109,0.205,0.102,0.05
517,134028,432.63,527,43.3,0.6265,0.157,0.4311,0.7168,0.3997,0.284,A,0.109,0.205,0.102,0.05
518,134349,421.35,321,58.6,0.5905,0.1802,0.3921,0.7861,0.518,0.4505,A,0.11,0.205,0.102,0.05
519,134702,550.36,353,70.3,0.5899,0.1235,0.3564,0.7415,0.7442,0.3848,A,0.11,0.205,0.102,0.05
520,135093,452.48,391,50.9,0.5926,0.1513,0.4632,0.6893,0.6548,0.3273,A,0.11,0.205,0.103,0.05
521,135792,603.07,699,44.6,0.6004,0.1134,0.4391,0.753,0.4556,0.2152,A,0.111,0.205,0.103,0.05
522,136323,575.27,531,53.1,0.6018,0.1438,0.3939,0.7944,0.4377,0.3317,A,0.111,0.205,0.103,0.05
523,136803,346.04,480,46.7,0.6866,0.1565,0.4351,0.6999,0.2559,0.3157,A,0.111,0.206,0.103,0.05
524,137310,686.66,507,60.6,0.5584,0.1611,0.3971,0.7087,0.6472,0.4076,A,0.112,0.206,0.103,0.05
525,137644,565.37,334,71.0,0.5674,0.1366,0.4205,0.7338,0.8509,0.4211,A,0.112,0.206,0.103,0.05
526,138145,654.42,501,55.3,0.6325,0.1564,0.4216,0.7822,0.6477,0.3405,A,0.112,0.206,0.103,0.05
527,138401,447.46,256,77.3,0.6561,0.1678,0.3201,0.8222,0.6374,0.5499,A,0.112,0.206,0.103,0.05
528,138937,918.2,536,64.2,0.551,0.1797,0.3569,0.7545,0.8347,0.497,A,0.113,0.206,0.103,0.05
529,139348,453.02,411,43.1,0.4948,0.1676,0.4045,0.7026,0.6749,0.3154,A,0.113,0.206,0.103,0.05
530,139764,763.8,416,66.3,0.5435,0.1293,0.3281,0.8135,0.9981,0.3755,A,0.113,0.207,0.103,0.05
531,140202,717.54,438,53.4,0.4118,0.1826,0.3835,0.7182,1.0026,0.4025,A,0.113,0.207,0.103,0.05
532,140413,518.14,211,81.0,0.4745,0.234,0.3156,0.7435,1.24,0.7052,A,0.114,0.207,0.103,0.05
533,140897,882.37,484,66.7,0.547,0.1394,0.3362,0.7957,0.9878,0.3815,A,0.114,0.207,0.103,0.05
534,142059,591.19,1162,28.3,0.6867,0.1403,0.3439,0.8179,0.24,0.1723,A,0.115,0.207,0.104,0.05
535,142383,568.31,324,67.6,0.5752,0.1405,0.3851,0.78,0.9094,0.4132,A,0.115,0.207,0.104,0.05
536,142972,971.64,589,64.2,0.5375,0.132,0.3251,0.7828,0.8846,0.3409,A,0.115,0.208,0.104,0.05
537,143973,552.86,1001,20.1,0.4126,0.2164,0.3141,0.8117,0.3683,0.1804,A,0.116,0.208,0.104,0.05
538,144568,640.97,595,42.0,0.5281,0.1694,0.3962,0.7559,0.6179,0.2889,A,0.116,0.208,0.104,0.05
539,145333,741.62,765,38.8,0.5433,0.1808,0.3847,0.7666,0.5313,0.2901,A,0.117,0.208,0.104,0.05
540,146081,391.47,748,26.1,0.5722,0.1473,0.396,0.8216,0.2963,0.1545,A,0.117,0.209,0.104,0.05
541,147124,431.42,1043,16.9,0.3885,0.2097,0.3507,0.7945,0.3257,0.1333,A,0.118,0.209,0.105,0.05
542,147803,758.5,679,35.9,0.4027,0.1803,0.3929,0.7932,0.7302,0.2444,A,0.119,0.209,0.105,0.05
543,149000,1153.68,1197,32.0,0.5087,0.1505,0.3483,0.8935,0.5433,0.2121,A,0.119,0.21,0.105,0.05
544,149725,448.34,725,29.9,0.6574,0.1897,0.3723,0.8639,0.235,0.2326,A,0.12,0.21,0.105,0.05
545,150462,437.9,737,27.8,0.5814,0.1803,0.4222,0.7553,0.3591,0.2146,A,0.12,0.21,0.105,0.05
546,151122,904.0,660,55.2,0.6318,0.1828,0.3105,0.8899,0.5115,0.4294,A,0.121,0.21,0.105,0.05
547,152040,1699.53,918,81.4,0.6307,0.1267,0.2833,0.872,0.7075,0.46,A,0.121,0.211,0.105,0.05
548,152605,785.82,565,71.3,0.6887,0.1263,0.3285,0.871,0.4051,0.4105,A,0.122,0.211,0.105,0.05
549,153258,866.18,653,55.4,0.6063,0.1595,0.334,0.7861,0.6109,0.3836,A,0.122,0.211,0.106,0.05
550,154655,990.84,1397,45.0,0.7664,0.1139,0.4021,0.7427,0.3088,0.2099,A,0.123,0.212,0.106,0.05
551,155401,1982.43,746,81.2,0.4538,0.1775,0.3016,0.8956,1.3405,0.6151,A,0.124,0.212,0.106,0.05
552,156058,488.8,657,35.6,0.6298,0.1806,0.3365,0.8365,0.2911,0.2742,A,0.124,0.212,0.106,0.05
553,156729,1339.89,671,69.7,0.5178,0.157,0.3323,0.8928,0.9333,0.4787,A,0.124,0.212,0.106,0.05
554,157337,1317.03,608,71.1,0.5296,0.1754,0.3385,0.9002,1.0261,0.5426,A,0.125,0.212,0.106,0.05
555,158132,1358.57,795,73.7,0.6451,0.1347,0.3463,0.9255,0.6168,0.437,A,0.125,0.213,0.106,0.05
556,158756,474.25,624,53.5,0.7833,0.1054,0.4584,0.7096,0.2747,0.2543,A,0.126,0.213,0.106,0.05
557,159868,1795.61,1112,69.2,0.6051,0.1404,0.3818,0.8608,0.6219,0.4428,A,0.127,0.213,0.107,0.05
558,162105,493.25,2237,11.4,0.5653,0.1958,0.3774,0.8825,0.1327,0.0943,A,0.128,0.214,0.107,0.05
559,163626,2406.26,1521,69.7,0.7041,0.1097,0.3491,0.9472,0.5788,0.3583,A,0.129,0.215,0.107,0.05
560,165279,1779.78,1653,42.2,0.5089,0.1339,0.4145,0.7996,0.602,0.2503,A,0.13,0.215,0.108,0.05
561,166293,1377.58,1014,59.5,0.692,0.1307,0.3727,0.852,0.57,0.3467,A,0.131,0.215,0.108,0.05
562,167361,1236.13,1068,60.0,0.6815,0.0973,0.4058,0.9164,0.3799,0.262,A,0.132,0.216,0.108,0.05
563,168204,1136.16,843,67.0,0.7308,0.1268,0.3871,0.806,0.5003,0.376,A,0.132,0.216,0.108,0.05
564,169231,1128.72,1027,51.1,0.6975,0.1443,0.3815,0.8536,0.4369,0.3027,A,0.133,0.216,0.108,0.05
565,170269,1208.63,1038,50.9,0.6838,0.1334,0.387,0.9017,0.4734,0.2846,A,0.134,0.217,0.108,0.05
566,171504,1167.45,1235,52.1,0.7717,0.0867,0.381,0.9435,0.2743,0.2082,A,0.134,0.217,0.109,0.05
567,172901,1096.45,1397,34.4,0.6729,0.1315,0.4474,0.8922,0.3642,0.1872,A,0.135,0.218,0.109,0.05
568,174134,988.98,1233,43.0,0.8438,0.0919,0.4045,0.9346,0.2561,0.1838,A,0.136,0.218,0.109,0.05
569,175289,1245.86,1155,52.1,0.6919,0.1136,0.4365,0.9253,0.3753,0.2536,A,0.137,0.218,0.109,0.05
570,178289,2132.84,3000,42.8,0.8549,0.0953,0.4063,0.9376,0.1507,0.1872,A,0.139,0.219,0.11,0.05
571,180092,3305.49,1803,76.3,0.5963,0.1167,0.3863,0.94,0.7182,0.4013,A,0.14,0.22,0.11,0.05
572,183092,3534.17,3000,61.3,0.7053,0.1165,0.3597,0.9792,0.2568,0.3219,A,0.142,0.221,0.111,0.05
573,184688,1683.32,1596,67.6,0.7976,0.0802,0.4322,0.8735,0.2481,0.2537,A,0.143,0.222,0.111,0.05
574,186354,2187.79,1666,84.9,0.7774,0.0572,0.3685,0.9391,0.2765,0.2422,A,0.144,0.222,0.111,0.05
575,187292,1386.39,938,64.1,0.6808,0.1271,0.41,0.8616,0.6317,0.3426,A,0.145,0.222,0.111,0.05
576,189932,1734.17,2640,38.8,0.7409,0.0869,0.3496,0.9394,0.1688,0.1591,A,0.147,0.223,0.112,0.05
577,192932,881.0,3000,10.0,0.5045,0.1476,0.3559,0.9828,0.1508,0.0586,A,0.149,0.224,0.112,0.05
578,195932,1369.92,3000,20.8,0.6504,0.1314,0.4075,0.9387,0.1857,0.1203,A,0.151,0.225,0.113,0.05
579,196283,481.77,351,64.4,0.6671,0.1903,0.4181,0.7468,0.4911,0.5158,A,0.151,0.225,0.113,0.05
580,199283,1340.99,3000,26.4,0.8752,0.1017,0.3946,0.9167,0.1366,0.1245,A,0.153,0.226,0.113,0.05
581,202283,2184.46,3000,29.5,0.6659,0.1374,0.3866,0.918,0.3356,0.1729,A,0.155,0.227,0.114,0.05
582,205283,2561.97,3000,45.1,0.7089,0.1016,0.4493,0.9108,0.2664,0.2154,A,0.157,0.228,0.114,0.05
583,207583,1804.24,2300,49.6,0.8631,0.0823,0.4651,0.8211,0.2609,0.2,A,0.158,0.229,0.115,0.05
584,209280,1625.52,1697,34.7,0.5384,0.1489,0.4551,0.8422,0.5413,0.2255,A,0.16,0.23,0.115,0.05
585,212280,3486.79,3000,41.6,0.5298,0.1144,0.413,0.9403,0.5754,0.2196,A,0.162,0.231,0.115,0.05
586,215280,7087.44,3000,77.4,0.497,0.1366,0.3892,0.9254,1.1726,0.4716,A,0.164,0.232,0.116,0.05
587,218280,5041.33,3000,63.6,0.5632,0.1107,0.3863,0.8834,0.8136,0.3307,A,0.166,0.233,0.116,0.05
588,221280,6636.14,3000,71.3,0.4958,0.1298,0.3584,0.9138,1.1328,0.4338,A,0.168,0.234,0.117,0.05
589,224280,1810.14,3000,32.3,0.7394,0.0817,0.3776,0.9636,0.1856,0.1256,A,0.17,0.235,0.117,0.05
590,227280,4157.59,3000,52.7,0.5641,0.1281,0.3764,0.9428,0.601,0.3044,A,0.172,0.236,0.118,0.05
591,228916,365.47,1636,9.9,0.5671,0.2007,0.3729,0.953,0.1004,0.0769,A,0.173,0.236,0.118,0.05
592,229625,396.72,709,23.7,0.5604,0.1752,0.4044,0.9292,0.225,0.1809,A,0.173,0.237,0.118,0.05
593,232625,2633.6,3000,51.9,0.8256,0.087,0.4079,0.9484,0.1784,0.2212,A,0.175,0.238,0.119,0.05
594,235625,1104.46,3000,11.3,0.4784,0.2102,0.3906,0.9843,0.1706,0.0986,A,0.177,0.239,0.119,0.05
595,238625,531.49,3000,7.1,0.5689,0.186,0.4301,0.9612,0.0892,0.0556,A,0.179,0.24,0.12,0.05
596,241625,155.58,3000,4.1,0.8116,0.1499,0.4571,0.9617,0.0233,0.0257,A,0.181,0.241,0.12,0.05
597,244173,2288.33,2548,44.3,0.6553,0.1397,0.4079,0.8531,0.3132,0.2865,A,0.183,0.241,0.121,0.05
598,246586,81.6,2413,6.3,0.6804,0.1573,0.3844,0.8906,0.0418,0.0423,A,0.184,0.242,0.121,0.05
599,248219,416.87,1633,12.9,0.5873,0.1859,0.3981,0.8833,0.1449,0.1019,A,0.185,0.243,0.121,0.05
600,250129,352.14,1910,11.6,0.5611,0.1799,0.4163,0.8963,0.0834,0.0934,A,0.187,0.243,0.122,0.05
601,251639,327.37,1510,15.9,0.6867,0.1003,0.4471,0.8061,0.1826,0.0707,A,0.188,0.244,0.122,0.05
602,252599,534.58,960,17.6,0.3781,0.191,0.414,0.8896,0.3546,0.1462,A,0.188,0.244,0.122,0.05
603,254832,45.06,2233,4.7,0.4852,0.1971,0.448,0.8812,0.0569,0.0396,A,0.19,0.245,0.122,0.05
604,255657,765.88,825,32.2,0.5241,0.1884,0.4196,0.9091,0.4808,0.2248,A,0.19,0.245,0.123,0.05
605,256969,421.08,1312,15.9,0.7656,0.1123,0.4201,0.9466,0.1386,0.0808,A,0.191,0.246,0.123,0.05
606,259969,1209.33,3000,14.6,0.582,0.145,0.4315,0.918,0.24,0.0959,A,0.193,0.247,0.123,0.05
607,262969,69.3,3000,3.9,0.4696,0.2101,0.4094,0.8965,0.0545,0.0332,A,0.195,0.248,0.124,0.05
608,263688,207.43,719,16.1,0.6073,0.1966,0.395,0.9036,0.0977,0.1382,A,0.196,0.248,0.124,0.05
609,266688,5039.66,3000,77.7,0.7317,0.1248,0.4128,0.9034,0.5308,0.4514,A,0.198,0.249,0.124,0.05
610,269688,6227.07,3000,83.4,0.6257,0.1356,0.3991,0.9296,0.7727,0.5239,A,0.2,0.25,0.125,0.05
611,272688,5775.59,3000,79.4,0.6764,0.108,0.4179,0.9409,0.7687,0.4036,A,0.202,0.251,0.125,0.05
612,275688,3289.23,3000,54.0,0.663,0.0811,0.4419,0.9136,0.4129,0.2067,A,0.204,0.252,0.126,0.05
613,278688,7331.89,3000,92.9,0.5686,0.1029,0.4059,0.9547,1.0912,0.4526,A,0.206,0.253,0.126,0.05
614,281688,7411.96,3000,94.5,0.5857,0.0925,0.4415,0.9092,1.1729,0.4149,A,0.208,0.254,0.127,0.05
615,284688,5353.7,3000,95.4,0.8149,0.0786,0.4156,0.9423,0.5072,0.3633,A,0.21,0.255,0.127,0.05
616,287688,7637.23,3000,91.5,0.5239,0.0803,0.4248,0.9525,1.3132,0.3452,A,0.212,0.256,0.128,0.05
617,290688,6581.87,3000,89.5,0.6087,0.0911,0.4221,0.9485,0.9505,0.3811,A,0.214,0.257,0.128,0.05
618,293688,7049.05,3000,84.7,0.5323,0.0918,0.4069,0.945,1.1726,0.3664,A,0.216,0.258,0.129,0.05
619,296688,5649.83,3000,80.8,0.663,0.1069,0.4268,0.9412,0.7042,0.4093,A,0.218,0.259,0.129,0.05
620,299688,5303.34,3000,82.7,0.7,0.1007,0.4184,0.9328,0.588,0.3983,A,0.22,0.26,0.13,0.05
621,302688,7627.22,3000,98.4,0.5771,0.1031,0.4142,0.9546,1.1035,0.4775,A,0.222,0.261,0.13,0.05
622,305688,4469.03,3000,80.9,0.7956,0.11,0.4383,0.9365,0.3085,0.4187,A,0.224,0.262,0.131,0.05
623,308688,1387.82,3000,16.8,0.5761,0.1899,0.3719,0.9914,0.1697,0.132,A,0.226,0.263,0.131,0.05
624,311688,7163.59,3000,91.0,0.5918,0.1418,0.3888,0.9635,0.902,0.5956,A,0.228,0.264,0.132,0.05
625,314688,2311.37,3000,38.0,0.7338,0.1213,0.4176,0.9466,0.2178,0.2169,A,0.23,0.265,0.132,0.05
626,317688,7634.37,3000,100.0,0.573,0.1983,0.3726,0.9864,0.6505,0.894,A,0.232,0.266,0.133,0.05
627,320688,523.0,3000,8.5,0.6492,0.0912,0.4203,0.9785,0.0723,0.036,A,0.234,0.267,0.133,0.05
628,323688,3436.83,3000,57.0,0.7774,0.1175,0.4556,0.9193,0.337,0.3047,A,0.236,0.268,0.134,0.05
629,326688,6199.26,3000,94.8,0.7117,0.1245,0.4305,0.946,0.5974,0.5526,A,0.238,0.269,0.134,0.05
630,329688,8718.39,3000,100.0,0.5385,0.1577,0.4255,0.9416,1.2392,0.6952,A,0.24,0.27,0.135,0.05
631,332688,6406.01,3000,88.0,0.6266,0.1104,0.4175,0.9494,0.8314,0.4527,A,0.242,0.271,0.135,0.05
632,335688,7939.74,3000,100.0,0.6117,0.121,0.4042,0.951,1.0991,0.5694,A,0.244,0.272,0.136,0.05
633,338688,8247.33,3000,96.7,0.5797,0.1578,0.4066,0.9243,1.1812,0.6466,A,0.246,0.273,0.136,0.05
634,341688,6828.47,3000,99.2,0.7098,0.1504,0.4262,0.9385,0.6302,0.6871,A,0.248,0.274,0.137,0.05
635,344688,6228.73,3000,89.8,0.7007,0.1433,0.4781,0.8897,0.6915,0.5616,A,0.25,0.275,0.137,0.05
636,347688,9363.51,3000,100.0,0.4667,0.1343,0.3787,0.9631,1.5092,0.622,A,0.252,0.276,0.138,0.05
637,350688,7855.23,3000,100.0,0.5771,0.2237,0.3719,0.9829,0.6726,0.9496,A,0.254,0.277,0.138,0.05
638,353688,9075.78,3000,99.3,0.4985,0.1922,0.4065,0.9463,1.2828,0.7765,A,0.256,0.278,0.139,0.05
639,356688,9764.23,3000,100.0,0.4863,0.1905,0.4033,0.9433,1.4598,0.8243,A,0.258,0.279,0.139,0.05
640,359688,7123.48,3000,99.7,0.6376,0.1531,0.4144,0.9568,0.682,0.7146,A,0.26,0.28,0.14,0.05
641,362688,7147.76,3000,99.5,0.6301,0.177,0.4142,0.9594,0.6589,0.7478,A,0.262,0.281,0.14,0.05
642,365688,7087.19,3000,100.0,0.6419,0.1688,0.4329,0.9591,0.6121,0.7702,A,0.264,0.282,0.141,0.05
643,368688,7231.55,3000,98.2,0.6106,0.1605,0.4347,0.9439,0.746,0.7204,A,0.266,0.283,0.141,0.05
644,371688,7729.19,3000,99.8,0.6051,0.1808,0.4166,0.9602,0.8036,0.794,A,0.268,0.284,0.142,0.05
645,374688,8059.81,3000,95.1,0.558,0.166,0.4576,0.9104,1.0942,0.7052,A,0.27,0.285,0.142,0.05
646,377688,10227.67,3000,99.3,0.4639,0.156,0.4348,0.9264,1.7481,0.7132,A,0.272,0.286,0.143,0.05
647,380688,9056.02,3000,99.8,0.5219,0.1609,0.4548,0.9227,1.3743,0.69,A,0.274,0.287,0.143,0.05
648,383688,10273.55,3000,99.9,0.4234,0.1455,0.4123,0.9613,1.7642,0.6738,A,0.276,0.288,0.144,0.05
649,386688,10696.7,3000,99.7,0.4147,0.1068,0.4369,0.9599,2.0912,0.4952,A,0.278,0.289,0.144,0.05
650,389688,8774.85,3000,97.8,0.4849,0.085,0.4387,0.954,1.58,0.3877,A,0.28,0.29,0.145,0.05
651,392688,2336.47,3000,23.6,0.4331,0.1334,0.3896,0.9868,0.4012,0.1473,A,0.282,0.291,0.145,0.05
652,395688,10689.52,3000,96.8,0.3851,0.1335,0.4272,0.9481,2.0411,0.5817,A,0.284,0.292,0.146,0.05
653,398688,10044.93,3000,99.4,0.4394,0.1581,0.4232,0.9627,1.6717,0.6994,A,0.286,0.293,0.146,0.05
654,401688,6732.47,3000,99.9,0.5806,0.1089,0.4377,0.9722,0.7454,0.5089,A,0.288,0.294,0.147,0.05
655,404688,10291.64,3000,98.5,0.3939,0.1235,0.4325,0.9615,1.9044,0.5559,A,0.29,0.295,0.147,0.05
656,406766,2592.68,2078,51.7,0.6252,0.1272,0.4514,0.9449,0.5044,0.2752,A,0.291,0.296,0.148,0.05
657,407377,250.69,611,21.3,0.5651,0.1659,0.4608,0.7598,0.3039,0.1374,A,0.292,0.296,0.148,0.05
658,410377,4621.6,3000,70.7,0.71,0.0941,0.4834,0.9436,0.5725,0.2988,A,0.294,0.297,0.148,0.05
659,412940,162.48,2563,7.4,0.7019,0.1338,0.4473,0.8847,0.0696,0.0375,A,0.295,0.298,0.149,0.05
660,415940,9096.86,3000,99.0,0.5108,0.1964,0.4098,0.9714,1.2548,0.7993,A,0.297,0.299,0.149,0.05
661,418940,9092.14,3000,100.0,0.4779,0.1619,0.402,0.9791,1.2839,0.7503,A,0.299,0.3,0.15,0.05
662,421940,10936.56,3000,100.0,0.3888,0.1753,0.3978,0.981,1.877,0.7715,B,0.301,0.301,0.15,0.05
663,424940,10629.19,3000,99.6,0.3914,0.1165,0.421,0.9737,2.011,0.5418,B,0.303,0.302,0.151,0.05
664,427940,9144.11,3000,100.0,0.5254,0.1715,0.3906,0.9699,1.2955,0.7639,B,0.304,0.303,0.151,0.051
665,430940,13559.58,3000,100.0,0.2489,0.1697,0.3907,0.9931,2.7229,0.7929,B,0.306,0.304,0.152,0.051
666,433940,13737.0,3000,100.0,0.2644,0.2083,0.3488,0.9935,2.6556,0.9197,B,0.308,0.305,0.153,0.051
667,436940,13554.18,3000,100.0,0.2651,0.2464,0.3699,0.9833,2.574,0.9392,B,0.309,0.306,0.153,0.052
668,439940,11397.56,3000,100.0,0.3408,0.1531,0.3837,0.9876,2.078,0.7139,B,0.311,0.307,0.154,0.052
669,442940,11187.43,3000,100.0,0.363,0.1576,0.3968,0.9798,1.9861,0.7386,B,0.312,0.308,0.154,0.052
670,445940,8844.22,3000,100.0,0.4842,0.2143,0.3406,0.9963,1.0524,0.893,B,0.314,0.309,0.155,0.052
671,448940,7719.46,3000,100.0,0.5651,0.2485,0.3553,0.996,0.6191,0.9517,B,0.316,0.31,0.155,0.053
672,451940,6340.62,3000,93.3,0.5338,0.0964,0.4129,0.9925,0.7535,0.4216,B,0.317,0.312,0.156,0.053
673,454940,12174.91,3000,100.0,0.2693,0.1048,0.3793,0.9946,2.5731,0.4746,B,0.319,0.313,0.156,0.053
674,457940,10972.44,3000,100.0,0.3899,0.1857,0.4187,0.9753,1.806,0.8554,B,0.321,0.314,0.157,0.053
675,460940,10223.54,3000,100.0,0.4479,0.2007,0.3883,0.984,1.5538,0.8553,B,0.322,0.315,0.157,0.054
676,463940,12344.73,3000,100.0,0.328,0.1976,0.3758,0.9899,2.2183,0.8956,B,0.324,0.316,0.158,0.054
677,466940,10128.88,3000,100.0,0.4029,0.1488,0.3764,0.9916,1.6729,0.6984,B,0.325,0.317,0.158,0.054
678,469940,11852.45,3000,100.0,0.3361,0.1892,0.3869,0.991,2.0799,0.8695,B,0.327,0.318,0.159,0.054
679,472940,11505.79,3000,100.0,0.3433,0.2056,0.3751,0.9954,2.0193,0.8133,B,0.329,0.319,0.16,0.055
680,475940,12076.28,3000,100.0,0.3607,0.2446,0.3604,0.9739,2.1325,0.9043,B,0.33,0.32,0.16,0.055
681,478940,8731.17,3000,100.0,0.4872,0.2184,0.411,0.9822,1.0478,0.8686,B,0.332,0.321,0.161,0.055
682,481940,9604.53,3000,100.0,0.4591,0.2269,0.4287,0.9881,1.2278,0.9719,B,0.333,0.322,0.161,0.056
683,484940,9502.38,3000,100.0,0.4772,0.2197,0.4278,0.9792,1.245,0.9215,B,0.335,0.323,0.162,0.056
684,487940,7492.42,3000,99.7,0.5764,0.236,0.4165,0.9903,0.5871,0.9146,B,0.337,0.324,0.162,0.056
685,490940,6550.06,3000,99.7,0.6708,0.1462,0.4355,0.9759,0.5285,0.6687,B,0.338,0.326,0.163,0.056
686,493940,6521.04,3000,100.0,0.5311,0.0729,0.4071,0.9937,0.8187,0.3465,B,0.34,0.327,0.163,0.057
687,496940,13020.74,3000,100.0,0.2779,0.1778,0.3885,0.997,2.5043,0.8315,B,0.342,0.328,0.164,0.057
688,499940,314.51,3000,6.2,0.6714,0.0288,0.422,0.9915,0.0376,0.013,B,0.343,0.329,0.164,0.057
689,502940,8461.74,3000,100.0,0.4761,0.1442,0.4197,0.9879,1.1436,0.6757,B,0.345,0.33,0.165,0.057
690,505940,991.98,3000,22.4,0.8102,0.0269,0.5491,0.9701,0.0873,0.0445,B,0.346,0.331,0.165,0.058
691,508940,983.48,3000,18.9,0.8486,0.041,0.4651,0.98,0.1057,0.0464,B,0.348,0.332,0.166,0.058
692,511940,2675.79,3000,26.9,0.4112,0.1179,0.4307,0.9739,0.5024,0.1409,B,0.35,0.333,0.167,0.058
693,514940,1413.27,3000,11.7,0.2786,0.1434,0.4146,0.967,0.3107,0.074,B,0.351,0.334,0.167,0.059
694,517940,10548.21,3000,94.1,0.3362,0.1441,0.3943,0.9903,1.9769,0.592,B,0.353,0.335,0.168,0.059
695,520940,2475.33,3000,33.2,0.4807,0.0477,0.4061,0.9735,0.4248,0.088,B,0.355,0.336,0.168,0.059
696,523940,5314.28,3000,72.3,0.6569,0.1502,0.4613,0.9483,0.6391,0.4439,B,0.356,0.337,0.169,0.059
697,526940,8658.4,3000,100.0,0.4531,0.1058,0.3916,0.9917,1.4218,0.4597,B,0.358,0.339,0.169,0.06
698,529940,12304.82,3000,100.0,0.3301,0.2339,0.3719,0.993,2.1286,0.97,B,0.359,0.34,0.17,0.06
699,532940,12401.54,3000,100.0,0.3273,0.2352,0.3759,0.9848,2.1802,0.9557,B,0.361,0.341,0.17,0.06
700,535940,12530.21,3000,100.0,0.3102,0.211,0.3599,0.9945,2.2802,0.8946,B,0.363,0.342,0.171,0.06
701,538940,13992.74,3000,100.0,0.2491,0.2601,0.3727,0.9887,2.7679,0.8953,B,0.364,0.343,0.171,0.061
702,541940,845.55,3000,9.4,0.4382,0.0959,0.4128,0.9798,0.164,0.0409,B,0.366,0.344,0.172,0.061
703,544940,15086.34,3000,100.0,0.1895,0.2697,0.3773,0.9925,3.138,0.8878,B,0.368,0.345,0.173,0.061
704,547940,14891.94,3000,100.0,0.2103,0.2503,0.3908,0.9939,3.0285,0.9325,B,0.369,0.346,0.173,0.062
705,550940,14948.82,3000,100.0,0.2138,0.2542,0.4057,0.9968,3.0305,0.9496,B,0.371,0.347,0.174,0.062
706,553940,15625.64,3000,100.0,0.1764,0.2531,0.402,0.9945,3.262,0.9436,B,0.372,0.348,0.174,0.062
707,556940,11114.1,3000,100.0,0.3703,0.1959,0.3935,0.9927,1.8653,0.8366,B,0.374,0.349,0.175,0.062
708,559940,11287.33,3000,100.0,0.3978,0.1392,0.3788,0.9936,2.1366,0.6157,B,0.376,0.35,0.175,0.063
709,560395,1114.32,455,87.7,0.4678,0.0752,0.4631,0.8516,1.4113,0.317,B,0.376,0.351,0.175,0.063
710,563395,15165.7,3000,100.0,0.1967,0.2005,0.4132,0.9959,3.1598,0.891,B,0.378,0.352,0.176,0.063
711,566395,6694.03,3000,100.0,0.6251,0.1603,0.3962,0.9895,0.4841,0.7462,B,0.379,0.353,0.176,0.063
712,567155,1280.13,760,93.2,0.6857,0.0978,0.4261,0.8958,0.4243,0.4281,B,0.38,0.353,0.177,0.063
713,570155,14105.31,3000,100.0,0.2404,0.2106,0.4036,0.9943,2.7848,0.9128,B,0.381,0.354,0.177,0.064
714,573155,10661.94,3000,100.0,0.4174,0.1872,0.4023,0.9889,1.7361,0.8179,B,0.383,0.355,0.178,0.064
715,576155,9637.63,3000,100.0,0.4427,0.1224,0.4532,0.9705,1.6804,0.5423,B,0.384,0.356,0.178,0.064
716,579155,11973.82,3000,100.0,0.3097,0.1463,0.4229,0.985,2.3106,0.6797,B,0.386,0.357,0.179,0.064
717,582155,11317.27,3000,99.8,0.3739,0.2584,0.3983,0.9875,1.867,0.9082,B,0.388,0.358,0.179,0.065
718,585155,10100.26,3000,100.0,0.3991,0.1451,0.4535,0.9791,1.7243,0.6491,B,0.389,0.36,0.18,0.065
719,588155,12329.88,3000,100.0,0.3012,0.1757,0.3959,0.99,2.334,0.7741,B,0.391,0.361,0.18,0.065
720,591155,11772.39,3000,100.0,0.327,0.1741,0.426,0.9919,2.1624,0.7598,B,0.393,0.362,0.181,0.065
721,594155,11985.55,3000,100.0,0.3091,0.1665,0.3944,0.9958,2.266,0.7234,B,0.394,0.363,0.181,0.066
722,597155,6826.53,3000,100.0,0.6414,0.1913,0.4128,0.9792,0.4821,0.8027,B,0.396,0.364,0.182,0.066
723,600155,2049.65,3000,19.6,0.3028,0.0541,0.3911,0.9757,0.4536,0.0537,B,0.397,0.365,0.182,0.066
724,603155,9044.86,3000,99.6,0.4538,0.1698,0.4019,0.9868,1.2564,0.7645,B,0.399,0.366,0.183,0.067
725,606155,9269.67,3000,100.0,0.4516,0.1344,0.4434,0.9774,1.4654,0.6262,B,0.401,0.367,0.184,0.067
726,609155,9299.65,3000,99.4,0.3951,0.0941,0.4099,0.9952,1.6578,0.44,B,0.402,0.368,0.184,0.067
727,612155,9522.64,3000,100.0,0.4167,0.1601,0.3982,0.994,1.4593,0.7122,B,0.404,0.369,0.185,0.067
728,615155,10869.66,3000,100.0,0.387,0.2538,0.3902,0.9946,1.6996,0.9196,B,0.405,0.37,0.185,0.068
729,618155,10554.94,3000,99.8,0.3715,0.1531,0.3924,0.9922,1.8003,0.7175,B,0.407,0.371,0.186,0.068
730,621155,5567.7,3000,54.5,0.3509,0.0901,0.4057,0.9689,1.0968,0.2354,B,0.409,0.372,0.186,0.068
731,624155,12533.53,3000,97.5,0.2744,0.1645,0.3736,0.9915,2.4805,0.7197,B,0.41,0.374,0.187,0.068
732,627155,11295.3,3000,100.0,0.3411,0.1308,0.3979,0.9882,2.1549,0.6121,B,0.412,0.375,0.187,0.069
733,630155,14784.76,3000,100.0,0.2104,0.1892,0.3669,0.9917,3.0746,0.8517,B,0.414,0.376,0.188,0.069
734,633155,12284.67,3000,100.0,0.2929,0.1519,0.3889,0.99,2.4035,0.6881,B,0.415,0.377,0.188,0.069
735,634397,2132.04,1242,68.5,0.565,0.1467,0.3809,0.9451,0.6233,0.4644,B,0.416,0.377,0.189,0.069
736,637397,11170.76,3000,100.0,0.3859,0.213,0.3699,0.9833,1.8517,0.8719,B,0.418,0.378,0.189,0.07
737,640397,13689.2,3000,100.0,0.2559,0.2029,0.367,0.9959,2.6798,0.8792,B,0.419,0.379,0.19,0.07
738,643397,12391.02,3000,100.0,0.322,0.2095,0.3946,0.995,2.2159,0.9113,B,0.421,0.381,0.19,0.07
739,646397,12022.6,3000,100.0,0.3175,0.1715,0.397,0.9941,2.2004,0.8043,B,0.422,0.382,0.191,0.07
740,649397,11979.21,3000,100.0,0.3309,0.2137,0.4074,0.993,2.1186,0.8719,B,0.424,0.383,0.191,0.071
741,652397,5196.6,3000,100.0,0.6892,0.0876,0.3874,0.9815,0.3277,0.4074,B,0.426,0.384,0.192,0.071
742,655397,13554.66,3000,100.0,0.2729,0.2405,0.3865,0.9923,2.563,0.9528,B,0.427,0.385,0.192,0.071
743,658397,14475.15,3000,100.0,0.2421,0.2313,0.353,0.9937,2.8819,0.9402,B,0.429,0.386,0.193,0.071
744,661397,13988.82,3000,100.0,0.2554,0.235,0.3591,0.9942,2.686,0.9738,B,0.43,0.387,0.193,0.072
745,664397,11279.36,3000,100.0,0.3356,0.1429,0.3999,0.9917,2.0862,0.6699,B,0.432,0.388,0.194,0.072
746,667397,7397.79,3000,98.9,0.5482,0.0944,0.411,0.9585,1.0572,0.4403,B,0.434,0.389,0.195,0.072
747,670397,5043.99,3000,90.4,0.7688,0.0752,0.4889,0.8914,0.5185,0.3276,B,0.435,0.39,0.195,0.073
748,673397,11668.59,3000,100.0,0.3471,0.2204,0.4031,0.9889,2.0436,0.8437,B,0.437,0.391,0.196,0.073
749,676397,8340.08,3000,88.5,0.5051,0.1901,0.4741,0.8849,1.3268,0.6524,B,0.439,0.392,0.196,0.073
750,679397,11213.51,3000,100.0,0.3767,0.2165,0.4054,0.9781,1.8842,0.8589,B,0.44,0.393,0.197,0.073
751,682397,7810.14,3000,94.0,0.57,0.1144,0.4424,0.9399,1.1945,0.5067,B,0.442,0.395,0.197,0.074
752,685397,11780.59,3000,97.1,0.364,0.212,0.3922,0.9704,2.1511,0.8203,B,0.443,0.396,0.198,0.074
753,688397,9627.61,3000,100.0,0.4129,0.1473,0.4015,0.996,1.5138,0.6912,B,0.445,0.397,0.198,0.074
754,691397,9826.4,3000,100.0,0.4353,0.2194,0.4172,0.9904,1.3379,0.9348,B,0.447,0.398,0.199,0.074
755,694397,10173.54,3000,100.0,0.3657,0.1026,0.3751,0.9796,1.917,0.4752,B,0.448,0.399,0.199,0.075
756,697397,12990.93,3000,100.0,0.287,0.2092,0.3843,0.9952,2.4343,0.8926,B,0.45,0.4,0.2,0.075
757,700397,8104.63,3000,100.0,0.5365,0.1903,0.3721,0.9949,0.8511,0.8488,B,0.452,0.401,0.201,0.075
758,703397,8043.59,3000,98.1,0.5423,0.1593,0.4095,0.9721,1.0415,0.6727,B,0.453,0.402,0.201,0.076
759,706397,7259.07,3000,97.4,0.6047,0.0937,0.4399,0.9591,1.0392,0.4296,B,0.455,0.403,0.202,0.076
760,709397,13947.16,3000,100.0,0.2164,0.1374,0.3779,0.9951,3.0081,0.633,B,0.456,0.404,0.202,0.076
761,712397,11561.81,3000,100.0,0.3621,0.2642,0.4025,0.9894,1.9417,0.9127,B,0.458,0.405,0.203,0.076
762,715397,14348.18,3000,100.0,0.2148,0.1841,0.3873,0.9931,2.965,0.8144,B,0.46,0.406,0.203,0.077
763,718397,9830.37,3000,100.0,0.3934,0.1507,0.4152,0.9751,1.6117,0.6759,B,0.461,0.408,0.204,0.077
764,721397,16917.12,3000,100.0,0.0889,0.1901,0.381,0.9961,3.7618,0.8722,B,0.463,0.409,0.204,0.077
765,724397,11666.19,3000,100.0,0.3523,0.1721,0.3985,0.9828,2.0921,0.799,B,0.465,0.41,0.205,0.077
766,727397,9893.47,3000,94.5,0.3309,0.0557,0.4092,0.9922,2.0644,0.2681,B,0.466,0.411,0.205,0.078
767,730397,12384.28,3000,100.0,0.2721,0.1083,0.3965,0.9846,2.63,0.498,B,0.468,0.412,0.206,0.078
768,733397,12910.69,3000,100.0,0.3013,0.2385,0.4022,0.9927,2.3569,0.9445,B,0.469,0.413,0.206,0.078
769,736397,14153.51,3000,100.0,0.2295,0.2477,0.3882,0.9907,2.883,0.8322,B,0.471,0.414,0.207,0.079
770,739397,12132.6,3000,100.0,0.3305,0.2457,0.3845,0.9962,2.0798,0.9621,B,0.473,0.415,0.208,0.079
771,742397,11985.92,3000,100.0,0.2854,0.1083,0.3962,0.9931,2.4899,0.4958,B,0.474,0.416,0.208,0.079
772,745397,9756.08,3000,99.7,0.388,0.1145,0.3865,0.9946,1.7199,0.5304,B,0.476,0.417,0.209,0.079
773,748397,11098.92,3000,100.0,0.3785,0.2289,0.3829,0.9898,1.7598,0.9397,B,0.478,0.418,0.209,0.08
774,751397,9801.06,3000,100.0,0.4132,0.1674,0.3777,0.9954,1.4964,0.7677,B,0.479,0.419,0.21,0.08
775,754397,6041.29,3000,100.0,0.7274,0.1504,0.3891,0.9939,0.3296,0.6849,B,0.481,0.421,0.21,0.08
776,757397,12983.78,3000,100.0,0.294,0.2062,0.4367,0.9709,2.4259,0.9043,B,0.482,0.422,0.211,0.08
777,760397,9420.59,3000,100.0,0.405,0.0843,0.3936,0.9941,1.7358,0.3964,B,0.484,0.423,0.211,0.081
778,763397,10462.11,3000,100.0,0.3774,0.1347,0.4008,0.9859,1.8554,0.6291,B,0.486,0.424,0.212,0.081
779,766397,11229.62,3000,100.0,0.3666,0.2162,0.4199,0.9611,1.8811,0.8738,B,0.487,0.425,0.212,0.081
780,769397,12355.92,3000,100.0,0.2713,0.115,0.3907,0.9894,2.5834,0.5318,B,0.489,0.426,0.213,0.081
781,772397,12162.24,3000,99.9,0.3169,0.1657,0.3989,0.993,2.3233,0.7298,B,0.49,0.427,0.213,0.082
782,775397,10629.34,3000,99.7,0.3429,0.0809,0.413,0.9489,2.2008,0.3717,B,0.492,0.428,0.214,0.082
783,778397,13134.05,3000,100.0,0.2567,0.1465,0.4285,0.9796,2.6985,0.6803,B,0.494,0.429,0.215,0.082
784,781397,10272.04,3000,100.0,0.3926,0.1807,0.3886,0.9671,1.6738,0.7673,B,0.495,0.43,0.215,0.083
785,784397,1757.8,3000,47.2,0.9196,0.0595,0.4903,0.9058,0.0459,0.1474,B,0.497,0.431,0.216,0.083
786,787397,13687.82,3000,100.0,0.2362,0.1449,0.3948,0.997,2.8786,0.6785,B,0.499,0.432,0.216,0.083
787,790397,12797.78,3000,100.0,0.3068,0.229,0.3907,0.9949,2.3184,0.9454,B,0.5,0.433,0.217,0.083
788,793397,11346.77,3000,100.0,0.3696,0.2501,0.4078,0.9931,1.87,0.9107,B,0.502,0.435,0.217,0.084
789,793740,346.39,343,60.3,0.6856,0.1238,0.5008,0.6361,0.4278,0.3547,B,0.502,0.435,0.217,0.084
790,796740,14571.53,3000,100.0,0.2271,0.2133,0.3916,0.9945,2.917,0.9379,B,0.504,0.436,0.218,0.084
791,799740,10507.2,3000,100.0,0.3978,0.2092,0.3886,0.9887,1.614,0.8903,B,0.505,0.437,0.218,0.084
792,802740,12904.9,3000,96.1,0.2317,0.1272,0.4117,0.9842,2.7787,0.5644,B,0.507,0.438,0.219,0.084
793,805740,12033.07,3000,100.0,0.2818,0.097,0.4263,0.9928,2.5229,0.4682,B,0.509,0.439,0.22,0.085
794,808740,12574.8,3000,98.9,0.3033,0.1891,0.359,0.9943,2.3441,0.8553,B,0.51,0.44,0.22,0.085
795,811740,11723.66,3000,100.0,0.3527,0.2193,0.3983,0.9937,1.9838,0.9233,B,0.512,0.441,0.221,0.085
796,814740,11007.48,3000,100.0,0.3457,0.1385,0.3811,0.9923,2.0325,0.6324,B,0.513,0.442,0.221,0.086
797,817740,13138.8,3000,100.0,0.257,0.1427,0.4098,0.9813,2.7165,0.6612,B,0.515,0.443,0.222,0.086
798,820086,10222.6,2346,96.6,0.1796,0.0507,0.4205,0.9803,3.1331,0.25,B,0.516,0.444,0.222,0.086
799,823086,15393.77,3000,100.0,0.1966,0.2408,0.3628,0.9936,3.1496,0.9795,B,0.518,0.445,0.223,0.086
800,826086,13871.11,3000,98.8,0.2556,0.2139,0.3675,0.9941,2.7072,0.9262,B,0.52,0.446,0.223,0.087
801,829086,8639.29,3000,98.5,0.5077,0.1511,0.3967,0.9742,1.2475,0.6612,B,0.521,0.447,0.224,0.087
802,832086,9510.25,3000,100.0,0.455,0.1871,0.38,0.9936,1.3075,0.86,B,0.523,0.448,0.224,0.087
803,835086,15273.68,3000,100.0,0.2003,0.2175,0.4005,0.9935,3.1425,0.9465,B,0.524,0.45,0.225,0.087
804,838086,11560.44,3000,100.0,0.3097,0.1093,0.3886,0.9884,2.3478,0.504,B,0.526,0.451,0.225,0.088
805,838958,845.44,872,34.9,0.4739,0.035,0.5024,0.8674,0.6646,0.0793,B,0.526,0.451,0.225,0.088
806,841958,14281.31,3000,100.0,0.2283,0.263,0.406,0.9926,2.8403,0.9186,B,0.528,0.452,0.226,0.088
807,844807,-139.22,2849,7.0,1.068,0.0194,0.4265,0.8664,0.0053,0.0114,B,0.53,0.453,0.227,0.088
808,847807,15249.62,3000,100.0,0.1925,0.2554,0.4092,0.9937,3.1764,0.904,B,0.531,0.454,0.227,0.089
809,850807,11658.62,3000,100.0,0.3576,0.2495,0.3683,0.9911,1.9457,0.9386,B,0.533,0.455,0.228,0.089
810,853807,13512.7,3000,100.0,0.238,0.1433,0.3749,0.9926,2.833,0.6677,B,0.534,0.456,0.228,0.089
811,856807,13364.96,3000,99.8,0.2738,0.1879,0.4215,0.9869,2.6008,0.8572,B,0.536,0.457,0.229,0.089
812,859807,12667.12,3000,100.0,0.2337,0.0758,0.4386,0.9903,2.8292,0.3696,B,0.538,0.458,0.229,0.09
813,862807,12472.65,3000,100.0,0.3153,0.2514,0.3991,0.9932,2.2513,0.9039,B,0.539,0.46,0.23,0.09
814,863291,161.53,484,20.0,0.5598,0.0978,0.4959,0.8262,0.2245,0.0964,B,0.54,0.46,0.23,0.09
815,866291,13451.01,3000,100.0,0.2649,0.2626,0.3795,0.9896,2.6102,0.8711,B,0.541,0.461,0.23,0.09
816,866778,1039.87,487,71.3,0.4838,0.097,0.5036,0.9044,1.1977,0.3298,B,0.542,0.461,0.231,0.09
817,869778,12278.25,3000,100.0,0.3196,0.2154,0.4145,0.9835,2.2187,0.8776,B,0.543,0.462,0.231,0.091
818,872778,9643.24,3000,100.0,0.3891,0.1159,0.3861,0.991,1.6716,0.5358,B,0.545,0.463,0.232,0.091
819,875778,8100.21,3000,100.0,0.536,0.193,0.3789,0.9895,0.8647,0.8354,B,0.546,0.464,0.232,0.091
820,878778,14464.68,3000,100.0,0.2247,0.1908,0.3695,0.993,2.9484,0.8695,B,0.548,0.465,0.233,0.091
821,881778,10936.16,3000,97.7,0.3263,0.0835,0.4407,0.9578,2.3077,0.3874,B,0.55,0.466,0.233,0.092
822,884778,6964.34,3000,100.0,0.6569,0.1686,0.4072,0.9733,0.588,0.7471,B,0.551,0.467,0.234,0.092
823,887778,10896.4,3000,99.9,0.3931,0.1874,0.3769,0.9923,1.7684,0.8634,B,0.553,0.469,0.234,0.092
824,890778,15609.07,3000,100.0,0.1672,0.2008,0.3993,0.9941,3.2998,0.9,B,0.554,0.47,0.235,0.092
825,893778,14661.94,3000,99.9,0.1907,0.1427,0.4009,0.9941,3.2187,0.663,B,0.556,0.471,0.235,0.093
826,896778,12767.9,3000,100.0,0.2964,0.2111,0.375,0.9924,2.3713,0.8824,B,0.558,0.472,0.236,0.093
827,899778,8103.81,3000,99.9,0.4484,0.0575,0.3856,0.9878,1.4177,0.2867,B,0.559,0.473,0.236,0.093
828,902778,12096.15,3000,100.0,0.3271,0.2146,0.4007,0.9927,2.1324,0.8981,B,0.561,0.474,0.237,0.093
829,905778,15567.06,3000,100.0,0.1687,0.1916,0.4081,0.993,3.3548,0.8316,B,0.563,0.475,0.238,0.094
830,908778,13334.06,3000,99.4,0.1978,0.0512,0.4425,0.99,3.168,0.2597,B,0.564,0.476,0.238,0.094
831,909004,400.25,226,90.7,0.6621,0.1727,0.5305,0.788,0.4769,0.6308,B,0.564,0.476,0.238,0.094
832,909271,491.19,267,93.3,0.6276,0.1138,0.4954,0.8122,0.624,0.4943,B,0.564,0.476,0.238,0.094
833,912271,11467.51,3000,99.4,0.3198,0.1177,0.4292,0.9828,2.2871,0.5419,B,0.566,0.477,0.239,0.094
834,915271,10435.02,3000,100.0,0.4287,0.2262,0.3936,0.9681,1.5564,0.935,B,0.568,0.478,0.239,0.095
835,915596,100.64,325,40.6,1.0008,0.0467,0.4829,0.8042,0.015,0.1042,B,0.568,0.479,0.239,0.095
836,916163,1678.18,567,92.9,0.4242,0.1366,0.4665,0.8883,1.5997,0.5339,B,0.568,0.479,0.239,0.095
837,919163,7735.94,3000,99.2,0.5114,0.099,0.3711,0.9884,1.132,0.4543,B,0.57,0.48,0.24,0.095
838,922163,9481.59,3000,99.6,0.4272,0.1575,0.3607,0.9919,1.4691,0.6931,B,0.571,0.481,0.24,0.095
839,925163,12133.48,3000,100.0,0.2862,0.0941,0.3944,0.9938,2.601,0.4342,B,0.573,0.482,0.241,0.096
840,926901,2638.6,1738,91.3,0.7332,0.0431,0.4341,0.9475,0.4422,0.2108,B,0.574,0.483,0.241,0.096
841,929901,14254.42,3000,98.8,0.2552,0.2175,0.427,0.9891,2.8526,0.9116,B,0.576,0.484,0.242,0.096
842,930351,659.01,450,60.7,0.5478,0.0654,0.4737,0.8804,0.7802,0.2044,B,0.576,0.484,0.242,0.096
843,933351,9276.91,3000,98.3,0.4044,0.0615,0.3943,0.991,1.7945,0.3043,B,0.577,0.485,0.242,0.096
844,936351,14820.17,3000,99.7,0.2077,0.1898,0.3584,0.9955,3.0962,0.8429,B,0.579,0.486,0.243,0.097
845,939351,11777.16,3000,84.7,0.2005,0.1224,0.4057,0.9877,2.5963,0.4779,B,0.581,0.487,0.244,0.097
846,942351,15796.78,3000,100.0,0.1483,0.2037,0.3644,0.9936,3.4223,0.839,B,0.582,0.488,0.244,0.097
847,945351,14424.44,3000,100.0,0.1725,0.1179,0.3955,0.9936,3.2621,0.5425,B,0.584,0.489,0.245,0.097
848,948351,12995.86,3000,100.0,0.2361,0.1114,0.4031,0.9772,2.8238,0.5137,B,0.586,0.49,0.245,0.098
849,951351,4445.43,3000,52.7,0.5722,0.0663,0.4655,0.9661,0.8032,0.1753,B,0.587,0.491,0.246,0.098
850,954351,11453.12,3000,91.5,0.2995,0.109,0.4388,0.9852,2.4321,0.4665,B,0.589,0.493,0.246,0.098
851,957351,12610.13,3000,100.0,0.2443,0.0847,0.3819,0.9886,2.8129,0.3906,B,0.59,0.494,0.247,0.098
852,960351,8624.04,3000,93.8,0.4621,0.1285,0.4292,0.9721,1.3765,0.5706,B,0.592,0.495,0.247,0.099
853,963351,4520.54,3000,45.1,0.4315,0.1422,0.4025,0.9731,0.7809,0.2978,B,0.594,0.496,0.248,0.099
854,966351,12107.99,3000,99.7,0.3258,0.1545,0.407,0.9944,2.3245,0.7109,B,0.595,0.497,0.248,0.099
855,969351,9348.92,3000,100.0,0.4725,0.2048,0.4329,0.9814,1.2946,0.8312,B,0.597,0.498,0.249,0.099
856,972351,9142.15,3000,100.0,0.4261,0.1355,0.3656,0.9963,1.4149,0.6272,B,0.599,0.499,0.25,0.1
857,973857,2334.34,1506,67.7,0.5896,0.0684,0.4704,0.8682,0.7749,0.2274,B,0.599,0.5,0.25,0.1
858,976857,5871.87,3000,75.8,0.6079,0.0974,0.4294,0.9301,0.9136,0.3484,C,0.601,0.501,0.25,0.1
859,979857,15107.55,3000,100.0,0.1753,0.1425,0.4223,0.9963,3.3675,0.6632,C,0.604,0.503,0.251,0.1
860,982857,11524.37,3000,100.0,0.3568,0.1609,0.3917,0.9918,2.0831,0.7556,C,0.606,0.504,0.251,0.101
861,985857,13275.13,3000,99.2,0.2467,0.1465,0.4371,0.988,2.7925,0.6384,C,0.608,0.506,0.252,0.101
862,988857,11554.46,3000,100.0,0.3526,0.2279,0.3736,0.9941,1.954,0.8949,C,0.611,0.508,0.253,0.101
863,991857,12540.45,3000,100.0,0.2774,0.1456,0.363,0.9945,2.5338,0.6415,C,0.613,0.51,0.253,0.102
864,994857,12512.74,3000,99.8,0.291,0.157,0.4071,0.9902,2.4433,0.727,C,0.615,0.511,0.254,0.102
865,997857,14350.46,3000,100.0,0.1638,0.1034,0.4226,0.9948,3.3052,0.4763,C,0.617,0.513,0.254,0.102
866,1000857,10105.41,3000,92.2,0.3219,0.0576,0.4024,0.9913,2.1687,0.2656,C,0.62,0.515,0.255,0.102
867,1002812,6587.9,1955,93.3,0.3246,0.0677,0.4549,0.9694,2.1342,0.3155,C,0.621,0.516,0.255,0.103
868,1005812,12510.95,3000,99.3,0.242,0.0864,0.4319,0.9907,2.7628,0.4033,C,0.623,0.518,0.256,0.103
869,1008812,13924.95,3000,100.0,0.2198,0.1577,0.377,0.9906,2.937,0.7023,C,0.626,0.519,0.256,0.103
870,1011812,11146.15,3000,86.2,0.2234,0.0635,0.429,0.9881,2.5689,0.2668,C,0.628,0.521,0.257,0.104
871,1014812,11608.22,3000,98.4,0.2726,0.06,0.436,0.9936,2.5809,0.29,C,0.63,0.523,0.258,0.104
872,1017812,15329.52,3000,100.0,0.1811,0.2134,0.4184,0.9926,3.2051,0.9012,C,0.633,0.524,0.258,0.104
873,1020812,8699.94,3000,93.9,0.4216,0.0681,0.4091,0.9863,1.6399,0.3146,C,0.635,0.526,0.259,0.104
874,1023812,15105.84,3000,100.0,0.1997,0.2013,0.4017,0.9956,3.1254,0.9061,C,0.637,0.528,0.259,0.105
875,1024420,1388.0,608,91.6,0.5745,0.0442,0.458,0.9075,1.2312,0.2239,C,0.638,0.528,0.259,0.105
876,1027420,12663.32,3000,100.0,0.2925,0.1429,0.3906,0.9926,2.5605,0.6589,C,0.64,0.53,0.26,0.105
877,1028247,2490.3,827,94.2,0.475,0.0542,0.4778,0.9136,1.882,0.2703,C,0.641,0.53,0.26,0.105
878,1031247,11762.67,3000,100.0,0.3193,0.1465,0.3815,0.9929,2.2677,0.6498,C,0.643,0.532,0.261,0.105
879,1034247,14879.57,3000,100.0,0.1986,0.1727,0.4202,0.9927,3.1565,0.7995,C,0.645,0.534,0.261,0.106
880,1037247,9632.46,3000,100.0,0.4696,0.0566,0.3934,0.9891,1.9313,0.2803,C,0.647,0.536,0.262,0.106
881,1039905,6908.95,2658,99.0,0.5342,0.0583,0.3882,0.985,1.3233,0.2955,C,0.649,0.537,0.262,0.106
882,1042905,11795.51,3000,100.0,0.3251,0.1328,0.4126,0.9868,2.3125,0.6174,C,0.652,0.539,0.263,0.106
883,1045905,13565.36,3000,100.0,0.2224,0.1248,0.4216,0.9934,2.935,0.5746,C,0.654,0.541,0.264,0.107
884,1048905,2882.29,3000,35.6,0.656,0.0901,0.379,0.9794,0.4655,0.156,C,0.656,0.542,0.264,0.107
885,1051905,8102.2,3000,100.0,0.5584,0.1876,0.3722,0.9899,0.8979,0.8047,C,0.659,0.544,0.265,0.107
886,1054905,5151.52,3000,89.6,0.7817,0.1451,0.3925,0.9895,0.2126,0.6121,C,0.661,0.546,0.265,0.108
887,1056443,5492.45,1538,95.5,0.3371,0.0914,0.4468,0.9527,2.2535,0.3944,C,0.662,0.547,0.266,0.108
888,1058200,510.91,1757,27.8,1.1484,0.0239,0.4656,0.9576,0.0074,0.0489,C,0.663,0.548,0.266,0.108
889,1061200,4884.4,3000,96.4,0.7779,0.0505,0.4126,0.9907,0.4158,0.2505,C,0.666,0.549,0.266,0.108
890,1062677,3984.32,1477,82.6,0.4622,0.1675,0.4216,0.9623,1.276,0.6327,C,0.667,0.55,0.267,0.108
891,1065677,11884.45,3000,100.0,0.3143,0.1274,0.3666,0.991,2.3865,0.573,C,0.669,0.552,0.267,0.109
892,1068677,13056.32,3000,99.5,0.2854,0.1785,0.4224,0.9943,2.5193,0.8318,C,0.671,0.554,0.268,0.109
893,1071677,8799.04,3000,100.0,0.45,0.0675,0.3964,0.9899,1.6133,0.3186,C,0.674,0.555,0.268,0.109
894,1072998,-2.44,1321,7.6,1.0694,0.0386,0.4102,0.9124,0.0006,0.0165,C,0.675,0.556,0.269,0.109
895,1074384,2534.38,1386,77.5,0.6317,0.113,0.4556,0.9149,0.7335,0.3981,C,0.676,0.557,0.269,0.109
896,1077384,12994.17,3000,100.0,0.2898,0.2062,0.4087,0.989,2.4588,0.8721,C,0.678,0.559,0.27,0.11
897,1080384,13718.22,3000,100.0,0.2421,0.1692,0.386,0.9951,2.7804,0.788,C,0.68,0.56,0.27,0.11
898,1083384,11472.18,3000,100.0,0.3078,0.1031,0.3636,0.9939,2.3473,0.4739,C,0.683,0.562,0.271,0.11
899,1086384,11308.09,3000,100.0,0.335,0.1515,0.4087,0.9944,2.0697,0.6945,C,0.685,0.564,0.271,0.111
900,1089384,11422.47,3000,100.0,0.3238,0.1092,0.4028,0.9923,2.2812,0.5137,C,0.687,0.565,0.272,0.111
901,1092384,7525.63,3000,100.0,0.5227,0.0998,0.4108,0.9886,1.0454,0.4586,C,0.689,0.567,0.272,0.111
902,1095384,14314.98,3000,100.0,0.2274,0.202,0.3909,0.9876,2.9007,0.8714,C,0.692,0.569,0.273,0.111
903,1098384,8358.44,3000,99.4,0.4379,0.0835,0.4034,0.9959,1.3937,0.3863,C,0.694,0.571,0.274,0.112
904,1101384,7394.51,3000,93.6,0.5489,0.1658,0.3969,0.9853,0.8117,0.7236,C,0.696,0.572,0.274,0.112
905,1104384,7144.42,3000,99.5,0.5647,0.1405,0.3884,0.9897,0.7307,0.6572,C,0.699,0.574,0.275,0.112
906,1104810,670.17,426,83.8,0.6917,0.074,0.5149,0.9021,0.5422,0.3,C,0.699,0.574,0.275,0.112
907,1107810,15178.28,3000,100.0,0.2029,0.2312,0.4098,0.9926,3.097,0.9617,C,0.701,0.576,0.275,0.113
908,1108077,-75.79,267,1.9,0.9727,0.0096,0.4223,0.7315,0.0003,0.0025,C,0.701,0.576,0.275,0.113
909,1111077,12205.42,3000,100.0,0.3286,0.2501,0.4211,0.9854,2.1464,0.9247,C,0.704,0.578,0.276,0.113
910,1114077,12941.42,3000,100.0,0.2525,0.1235,0.4025,0.9941,2.7614,0.546,C,0.706,0.579,0.276,0.113
911,1117077,11069.45,3000,100.0,0.3285,0.1118,0.3746,0.9957,2.1629,0.5169,C,0.708,0.581,0.277,0.114
912,1120077,12308.91,3000,99.3,0.3384,0.2213,0.4048,0.9895,2.2123,0.8988,C,0.711,0.583,0.278,0.114
913,1122391,9029.44,2314,95.6,0.2759,0.0918,0.4172,0.972,2.5538,0.4083,C,0.712,0.584,0.278,0.114
914,1123087,1584.97,696,76.3,0.5213,0.155,0.4679,0.8828,1.1298,0.4977,C,0.713,0.585,0.278,0.114
915,1123867,454.46,780,37.7,0.7223,0.0257,0.5006,0.8863,0.2577,0.0664,C,0.713,0.585,0.278,0.114
916,1124444,-68.38,577,1.9,1.2768,0.0052,0.4205,0.8773,0.0,0.0024,C,0.714,0.585,0.278,0.114
917,1127444,12478.68,3000,99.7,0.2482,0.0603,0.4513,0.9928,2.8512,0.2908,C,0.716,0.587,0.279,0.115
918,1130444,14399.75,3000,100.0,0.2319,0.2492,0.4171,0.9956,2.8444,0.9525,C,0.718,0.589,0.28,0.115
919,1131439,2364.15,995,90.4,0.5414,0.115,0.4324,0.946,1.0253,0.4955,C,0.719,0.589,0.28,0.115
920,1134439,11740.81,3000,99.1,0.3425,0.2546,0.365,0.9933,2.0147,0.9065,C,0.721,0.591,0.28,0.115
921,1137439,15976.54,3000,100.0,0.1471,0.1953,0.4205,0.9945,3.4432,0.8767,C,0.724,0.593,0.281,0.115
922,1138238,1383.77,799,92.1,0.6956,0.0699,0.4245,0.9634,0.5315,0.3184,C,0.724,0.593,0.281,0.116
923,1141238,14626.73,3000,100.0,0.1384,0.076,0.4467,0.9954,3.4897,0.3603,C,0.727,0.595,0.282,0.116
924,1144238,-65.77,3000,1.0,1.3071,0.0072,0.4316,0.9667,0.0,0.0013,C,0.729,0.597,0.282,0.116
925,1147238,3101.94,3000,39.3,0.5147,0.0723,0.4241,0.9722,0.5217,0.1379,C,0.731,0.598,0.283,0.116
926,1150238,6423.81,3000,93.7,0.6661,0.1752,0.4457,0.9612,0.5002,0.7225,C,0.734,0.6,0.283,0.117
927,1153238,12751.29,3000,100.0,0.2599,0.116,0.3886,0.9959,2.7028,0.5391,C,0.736,0.602,0.284,0.117
928,1156238,11392.87,3000,97.4,0.3366,0.1528,0.3773,0.9936,2.1368,0.6848,C,0.738,0.604,0.285,0.117
929,1159238,14303.03,3000,100.0,0.2333,0.2134,0.3825,0.9916,2.8538,0.9106,C,0.74,0.605,0.285,0.118
930,1162238,12903.76,3000,100.0,0.2694,0.1541,0.4271,0.996,2.5902,0.708,C,0.743,0.607,0.286,0.118
931,1165238,12737.26,3000,97.6,0.2393,0.0902,0.413,0.9944,2.8421,0.4141,C,0.745,0.609,0.286,0.118
932,1168238,11320.04,3000,100.0,0.3706,0.1977,0.4021,0.9878,1.922,0.8498,C,0.747,0.61,0.287,0.118
933,1171238,8697.02,3000,100.0,0.4047,0.0488,0.433,0.9957,1.6412,0.2481,C,0.75,0.612,0.287,0.119
934,1174238,12390.37,3000,98.0,0.3131,0.231,0.3695,0.9933,2.2797,0.8667,C,0.752,0.614,0.288,0.119
935,1177238,12003.41,3000,100.0,0.3235,0.1827,0.4464,0.9859,2.173,0.8277,C,0.754,0.616,0.289,0.119
936,1180238,12009.49,3000,99.7,0.3054,0.1328,0.3984,0.9933,2.4218,0.5755,C,0.756,0.617,0.289,0.12
937,1183238,1692.16,3000,47.1,1.0661,0.0405,0.4332,0.9764,0.0057,0.1071,C,0.759,0.619,0.29,0.12
938,1183982,423.96,744,44.6,0.842,0.0189,0.4982,0.9415,0.1175,0.0706,C,0.759,0.619,0.29,0.12
939,1185142,1745.1,1160,78.6,0.5916,0.0336,0.4084,0.9217,0.64,0.1557,C,0.76,0.62,0.29,0.12
940,1188142,15029.42,3000,98.7,0.1858,0.2337,0.3939,0.9936,3.1387,0.8806,C,0.762,0.622,0.291,0.12
941,1189951,5323.9,1809,92.9,0.41,0.0872,0.4026,0.9421,1.6888,0.377,C,0.764,0.623,0.291,0.12
942,1192951,12940.09,3000,98.1,0.2612,0.156,0.4168,0.9909,2.648,0.6803,C,0.766,0.625,0.292,0.121
943,1195951,13555.01,3000,100.0,0.2678,0.2164,0.3969,0.9912,2.7177,0.7981,C,0.768,0.626,0.292,0.121
944,1198951,12546.93,3000,100.0,0.2484,0.0986,0.4394,0.9946,2.7225,0.4438,C,0.771,0.628,0.293,0.121
945,1201951,14384.5,3000,98.8,0.2233,0.2354,0.404,0.992,2.9131,0.8924,C,0.773,0.63,0.293,0.122
946,1204951,11896.67,3000,100.0,0.2975,0.1193,0.4182,0.983,2.4137,0.5534,C,0.775,0.631,0.294,0.122
947,1207951,10357.5,3000,100.0,0.3558,0.0865,0.4788,0.9828,2.0311,0.4073,C,0.777,0.633,0.294,0.122
948,1210951,6357.59,3000,75.3,0.5457,0.1225,0.4002,0.9888,0.9372,0.4316,C,0.78,0.635,0.295,0.122
949,1211388,-4.64,437,18.1,1.2166,0.0063,0.4908,0.806,0.0005,0.023,C,0.78,0.635,0.295,0.123
950,1213528,2859.46,2140,71.5,0.7681,0.0545,0.4439,0.9496,0.466,0.2011,C,0.782,0.636,0.295,0.123
951,1216528,12611.22,3000,95.7,0.2337,0.0783,0.4485,0.994,2.8958,0.3502,C,0.784,0.638,0.296,0.123
952,1217701,-112.68,1173,0.4,1.167,0.0031,0.457,0.9076,0.0,0.0005,C,0.785,0.639,0.296,0.123
953,1220701,2151.82,3000,33.2,0.7393,0.1084,0.4212,0.9798,0.2309,0.1701,C,0.787,0.64,0.297,0.123
954,1221985,1284.38,1284,68.4,0.8302,0.0548,0.4631,0.8827,0.242,0.1911,C,0.788,0.641,0.297,0.124
955,1222985,-42.13,1000,0.0,0.0,0.0,0.434,0.9579,0.0,0.0,C,0.789,0.642,0.297,0.124
956,1224129,676.37,1144,49.1,0.9526,0.0485,0.4366,0.9311,0.0494,0.1225,C,0.79,0.642,0.297,0.124
957,1227129,6268.81,3000,82.8,0.5336,0.1082,0.4149,0.9905,0.8422,0.4183,C,0.792,0.644,0.298,0.124
958,1230129,12701.37,3000,100.0,0.267,0.1253,0.3938,0.9914,2.6501,0.5783,C,0.794,0.646,0.299,0.124
959,1233129,13980.02,3000,97.4,0.2303,0.1611,0.432,0.9887,2.9664,0.7201,C,0.797,0.648,0.299,0.125
960,1236129,13795.44,3000,96.0,0.2464,0.224,0.4035,0.9935,2.717,0.9207,C,0.799,0.649,0.3,0.125
961,1239129,7412.59,3000,100.0,0.5076,0.0697,0.4212,0.9861,1.1317,0.3347,C,0.801,0.651,0.3,0.125
962,1242129,14586.13,3000,100.0,0.2101,0.2209,0.3924,0.9947,2.9939,0.8639,C,0.804,0.653,0.301,0.125
963,1245129,11283.75,3000,98.9,0.3208,0.1231,0.404,0.9938,2.2024,0.5651,C,0.806,0.654,0.301,0.126
964,1246034,-63.55,905,8.4,1.0576,0.0108,0.5078,0.8205,0.0205,0.0116,C,0.807,0.655,0.302,0.126
965,1248907,11314.7,2873,96.7,0.2798,0.0839,0.4168,0.969,2.6172,0.3783,C,0.809,0.657,0.302,0.126
966,1251907,12935.44,3000,100.0,0.3021,0.1994,0.4073,0.983,2.4617,0.8535,C,0.811,0.658,0.303,0.126
967,1252261,208.69,354,56.5,0.9105,0.0873,0.488,0.786,0.0237,0.2379,C,0.811,0.658,0.303,0.126
968,1255261,14935.55,3000,100.0,0.202,0.1992,0.4139,0.9888,3.1155,0.8617,C,0.814,0.66,0.303,0.127
969,1258261,10055.65,3000,100.0,0.3374,0.0396,0.429,0.9894,2.1111,0.2244,C,0.816,0.662,0.304,0.127
970,1261261,11665.92,3000,99.9,0.3451,0.196,0.3804,0.9928,2.0058,0.8798,C,0.818,0.664,0.305,0.127
971,1261481,110.14,220,56.4,1.0432,0.068,0.5215,0.7197,0.0481,0.2,C,0.818,0.664,0.305,0.127
972,1264481,13130.17,3000,99.4,0.2482,0.1647,0.4159,0.9915,2.7883,0.583,C,0.821,0.665,0.305,0.128
973,1267481,-95.82,3000,0.2,1.2508,0.0049,0.4042,0.9658,0.0,0.0002,C,0.823,0.667,0.306,0.128
974,1267866,255.16,385,59.2,1.0327,0.0561,0.5347,0.8707,0.0402,0.1718,C,0.823,0.667,0.306,0.128
975,1268633,1531.18,767,84.0,0.5661,0.1009,0.433,0.8939,0.8672,0.3991,C,0.824,0.668,0.306,0.128
976,1271633,-61.91,3000,0.4,1.3056,0.0062,0.3946,0.9744,0.0,0.0006,C,0.826,0.67,0.307,0.128
977,1274633,13762.02,3000,100.0,0.2313,0.1578,0.3815,0.9946,2.8668,0.7143,C,0.828,0.671,0.307,0.129
978,1277633,13242.85,3000,100.0,0.2867,0.2175,0.3786,0.9908,2.5086,0.9018,C,0.831,0.673,0.308,0.129
979,1280633,5204.42,3000,96.6,0.7034,0.0607,0.4282,0.9855,0.4827,0.2922,C,0.833,0.675,0.308,0.129
980,1281210,722.4,577,83.4,0.7252,0.061,0.4149,0.8404,0.3347,0.2483,C,0.833,0.675,0.308,0.129
981,1284210,88.31,3000,4.8,1.1894,0.0306,0.4279,0.9702,0.0006,0.0099,C,0.836,0.677,0.309,0.129
982,1287210,8379.67,3000,97.8,0.4562,0.0939,0.4093,0.9891,1.3848,0.4278,C,0.838,0.678,0.309,0.13
983,1288210,-16.99,1000,0.0,0.0,0.0,0.4049,0.983,0.0,0.0,C,0.839,0.679,0.31,0.13
984,1291210,10891.41,3000,100.0,0.3291,0.0873,0.4182,0.9902,2.2246,0.4022,C,0.841,0.681,0.31,0.13
985,1294210,10710.72,3000,98.3,0.3245,0.0837,0.3858,0.9942,2.2034,0.3791,C,0.843,0.682,0.311,0.13
986,1297210,12391.92,3000,100.0,0.2702,0.1053,0.418,0.9953,2.621,0.4995,C,0.845,0.684,0.311,0.131
987,1297704,330.65,494,60.9,0.952,0.0411,0.5516,0.8789,0.0515,0.1394,C,0.846,0.684,0.311,0.131
988,1300704,8100.14,3000,100.0,0.4725,0.0691,0.4218,0.9932,1.3715,0.3263,C,0.848,0.686,0.312,0.131
989,1302764,3921.77,2060,94.0,0.648,0.0504,0.4089,0.9475,0.769,0.2426,C,0.85,0.687,0.312,0.131
990,1305764,10959.19,3000,99.9,0.3821,0.2124,0.3816,0.9926,1.7681,0.8834,C,0.852,0.689,0.313,0.132
991,1308764,14129.23,3000,100.0,0.1528,0.0504,0.4631,0.9932,3.4092,0.264,C,0.854,0.691,0.314,0.132
992,1311764,14815.8,3000,100.0,0.1849,0.1644,0.4065,0.9958,3.2086,0.7245,C,0.857,0.692,0.314,0.132
993,1313236,1403.79,1472,74.3,0.8279,0.0351,0.3662,0.9657,0.0923,0.1508,C,0.858,0.693,0.314,0.132
994,1316236,9274.96,3000,100.0,0.4586,0.1297,0.4043,0.9909,1.4843,0.606,C,0.86,0.695,0.315,0.132
995,1319236,8170.78,3000,99.8,0.4877,0.1308,0.4243,0.9936,1.1476,0.571,C,0.862,0.697,0.316,0.133
996,1320360,2586.45,1124,100.0,0.525,0.0397,0.3648,0.9876,1.0858,0.2241,C,0.863,0.697,0.316,0.133
997,1321360,-25.95,1000,0.0,0.0,0.0,0.4018,0.974,0.0,0.0,C,0.864,0.698,0.316,0.133
998,1324068,-20.03,2708,2.3,1.1224,0.0058,0.415,0.9699,0.0001,0.0029,C,0.866,0.699,0.316,0.133
999,1326247,6110.83,2179,92.2,0.4249,0.0535,0.393,0.9349,1.6907,0.2532,C,0.868,0.701,0.317,0.133
1000,1327799,151.23,1552,14.7,1.0475,0.0352,0.42,0.9205,0.0034,0.0309,C,0.869,0.702,0.317,0.134
1001,1330259,4694.41,2460,70.8,0.4975,0.0954,0.4109,0.9677,0.9211,0.3091,C,0.871,0.703,0.318,0.134
1002,1331821,4398.36,1562,91.1,0.4808,0.1162,0.4205,0.9343,1.4769,0.4905,C,0.872,0.704,0.318,0.134
1003,1334014,2910.84,2193,66.7,0.7675,0.0945,0.445,0.9622,0.3925,0.3034,C,0.874,0.705,0.318,0.134
1004,1337014,8251.41,3000,100.0,0.5601,0.1909,0.3819,0.99,0.931,0.8204,C,0.876,0.707,0.319,0.134
1005,1340014,4395.08,3000,96.7,0.7601,0.0521,0.3697,0.9905,0.2484,0.2504,C,0.878,0.709,0.32,0.135
1006,1343014,8827.85,3000,95.7,0.5288,0.1607,0.4025,0.9899,1.3474,0.6387,C,0.88,0.71,0.32,0.135
1007,1346014,4056.98,3000,99.5,0.8288,0.051,0.3647,0.994,0.1001,0.2561,C,0.883,0.712,0.321,0.135
1008,1349014,12870.16,3000,100.0,0.2833,0.1639,0.4055,0.9948,2.5199,0.7678,C,0.885,0.714,0.321,0.136
1009,1352014,-64.41,3000,0.7,1.186,0.0216,0.4004,0.9702,0.0,0.0012,C,0.887,0.715,0.322,0.136
1010,1355014,9960.55,3000,100.0,0.411,0.1842,0.4521,0.9923,1.5283,0.791,C,0.89,0.717,0.322,0.136
1011,1358014,9473.63,3000,100.0,0.4071,0.1327,0.3989,0.995,1.5348,0.6165,C,0.892,0.719,0.323,0.136
1012,1361014,10720.79,3000,100.0,0.3274,0.0502,0.4109,0.9896,2.2943,0.2609,C,0.894,0.721,0.324,0.137
1013,1364014,4389.42,3000,77.1,0.6535,0.0441,0.3987,0.9745,0.5181,0.1864,C,0.896,0.722,0.324,0.137
1014,1367014,2019.31,3000,51.6,1.0168,0.066,0.3988,0.9619,0.0183,0.1716,C,0.899,0.724,0.325,0.137
1015,1370014,10667.73,3000,100.0,0.3853,0.1742,0.4071,0.9934,1.7714,0.782,C,0.901,0.726,0.325,0.138
1016,1373014,5763.47,3000,96.8,0.6708,0.1063,0.3874,0.9896,0.4742,0.4819,C,0.903,0.727,0.326,0.138
1017,1374336,143.07,1322,11.1,1.0377,0.0159,0.4097,0.9729,0.012,0.0171,C,0.904,0.728,0.326,0.138
1018,1377336,3873.46,3000,80.0,0.7807,0.0685,0.4283,0.9748,0.2464,0.26,C,0.907,0.73,0.327,0.138
1019,1380336,8133.93,3000,78.3,0.4001,0.1181,0.4141,0.9886,1.499,0.4269,C,0.909,0.732,0.327,0.139
1020,1383336,9257.85,3000,100.0,0.4915,0.1603,0.4169,0.9866,1.3919,0.6963,C,0.911,0.733,0.328,0.139
1021,1386071,68.61,2735,5.6,0.8842,0.0158,0.4203,0.9493,0.0144,0.0083,C,0.913,0.735,0.328,0.139
1022,1389071,1993.73,3000,24.8,0.598,0.1697,0.3685,0.9873,0.2487,0.1776,C,0.915,0.737,0.329,0.139
1023,1389877,1756.19,806,90.8,0.6595,0.1223,0.3848,0.9481,0.8108,0.5105,C,0.916,0.737,0.329,0.14
1024,1392877,2414.95,3000,55.9,0.8479,0.0399,0.4229,0.9832,0.1332,0.1243,C,0.918,0.739,0.33,0.14
1025,1395877,8902.39,3000,87.2,0.3795,0.0767,0.4055,0.978,1.7951,0.3124,C,0.921,0.741,0.33,0.14
1026,1397025,835.98,1148,63.2,0.968,0.0501,0.459,0.9071,0.0254,0.1645,C,0.922,0.741,0.33,0.14
1027,1397564,1510.55,539,87.8,0.457,0.0663,0.4277,0.93,1.7192,0.2822,C,0.922,0.741,0.33,0.14
1028,1400564,5584.66,3000,95.5,0.7148,0.0934,0.4111,0.9827,0.4926,0.4205,C,0.924,0.743,0.331,0.141
1029,1401182,833.82,618,61.0,0.624,0.0339,0.4371,0.9245,0.6971,0.1237,C,0.925,0.744,0.331,0.141
1030,1403711,4267.11,2529,98.0,0.7411,0.0698,0.3747,0.9733,0.4038,0.3254,C,0.927,0.745,0.332,0.141
1031,1405699,5254.11,1988,99.6,0.6234,0.135,0.4221,0.9692,1.045,0.6264,C,0.928,0.746,0.332,0.141
1032,1406573,1723.53,874,80.7,0.6705,0.1236,0.4662,0.9105,0.8415,0.4147,C,0.929,0.747,0.332,0.141
1033,1408041,20.25,1468,10.3,1.2259,0.0219,0.4717,0.8995,0.0001,0.0171,C,0.93,0.747,0.332,0.141
1034,1411041,8556.57,3000,81.1,0.422,0.1422,0.393,0.9824,1.5365,0.5114,C,0.932,0.749,0.333,0.142
1035,1414041,13361.68,3000,100.0,0.2358,0.1174,0.4133,0.9918,2.9054,0.5453,C,0.935,0.751,0.334,0.142
1036,1414374,419.87,333,97.9,0.9655,0.0601,0.4288,0.8807,0.1139,0.2956,C,0.935,0.751,0.334,0.142
1037,1417374,10077.6,3000,100.0,0.3379,0.0368,0.4334,0.9939,2.127,0.2087,C,0.937,0.753,0.334,0.142
1038,1420374,14525.01,3000,100.0,0.2318,0.2394,0.3936,0.9947,2.8791,0.9601,C,0.939,0.754,0.335,0.142
1039,1423374,7187.7,3000,95.9,0.5977,0.1445,0.4428,0.9772,0.8008,0.6408,C,0.942,0.756,0.335,0.143
1040,1425367,587.96,1993,29.2,1.0356,0.0354,0.4188,0.9298,0.0111,0.0634,C,0.943,0.757,0.336,0.143
1041,1428367,6535.41,3000,100.0,0.6486,0.1481,0.4121,0.989,0.4812,0.699,C,0.945,0.759,0.336,0.143
1042,1429285,2186.02,918,88.7,0.5081,0.0642,0.4335,0.938,1.2856,0.2724,C,0.946,0.76,0.337,0.143
1043,1432285,7494.46,3000,92.9,0.5183,0.0802,0.4119,0.9813,1.2137,0.3566,C,0.948,0.761,0.337,0.144
1044,1435285,8490.1,3000,93.0,0.5158,0.1482,0.4063,0.9877,1.2776,0.6253,C,0.951,0.763,0.338,0.144
1045,1438285,8256.96,3000,93.5,0.4688,0.0675,0.4199,0.9902,1.4999,0.3105,C,0.953,0.765,0.338,0.144
1046,1439285,-18.28,1000,0.0,0.0,0.0,0.4004,0.9817,0.0,0.0,C,0.954,0.765,0.338,0.144
1047,1440656,2112.81,1371,68.9,0.6931,0.0687,0.4619,0.9647,0.6455,0.2353,C,0.955,0.766,0.339,0.144
1048,1442386,817.16,1730,37.8,0.9623,0.0483,0.402,0.9422,0.0546,0.0973,C,0.956,0.767,0.339,0.145
1049,1443209,1026.87,823,82.1,0.8063,0.0965,0.451,0.9133,0.1317,0.3811,C,0.957,0.768,0.339,0.145
1050,1444549,-95.69,1340,0.3,1.3848,0.0029,0.439,0.9327,0.0,0.0004,C,0.958,0.768,0.339,0.145
1051,1446012,2402.43,1463,72.3,0.6124,0.0528,0.412,0.9746,0.745,0.1968,C,0.959,0.769,0.34,0.145
1052,1449012,2560.41,3000,53.9,0.8725,0.0407,0.4267,0.9789,0.2054,0.1239,C,0.961,0.771,0.34,0.145
1053,1452012,12480.44,3000,100.0,0.2742,0.1615,0.3883,0.9942,2.498,0.6594,C,0.963,0.773,0.341,0.145
1054,1455012,12413.74,3000,99.9,0.2709,0.1195,0.3879,0.9957,2.6251,0.51,C,0.966,0.774,0.341,0.146
1055,1456361,4222.67,1349,95.4,0.3975,0.1095,0.425,0.9459,1.7448,0.4828,C,0.967,0.775,0.342,0.146
1056,1459361,9094.51,3000,88.1,0.401,0.1627,0.4019,0.9877,1.4927,0.6608,C,0.969,0.777,0.342,0.146
1057,1462336,5338.24,2975,89.7,0.622,0.04,0.41,0.9393,0.7427,0.2064,C,0.971,0.778,0.343,0.146
1058,1463795,2976.13,1459,71.8,0.4538,0.054,0.4594,0.9412,1.1864,0.1927,C,0.972,0.779,0.343,0.147
1059,1464975,3272.59,1180,97.5,0.4899,0.0364,0.4261,0.966,1.6282,0.2027,C,0.973,0.78,0.343,0.147
1060,1467975,13902.1,3000,100.0,0.2498,0.1844,0.409,0.9902,2.8525,0.778,C,0.976,0.782,0.344,0.147
1061,1468996,1162.86,1021,70.1,0.8394,0.092,0.4678,0.9061,0.2324,0.296,C,0.976,0.782,0.344,0.147
1062,1469732,152.33,736,27.9,1.0337,0.0214,0.4803,0.8739,0.0143,0.0465,C,0.977,0.783,0.344,0.147
1063,1470402,83.04,670,14.5,1.3076,0.0071,0.4768,0.9652,0.0057,0.0188,C,0.977,0.783,0.344,0.147
1064,1473402,10512.68,3000,100.0,0.4204,0.2103,0.4121,0.9908,1.6302,0.874,C,0.98,0.785,0.345,0.147
1065,1476402,13151.22,3000,100.0,0.227,0.1047,0.4063,0.9952,2.8864,0.4854,C,0.982,0.787,0.346,0.148
1066,1476522,-26.47,120,6.7,1.3336,0.0032,0.5651,0.788,0.0,0.008,C,0.982,0.787,0.346,0.148
1067,1479522,12087.35,3000,98.8,0.3428,0.2048,0.3759,0.993,2.1464,0.8929,C,0.984,0.788,0.346,0.148
1068,1480545,1603.44,1023,85.5,0.7069,0.0348,0.4395,0.9637,0.5754,0.1735,C,0.985,0.789,0.346,0.148
1069,1483545,13773.03,3000,100.0,0.1658,0.0475,0.4063,0.9939,3.3198,0.2458,C,0.987,0.791,0.347,0.148
1070,1486545,1339.4,3000,38.7,0.9905,0.024,0.4093,0.9798,0.0095,0.0664,C,0.99,0.792,0.347,0.149
1071,1487436,725.97,891,64.2,0.8574,0.0489,0.5032,0.8677,0.1434,0.1613,C,0.99,0.793,0.348,0.149
1072,1490436,29.55,3000,2.4,1.2469,0.0173,0.415,0.9819,0.0,0.0037,C,0.993,0.795,0.348,0.149
1073,1493436,11975.23,3000,94.9,0.2705,0.1282,0.4046,0.9939,2.4927,0.5447,C,0.995,0.796,0.349,0.149
1074,1495419,958.54,1983,35.7,0.857,0.0479,0.4305,0.9638,0.0744,0.0894,C,0.997,0.797,0.349,0.15
1075,1498419,200.86,3000,7.8,1.2025,0.0112,0.4076,0.9773,0.0001,0.0108,C,0.999,0.799,0.35,0.15
