tier,episode,steps,terminated_early,total_reward,visibility_pct,mean_centering_dist,mean_fraction,mean_action_mag,mean_action_jerk,mean_r_stability,mean_r_centering,mean_r_scale,checkpoint
easy,1,1000,False,3787.93,100.0,0.3599,0.21095,0.0688,0.0775,0.9963,1.868,0.9185,750000
easy,2,1000,False,2923.46,100.0,0.4838,0.25326,0.078,0.0452,0.9957,1.0543,0.8661,750000
easy,3,1000,False,3432.45,100.0,0.4163,0.23212,0.1711,0.0768,0.9746,1.4918,0.9507,750000
easy,4,1000,False,2858.85,100.0,0.4898,0.19479,0.102,0.0628,0.996,0.9782,0.8793,750000
easy,5,1000,False,4980.56,100.0,0.2074,0.20842,0.0501,0.0614,0.9975,3.1164,0.8627,750000
medium,6,1000,False,2027.66,97.4,0.5756,0.09318,0.0741,0.0673,0.9895,0.6427,0.4168,750000
medium,7,1000,False,2551.39,99.6,0.4944,0.1092,0.0464,0.0432,0.9958,1.072,0.4825,750000
medium,8,1000,False,3050.84,99.5,0.4762,0.1765,0.1789,0.074,0.9802,1.2836,0.7761,750000
medium,9,1000,False,2720.0,98.9,0.5258,0.15683,0.0614,0.0351,0.9972,1.0429,0.6867,750000
medium,10,724,True,1149.49,67.4,0.615,0.13468,0.2664,0.068,0.7939,0.7289,0.3977,750000
hard,11,959,True,126.76,24.6,0.8788,0.10429,0.4056,0.1234,0.7021,0.069,0.1199,750000
hard,12,1000,False,3499.47,86.5,0.3745,0.20449,0.1435,0.0516,0.9837,1.9026,0.7384,750000
hard,13,889,True,-292.62,3.4,1.2002,0.02588,0.4356,0.0951,0.6416,0.0,0.0061,750000
hard,14,819,True,-219.61,6.5,1.1184,0.01052,0.435,0.1208,0.6669,0.0003,0.0089,750000
hard,15,378,True,19.69,25.9,1.0285,0.07128,0.5757,0.164,0.6592,0.0502,0.0941,750000
easy,1,1000,False,4989.89,100.0,0.1974,0.19441,0.1065,0.1087,0.9973,3.1094,0.8764,800000
easy,2,1000,False,4340.06,100.0,0.2624,0.1491,0.0983,0.0423,0.9928,2.6411,0.6969,800000
easy,3,1000,False,4668.07,100.0,0.2507,0.2326,0.0619,0.0405,0.9976,2.7375,0.9292,800000
easy,4,1000,False,4936.2,100.0,0.1962,0.17497,0.1038,0.0593,0.9945,3.1135,0.8194,800000
easy,5,1000,False,2496.28,100.0,0.5097,0.13943,0.027,0.0175,0.9996,0.8511,0.6427,800000
medium,6,1000,False,2138.06,86.8,0.511,0.0477,0.3018,0.2209,0.9539,1.0566,0.2304,800000
medium,7,1000,False,4345.23,98.1,0.2794,0.16896,0.0643,0.0366,0.989,2.6175,0.7507,800000
medium,8,1000,False,4752.44,100.0,0.2644,0.24286,0.1295,0.1908,0.9952,2.8281,0.9245,800000
medium,9,1000,False,2490.59,97.2,0.5418,0.08026,0.1833,0.0542,0.9461,1.1905,0.3682,800000
medium,10,1000,False,3909.8,100.0,0.3915,0.21581,0.0957,0.0397,0.9878,2.069,0.8446,800000
hard,11,1000,False,69.91,10.7,1.1971,0.00505,0.3466,0.1635,0.9482,0.0003,0.0133,800000
hard,12,1000,False,1971.62,92.7,0.7152,0.17073,0.0529,0.018,0.9954,0.3544,0.6916,800000
hard,13,201,True,95.45,56.7,0.9741,0.0547,0.481,0.1085,0.7749,0.0125,0.1619,800000
hard,14,760,True,791.43,77.9,0.9114,0.03338,0.2684,0.0575,0.8771,0.2267,0.1612,800000
hard,15,1000,False,1308.51,75.1,0.7944,0.11036,0.1946,0.0619,0.9686,0.1863,0.3971,800000
easy,1,1000,False,4515.55,100.0,0.276,0.24428,0.0955,0.079,0.9951,2.5462,0.966,850000
easy,2,1000,False,2997.48,100.0,0.4329,0.12657,0.0826,0.0501,0.9939,1.407,0.5875,850000
easy,3,1000,False,3756.67,100.0,0.3861,0.22216,0.1339,0.0748,0.9863,1.7873,0.9668,850000
easy,4,791,True,2692.04,100.0,0.3667,0.1104,0.1236,0.0581,0.9761,1.9142,0.519,850000
easy,5,1000,False,4039.07,100.0,0.3336,0.20127,0.0906,0.0847,0.9935,2.1373,0.8996,850000
medium,6,1000,False,3425.75,97.3,0.4046,0.16037,0.1487,0.0879,0.9717,1.7527,0.7153,850000
medium,7,1000,False,3477.02,100.0,0.4066,0.15207,0.1223,0.0936,0.9932,1.7894,0.6842,850000
medium,8,1000,False,4782.06,100.0,0.2612,0.24703,0.062,0.0646,0.9938,2.8621,0.9212,850000
medium,9,282,True,676.14,90.8,0.4957,0.04545,0.4115,0.0927,0.7663,1.5212,0.2234,850000
medium,10,1000,False,4432.18,100.0,0.3113,0.24465,0.101,0.1414,0.994,2.6123,0.8205,850000
hard,11,781,True,679.81,52.6,0.8041,0.1249,0.3039,0.0983,0.8547,0.1799,0.3077,850000
hard,12,1000,False,3861.27,89.6,0.3264,0.24789,0.0905,0.0426,0.9908,2.1733,0.7951,850000
hard,13,1000,False,1855.09,95.8,0.6912,0.1161,0.1684,0.0591,0.967,0.3968,0.5221,850000
hard,14,1000,False,1662.6,89.3,0.7236,0.11433,0.2846,0.0874,0.9299,0.3436,0.4782,850000
hard,15,1000,False,942.66,51.6,0.7834,0.08852,0.171,0.0811,0.9789,0.2199,0.2217,850000
easy,1,1000,False,4324.61,100.0,0.2851,0.20613,0.0826,0.0716,0.9959,2.4819,0.8413,900000
easy,2,1000,False,3275.39,100.0,0.3797,0.10885,0.0662,0.0373,0.9962,1.7652,0.507,900000
easy,3,1000,False,4703.9,100.0,0.2595,0.22913,0.131,0.1377,0.989,2.7585,0.9489,900000
easy,4,1000,False,4650.11,100.0,0.2521,0.20168,0.0671,0.0494,0.9971,2.7378,0.9099,900000
easy,5,1000,False,4708.43,100.0,0.2533,0.21884,0.1233,0.211,0.9975,2.758,0.9484,900000
medium,6,1000,False,2764.26,95.1,0.4235,0.07218,0.1612,0.1754,0.9901,1.4925,0.3246,900000
medium,7,1000,False,3479.6,100.0,0.4069,0.16838,0.1974,0.137,0.9917,1.7165,0.7599,900000
medium,8,1000,False,4542.54,99.4,0.2744,0.19363,0.1462,0.1434,0.9878,2.6881,0.8651,900000
medium,9,1000,False,2900.47,98.2,0.4507,0.12728,0.1012,0.0636,0.9908,1.3318,0.5876,900000
medium,10,1000,False,5361.47,98.8,0.1511,0.20201,0.0834,0.0981,0.9931,3.4797,0.8956,900000
hard,11,1000,False,4.55,7.4,1.0406,0.01115,0.273,0.1065,0.9167,0.0005,0.0102,900000
hard,12,1000,False,3243.37,88.9,0.4194,0.17836,0.2182,0.2207,0.9804,1.706,0.658,900000
hard,13,345,True,423.48,81.2,0.7408,0.0928,0.3119,0.0686,0.8309,0.2462,0.3575,900000
hard,14,283,True,199.66,64.3,0.9213,0.05462,0.4659,0.1459,0.7738,0.1193,0.1847,900000
hard,15,402,True,29.66,22.4,0.925,0.03823,0.4095,0.1169,0.707,0.1016,0.0527,900000
easy,1,1000,False,4135.8,100.0,0.291,0.16918,0.143,0.1239,0.9935,2.401,0.7291,1500000
easy,2,1000,False,4352.99,100.0,0.2879,0.20036,0.1628,0.2401,0.9966,2.4432,0.9073,1500000
easy,3,1000,False,4219.9,100.0,0.3102,0.24205,0.1811,0.2029,0.9892,2.2725,0.9497,1500000
easy,4,1000,False,4412.01,100.0,0.2762,0.19994,0.0783,0.1078,0.9963,2.5583,0.8521,1500000
easy,5,975,True,1687.29,71.7,0.5984,0.11331,0.2122,0.1092,0.9679,0.6703,0.3782,1500000
medium,6,1000,False,1811.54,92.2,0.6267,0.03728,0.1076,0.038,0.9891,0.7005,0.1953,1500000
medium,7,489,True,278.93,49.3,0.9317,0.05625,0.2516,0.0769,0.9398,0.0133,0.1422,1500000
medium,8,1000,False,3273.13,100.0,0.4711,0.17933,0.1186,0.0764,0.9874,1.469,0.8093,1500000
medium,9,1000,False,2859.7,100.0,0.4721,0.09319,0.1095,0.0976,0.9948,1.4261,0.4305,1500000
medium,10,1000,False,994.32,70.1,0.896,0.07892,0.2063,0.0846,0.9769,0.0396,0.2726,1500000
hard,11,1000,False,864.08,65.7,0.8892,0.05076,0.2036,0.0507,0.9775,0.0545,0.1687,1500000
hard,12,1000,False,335.65,29.1,1.0895,0.03013,0.1375,0.0311,0.9864,0.0019,0.0547,1500000
hard,13,1000,False,767.76,62.4,0.9377,0.0328,0.1895,0.0438,0.9633,0.0494,0.1255,1500000
hard,14,1000,False,1365.09,82.9,0.7872,0.0434,0.195,0.035,0.9793,0.3553,0.1953,1500000
hard,15,1000,False,177.32,15.7,1.0002,0.05006,0.207,0.0511,0.9717,0.0057,0.0413,1500000
