steps,terminated_early,total_reward,track_pct,search_pct,visibility_pct,n_spiral_activations,mean_centering_dist,mean_fraction,mean_action_jerk,post_handoff_cent,n_transitions,episode,model,scenario
167,True,-21.75238846732398,28.143712574850298,58.08383233532934,28.74251497005988,1,0.8455963205009366,0.045275099734042555,0.07219547280166523,0.8490155305183696,2,1,C:\Users\diego\OneDrive - Universidad Rey Juan Carlos\Documentos\GIA_URJC\Curso 2025-26\TFG\autonomous-flight-system\UAV_3D_Virtual_Env-master\models\hover_track_v4_3\checkpoints\model_100000_steps.zip,medium
1015,True,440.3059565871215,46.89655172413793,45.51724137931034,47.19211822660098,3,0.7612957991202712,0.09336429884453781,0.10898808815885754,0.7466316921485379,6,2,C:\Users\diego\OneDrive - Universidad Rey Juan Carlos\Documentos\GIA_URJC\Curso 2025-26\TFG\autonomous-flight-system\UAV_3D_Virtual_Env-master\models\hover_track_v4_3\checkpoints\model_100000_steps.zip,medium
625,True,-45.916913927773656,19.68,75.2,19.84,1,0.6487059010118602,0.0713843368902439,0.031253382354640424,0.6511846127682054,2,3,C:\Users\diego\OneDrive - Universidad Rey Juan Carlos\Documentos\GIA_URJC\Curso 2025-26\TFG\autonomous-flight-system\UAV_3D_Virtual_Env-master\models\hover_track_v4_3\checkpoints\model_100000_steps.zip,medium
641,True,-137.97771064122722,17.004680187207487,74.10296411856474,17.160686427457097,1,0.8800963812900592,0.04297770928899083,0.061823295947397126,0.8813840180080313,2,1,C:\Users\diego\OneDrive - Universidad Rey Juan Carlos\Documentos\GIA_URJC\Curso 2025-26\TFG\autonomous-flight-system\UAV_3D_Virtual_Env-master\models\hover_track_v4_3\checkpoints\model_150000_steps.zip,medium
150,True,-43.70722658394626,15.333333333333334,68.0,16.0,1,0.8236114608876405,0.04288383152173913,0.06281170755274744,0.8401422963448395,2,2,C:\Users\diego\OneDrive - Universidad Rey Juan Carlos\Documentos\GIA_URJC\Curso 2025-26\TFG\autonomous-flight-system\UAV_3D_Virtual_Env-master\models\hover_track_v4_3\checkpoints\model_150000_steps.zip,medium
867,True,54.288188219595035,33.79469434832757,49.596309111880046,34.371395617070355,5,0.9061079822992981,0.06407649850682594,0.0890285512642165,0.8689386451308283,10,3,C:\Users\diego\OneDrive - Universidad Rey Juan Carlos\Documentos\GIA_URJC\Curso 2025-26\TFG\autonomous-flight-system\UAV_3D_Virtual_Env-master\models\hover_track_v4_3\checkpoints\model_150000_steps.zip,medium
222,True,327.16161963119805,85.13513513513513,5.8558558558558556,85.58558558558559,1,0.6800265820050037,0.07995411706349206,0.1475743266387223,0.6825684796214012,2,1,C:\Users\diego\OneDrive - Universidad Rey Juan Carlos\Documentos\GIA_URJC\Curso 2025-26\TFG\autonomous-flight-system\UAV_3D_Virtual_Env-master\models\hover_track_v4_3\checkpoints\model_200000_steps.zip,medium
369,True,768.6150198834663,95.6639566395664,0.0,95.6639566395664,0,0.6354263088308042,0.11080802939093484,0.12449737277853748,0.37089368948988793,0,2,C:\Users\diego\OneDrive - Universidad Rey Juan Carlos\Documentos\GIA_URJC\Curso 2025-26\TFG\autonomous-flight-system\UAV_3D_Virtual_Env-master\models\hover_track_v4_3\checkpoints\model_200000_steps.zip,medium
184,True,98.15231211953652,58.69565217391305,28.804347826086957,59.23913043478261,1,0.7286209205191635,0.08883101851851852,0.06915905595314308,0.7316840313400886,2,3,C:\Users\diego\OneDrive - Universidad Rey Juan Carlos\Documentos\GIA_URJC\Curso 2025-26\TFG\autonomous-flight-system\UAV_3D_Virtual_Env-master\models\hover_track_v4_3\checkpoints\model_200000_steps.zip,medium
1460,True,615.4721154151955,44.04109589041096,47.80821917808219,44.38356164383562,5,0.7540967147001914,0.06140345548211509,0.09927655334537817,0.8722561186386549,10,1,C:\Users\diego\OneDrive - Universidad Rey Juan Carlos\Documentos\GIA_URJC\Curso 2025-26\TFG\autonomous-flight-system\UAV_3D_Virtual_Env-master\models\hover_track_v4_3\checkpoints\model_250000_steps.zip,medium
98,True,-51.41925642338499,5.1020408163265305,63.265306122448976,6.122448979591836,1,1.1398030546156612,0.01171875,0.09310970841378895,1.1532277974897867,2,2,C:\Users\diego\OneDrive - Universidad Rey Juan Carlos\Documentos\GIA_URJC\Curso 2025-26\TFG\autonomous-flight-system\UAV_3D_Virtual_Env-master\models\hover_track_v4_3\checkpoints\model_250000_steps.zip,medium
1799,True,-341.10243118798616,17.56531406336854,76.04224569205114,17.787659811006115,4,0.8964325340153955,0.06410391119462025,0.04599178398522166,0.9939923277529518,8,3,C:\Users\diego\OneDrive - Universidad Rey Juan Carlos\Documentos\GIA_URJC\Curso 2025-26\TFG\autonomous-flight-system\UAV_3D_Virtual_Env-master\models\hover_track_v4_3\checkpoints\model_250000_steps.zip,medium
23,True,17.87479093795414,100.0,0.0,100.0,0,0.6942415019895186,0.16987941576086957,0.17042335190556265,0.6847540390859445,0,1,C:\Users\diego\OneDrive - Universidad Rey Juan Carlos\Documentos\GIA_URJC\Curso 2025-26\TFG\autonomous-flight-system\UAV_3D_Virtual_Env-master\models\hover_track_v4_3\checkpoints\model_300000_steps.zip,medium
213,True,-101.52764353796178,5.633802816901408,76.05633802816901,6.103286384976526,1,1.1858390515940138,0.026285807291666668,0.059993807648150425,1.195266919814947,2,2,C:\Users\diego\OneDrive - Universidad Rey Juan Carlos\Documentos\GIA_URJC\Curso 2025-26\TFG\autonomous-flight-system\UAV_3D_Virtual_Env-master\models\hover_track_v4_3\checkpoints\model_300000_steps.zip,medium
44,True,38.322337971526935,100.0,0.0,100.0,0,0.9909737986085235,0.09727894176136363,0.154820972057276,0.991291676943414,0,3,C:\Users\diego\OneDrive - Universidad Rey Juan Carlos\Documentos\GIA_URJC\Curso 2025-26\TFG\autonomous-flight-system\UAV_3D_Virtual_Env-master\models\hover_track_v4_3\checkpoints\model_300000_steps.zip,medium
129,True,292.00053577672884,95.34883720930233,0.0,95.34883720930233,0,0.5247391184790416,0.09282107469512195,0.13780218525789678,0.5247391184790416,0,1,C:\Users\diego\OneDrive - Universidad Rey Juan Carlos\Documentos\GIA_URJC\Curso 2025-26\TFG\autonomous-flight-system\UAV_3D_Virtual_Env-master\models\hover_track_v4_3\checkpoints\model_350000_steps.zip,medium
19,True,-12.02319111446273,31.57894736842105,0.0,31.57894736842105,0,0.808413150534979,0.08821614583333333,0.16872508575518927,0.889405431255447,0,2,C:\Users\diego\OneDrive - Universidad Rey Juan Carlos\Documentos\GIA_URJC\Curso 2025-26\TFG\autonomous-flight-system\UAV_3D_Virtual_Env-master\models\hover_track_v4_3\checkpoints\model_350000_steps.zip,medium
14,True,-11.895658043939257,28.571428571428573,0.0,28.571428571428573,0,0.9270012412205427,0.0634765625,0.10022887702171619,1.0293701329528704,0,3,C:\Users\diego\OneDrive - Universidad Rey Juan Carlos\Documentos\GIA_URJC\Curso 2025-26\TFG\autonomous-flight-system\UAV_3D_Virtual_Env-master\models\hover_track_v4_3\checkpoints\model_350000_steps.zip,medium
15,True,-9.597227696352821,40.0,0.0,40.0,0,0.9504757951333209,0.06705729166666667,0.13603893986770085,0.9445008617702886,0,1,C:\Users\diego\OneDrive - Universidad Rey Juan Carlos\Documentos\GIA_URJC\Curso 2025-26\TFG\autonomous-flight-system\UAV_3D_Virtual_Env-master\models\hover_track_v4_3\checkpoints\model_400000_steps.zip,medium
17,True,-16.737740401920895,0.0,0.0,0.0,0,nan,nan,0.17866156715899706,nan,0,2,C:\Users\diego\OneDrive - Universidad Rey Juan Carlos\Documentos\GIA_URJC\Curso 2025-26\TFG\autonomous-flight-system\UAV_3D_Virtual_Env-master\models\hover_track_v4_3\checkpoints\model_400000_steps.zip,medium
15,True,-16.252878445762555,0.0,0.0,0.0,0,nan,nan,0.1266863207731928,nan,0,3,C:\Users\diego\OneDrive - Universidad Rey Juan Carlos\Documentos\GIA_URJC\Curso 2025-26\TFG\autonomous-flight-system\UAV_3D_Virtual_Env-master\models\hover_track_v4_3\checkpoints\model_400000_steps.zip,medium
2000,False,20.762337986393415,22.25,71.8,22.5,6,0.7358721518308046,0.09666652036516854,0.043626103993028166,0.5476415732459621,11,1,C:\Users\diego\OneDrive - Universidad Rey Juan Carlos\Documentos\GIA_URJC\Curso 2025-26\TFG\autonomous-flight-system\UAV_3D_Virtual_Env-master\models\hover_track_v4_3\checkpoints\model_50000_steps.zip,medium
1378,True,319.699913116001,37.08272859216255,51.30624092888244,37.59071117561684,8,0.775360678730478,0.07840019569471625,0.07150332122525781,0.7172187818575373,15,2,C:\Users\diego\OneDrive - Universidad Rey Juan Carlos\Documentos\GIA_URJC\Curso 2025-26\TFG\autonomous-flight-system\UAV_3D_Virtual_Env-master\models\hover_track_v4_3\checkpoints\model_50000_steps.zip,medium
539,True,-37.95575109055994,36.54916512059369,52.319109461966605,36.92022263450835,3,0.8840073185567794,0.04342480964467005,0.07737362529168453,0.8848028584572887,5,3,C:\Users\diego\OneDrive - Universidad Rey Juan Carlos\Documentos\GIA_URJC\Curso 2025-26\TFG\autonomous-flight-system\UAV_3D_Virtual_Env-master\models\hover_track_v4_3\checkpoints\model_50000_steps.zip,medium
