episode,timestep,reward,steps,mean_pos_error,mean_alt_error,omega_scale,phase,r_tracking,r_velocity,r_altitude,r_stability,r_progress,r_off_track
1,62,22.5,62,0.2218,1.4138,0.3,A,1.1077,0.8225,0.0,0.3316,0.1,-0.0645
2,266,4.71,204,1.4196,2.2868,0.3,A,0.5071,0.0836,0.0,0.3952,0.1,-0.2868
3,363,5.74,97,0.2176,1.567,0.3,A,1.1851,0.515,0.0,0.4926,0.1,-0.067
4,443,4.61,80,0.2068,1.4421,0.3,A,1.0936,0.6347,0.0,0.5984,0.1,-0.0437
5,506,3.78,63,0.1853,1.4476,0.3,A,1.2184,0.8701,0.0,0.3699,0.1,-0.0397
6,599,4.74,93,0.3123,1.3988,0.3,A,1.003,0.6714,0.0,0.4354,0.1,-0.1237
7,645,2.65,46,0.1059,1.4235,0.3,A,1.563,0.5322,0.0,0.2791,0.1,0.0
8,684,2.64,39,0.1019,1.3846,0.3,A,1.5931,0.8016,0.0,0.3932,0.1,0.0
9,755,2.85,71,0.2603,1.3892,0.3,A,1.0613,0.24,0.0,0.3898,0.1,-0.0986
10,822,3.8,67,0.1524,1.5138,0.3,A,1.3776,0.2926,0.0,0.5372,0.1,-0.0224
11,867,2.4,45,0.1419,1.395,0.3,A,1.3486,0.3395,0.0,0.4358,0.1,0.0
12,943,3.04,76,0.2804,1.4764,0.3,A,1.0367,0.1536,0.0,0.4402,0.1,-0.1053
13,998,2.57,55,0.1781,1.3146,0.3,A,1.241,0.1484,0.0,0.4308,0.1,-0.0273
14,1054,4.1,56,0.0838,1.3708,0.3,A,1.6883,0.6095,0.0,0.4336,0.1,0.0
15,1137,4.03,83,0.3672,1.5136,0.3,A,0.883,0.6049,0.0,0.4321,0.1,-0.1446
16,1195,4.12,58,0.131,1.4662,0.3,A,1.4173,0.7519,0.0,0.4438,0.1,0.0
17,1307,2.68,112,0.9042,1.562,0.3,A,0.5539,0.1771,0.0,0.3864,0.1,-0.2723
18,1381,4.47,74,0.1811,1.4483,0.3,A,1.2756,0.4056,0.0,0.5076,0.1,-0.0473
19,1496,3.45,115,0.8068,1.8201,0.3,A,0.6637,0.2452,0.0,0.3657,0.1,-0.2348
20,1661,6.56,165,1.3057,1.8712,0.3,A,0.5987,0.5987,0.0,0.398,0.1,-0.2727
21,1733,3.49,72,0.3702,1.4519,0.3,A,0.8718,0.6727,0.0,0.2957,0.1,-0.1458
22,1842,3.21,109,0.8757,1.6387,0.3,A,0.5318,0.4279,0.0,0.3024,0.1,-0.2752
23,1933,3.29,91,0.4603,1.746,0.3,A,0.8628,0.1821,0.0,0.3428,0.1,-0.1703
24,1998,3.65,65,0.1835,1.4012,0.3,A,1.2212,0.2386,0.0,0.4827,0.1,-0.0385
25,2063,4.13,65,0.2496,1.3894,0.304,A,1.0222,0.8515,0.0,0.3466,0.1,-0.0846
26,2112,4.27,49,0.0986,1.3365,0.304,A,1.6136,0.8259,0.0,0.5102,0.1,0.0
27,2229,4.89,117,0.8304,1.9624,0.304,A,0.7959,0.5721,0.0,0.2212,0.1,-0.235
28,2371,5.84,142,0.8325,1.8906,0.304,A,0.6753,0.5837,0.0,0.3164,0.1,-0.257
29,2474,6.24,103,0.2628,1.4092,0.304,A,0.9887,0.5349,0.0,0.5712,0.1,-0.0874
30,2617,2.97,143,1.578,1.7413,0.304,A,0.4299,0.1966,0.0,0.3599,0.1,-0.3182
31,2671,2.73,54,0.191,1.577,0.304,A,1.128,0.3227,0.0,0.3409,0.1,-0.0185
32,2729,2.76,58,0.2101,1.4875,0.304,A,1.0781,0.1654,0.0,0.4577,0.1,-0.0431
33,2787,4.43,58,0.132,1.4298,0.304,A,1.4504,0.798,0.0,0.3659,0.1,-0.0086
34,2826,3.05,39,0.0713,1.4291,0.304,A,1.8007,0.5418,0.0,0.411,0.1,0.0
35,2868,3.24,42,0.0833,1.4115,0.304,A,1.7162,0.5415,0.0,0.4454,0.1,0.0
36,2935,2.46,67,0.2682,1.4811,0.304,A,0.9985,0.0145,0.0,0.3577,0.1,-0.097
37,3002,5.19,67,0.1816,1.4463,0.304,A,1.3062,0.9612,0.0,0.3994,0.1,-0.0522
38,3093,2.91,91,0.4613,1.2609,0.304,A,0.728,0.0252,0.0,0.5047,0.1,-0.1813
39,3141,2.34,48,0.1619,1.4371,0.304,A,1.2644,0.0967,0.0,0.3629,0.1,0.0
40,3197,3.25,56,0.1657,1.3321,0.304,A,1.242,0.2384,0.0,0.5198,0.1,0.0
41,3243,4.35,46,0.0602,1.4544,0.304,A,1.8508,0.7429,0.0,0.6388,0.1,0.0
42,3305,6.06,62,0.0689,1.32,0.304,A,1.8044,0.8844,0.0,0.6002,0.1,0.0
43,3380,2.05,75,0.4181,1.4782,0.304,A,0.7346,0.0559,0.0,0.3376,0.1,-0.18
44,3439,4.56,59,0.1068,1.4308,0.304,A,1.5629,0.5615,0.0,0.5194,0.1,0.0
45,3515,6.78,76,0.1029,1.2324,0.304,A,1.5969,0.772,0.0,0.6439,0.1,0.0
46,3585,6.32,70,0.0843,1.4884,0.304,A,1.7101,0.8511,0.0,0.5525,0.1,0.0
47,3669,4.59,84,0.3109,1.6192,0.304,A,0.9572,0.5728,0.0,0.4822,0.1,-0.1131
48,3711,2.67,42,0.1075,1.4392,0.304,A,1.5515,0.3566,0.0,0.4195,0.1,0.0
49,3759,2.82,48,0.1322,1.4015,0.304,A,1.4044,0.306,0.0,0.4194,0.1,0.0
50,3805,3.57,46,0.1114,1.4369,0.304,A,1.529,0.8098,0.0,0.4341,0.1,0.0
51,3877,5.2,72,0.1419,1.3896,0.304,A,1.3935,0.6209,0.0,0.5016,0.1,-0.0069
52,4021,6.18,144,1.4523,1.5415,0.304,A,0.5039,0.785,0.0,0.4529,0.1,-0.2986
53,4077,2.29,56,0.2404,1.5078,0.304,A,1.0501,0.1597,0.0,0.35,0.1,-0.0804
54,4118,3.26,41,0.0663,1.3526,0.308,A,1.8051,0.7174,0.0,0.3356,0.1,0.0
55,4195,6.45,77,0.1232,1.4143,0.308,A,1.4415,0.8399,0.0,0.61,0.1,0.0
56,4253,4.29,58,0.1226,1.4304,0.308,A,1.4997,0.7914,0.0,0.3525,0.1,-0.0086
57,4304,3.52,51,0.1166,1.3688,0.308,A,1.5,0.4959,0.0,0.4902,0.1,0.0
58,4398,6.62,94,0.2921,1.5078,0.308,A,1.1291,0.9026,0.0,0.5325,0.1,-0.117
59,4479,4.91,81,0.2611,1.4864,0.308,A,1.037,0.6871,0.0,0.5308,0.1,-0.0926
60,4572,6.72,93,0.1199,1.3174,0.308,A,1.4805,0.5282,0.0,0.5564,0.1,0.0
61,4710,5.81,138,1.4358,1.7358,0.308,A,0.568,0.8554,0.0,0.3495,0.1,-0.2935
62,4886,5.85,176,1.0438,1.1887,0.308,A,0.5571,0.2127,0.0,0.6312,0.1,-0.2557
63,5062,5.98,176,1.6545,2.1095,0.308,A,0.6602,0.3841,0.0,0.3953,0.1,-0.2727
64,5117,2.59,55,0.1737,1.3612,0.308,A,1.2222,0.0946,0.0,0.4562,0.1,-0.0091
65,5174,3.65,57,0.1659,1.3681,0.308,A,1.2476,0.6438,0.0,0.4685,0.1,0.0
66,5232,2.98,58,0.2168,1.3488,0.308,A,1.1113,0.4997,0.0,0.3534,0.1,-0.0603
67,5276,3.69,44,0.0657,1.4598,0.308,A,1.8031,0.8799,0.0,0.4287,0.1,0.0
68,5344,4.66,68,0.1951,1.4046,0.308,A,1.3027,0.9132,0.0,0.3314,0.1,-0.0662
69,5456,6.5,112,0.4907,1.6358,0.308,A,0.9112,0.8481,0.0,0.4946,0.1,-0.1964
70,5604,5.05,148,1.8338,2.4051,0.308,A,0.4945,0.7694,0.0,0.2441,0.1,-0.3142
71,5731,3.12,127,1.0428,1.7423,0.308,A,0.4804,0.2389,0.0,0.4276,0.1,-0.2913
72,5778,2.12,47,0.1631,1.3523,0.308,A,1.2407,0.0218,0.0,0.4547,0.1,0.0
73,5904,5.53,126,0.6258,1.515,0.308,A,0.5976,0.6858,0.0,0.4846,0.1,-0.2302
74,5953,2.58,49,0.1438,1.3523,0.308,A,1.3422,0.1425,0.0,0.4844,0.1,0.0
75,6016,5.16,63,0.0927,1.3269,0.308,A,1.6721,0.6764,0.0,0.6056,0.1,0.0
76,6103,2.26,87,0.591,1.5333,0.308,A,0.6927,0.1489,0.0,0.3091,0.1,-0.2126
77,6286,7.97,183,0.5474,1.5234,0.312,A,0.6681,0.4789,0.0,0.5987,0.1,-0.2459
78,6425,4.94,139,0.7034,1.6949,0.312,A,0.7033,0.2187,0.0,0.5457,0.1,-0.2266
79,6595,6.39,170,1.3717,1.6445,0.312,A,0.723,0.4639,0.0,0.3757,0.1,-0.2618
80,6749,8.77,154,0.5998,1.3588,0.312,A,0.7285,0.857,0.0,0.6584,0.1,-0.2208
81,6814,4.64,65,0.1389,1.2364,0.312,A,1.406,0.7325,0.0,0.5529,0.1,0.0
82,6960,7.33,146,0.8514,1.6711,0.312,A,0.8519,0.7837,0.0,0.3924,0.1,-0.2021
83,7081,6.02,121,0.6747,1.4253,0.312,A,0.7828,0.8517,0.0,0.4187,0.1,-0.2149
84,7135,3.34,54,0.1283,1.4083,0.312,A,1.4323,0.5155,0.0,0.4532,0.1,0.0
85,7305,5.03,170,1.7164,2.3089,0.312,A,0.436,0.6866,0.0,0.2595,0.1,-0.3176
86,7462,6.72,157,1.179,1.679,0.312,A,0.6035,0.7295,0.0,0.4861,0.1,-0.2675
87,7616,5.61,154,0.7807,1.6866,0.312,A,0.5716,0.3854,0.0,0.6382,0.1,-0.2792
88,7676,2.44,60,0.2088,1.4606,0.312,A,1.1105,0.0554,0.0,0.4545,0.1,-0.05
89,7830,4.06,154,1.6537,2.0425,0.312,A,0.509,0.4563,0.0,0.2701,0.1,-0.2955
90,7913,5.54,83,0.2377,1.3145,0.312,A,1.2289,0.9136,0.0,0.4243,0.1,-0.0904
91,8026,5.24,113,0.6203,1.512,0.312,A,0.7728,0.7388,0.0,0.4079,0.1,-0.2212
92,8158,6.55,132,0.2972,1.5971,0.312,A,0.8258,0.5069,0.0,0.5924,0.1,-0.1212
93,8236,3.94,78,0.3742,1.5036,0.316,A,0.9104,0.8623,0.0,0.2778,0.1,-0.1538
94,8382,6.68,146,0.6496,1.4828,0.316,A,0.6655,0.6885,0.0,0.4916,0.1,-0.1884
95,8604,8.29,222,1.0827,2.236,0.316,A,0.55,0.7163,0.0,0.3703,0.1,-0.3086
96,8779,6.46,175,1.2036,2.0047,0.316,A,0.5683,0.6628,0.0,0.368,0.1,-0.2743
97,8919,5.28,140,0.4718,1.3291,0.316,A,0.7592,0.1817,0.0,0.5925,0.1,-0.1679
98,9118,8.7,199,1.8071,1.5514,0.316,A,0.5722,0.7409,0.0,0.5607,0.1,-0.3065
99,9275,6.6,157,1.7551,2.2764,0.316,A,0.6245,0.9452,0.0,0.2538,0.1,-0.293
100,9328,4.27,53,0.082,1.3765,0.316,A,1.7088,0.9286,0.0,0.4523,0.1,0.0
101,9417,5.33,89,0.2566,1.3356,0.316,A,1.1202,0.7784,0.0,0.4355,0.1,-0.0899
102,9593,7.2,176,2.1637,1.8323,0.316,A,0.4498,0.8442,0.0,0.5236,0.1,-0.3352
103,9859,8.84,266,0.801,2.1077,0.316,A,0.4486,0.6314,0.0,0.413,0.1,-0.3158
104,10129,8.91,270,0.917,2.2732,0.316,A,0.3637,0.7299,0.0,0.4421,0.1,-0.3611
105,10275,5.96,146,1.4623,2.0172,0.32,A,0.6142,0.8365,0.0,0.3328,0.1,-0.2842
106,10582,13.24,307,0.8763,1.2109,0.32,A,0.4675,0.7618,0.0021,0.6369,0.1,-0.3094
107,10775,8.0,193,1.8193,1.3187,0.32,A,0.4616,0.8366,0.0,0.5528,0.1,-0.3161
108,10935,6.75,160,0.9672,1.4602,0.32,A,0.6803,0.5808,0.0,0.5784,0.1,-0.2656
109,11168,9.05,233,1.8661,1.5285,0.32,A,0.4472,0.6984,0.0,0.6123,0.1,-0.324
110,11341,8.87,173,1.3375,1.2438,0.32,A,0.7358,0.9194,0.0,0.5393,0.1,-0.2543
111,11529,7.54,188,0.8491,1.5087,0.32,A,0.5454,0.6932,0.0,0.5719,0.1,-0.2926
112,11736,8.87,207,1.885,1.3064,0.32,A,0.5307,0.8641,0.0,0.5544,0.1,-0.3188
113,12010,11.16,274,0.7571,1.6459,0.32,A,0.5291,0.7697,0.0,0.5244,0.1,-0.2755
114,12252,5.82,242,1.116,2.7189,0.32,A,0.3449,0.5011,0.0,0.4188,0.1,-0.3657
115,12496,8.87,244,0.8071,1.8677,0.325,A,0.5212,0.6995,0.0,0.4729,0.1,-0.3094
116,12693,9.24,197,1.0182,1.5055,0.325,A,0.7392,0.7701,0.0,0.491,0.1,-0.1853
117,12977,11.13,284,1.1847,1.6297,0.325,A,0.5417,0.7065,0.0001,0.4733,0.1,-0.2113
118,13197,10.35,220,0.8054,0.7695,0.325,A,0.613,0.7961,0.1245,0.6056,0.1,-0.2727
119,13573,12.88,376,1.1545,1.3126,0.325,A,0.2779,0.7553,0.2072,0.4991,0.1,-0.3923
120,13812,6.58,239,0.8576,1.7888,0.325,A,0.3648,0.5941,0.0,0.477,0.1,-0.3494
121,13987,7.57,175,1.4383,1.5212,0.325,A,0.6145,0.9214,0.0,0.4906,0.1,-0.2771
122,14160,6.39,173,0.755,1.0922,0.325,A,0.5625,0.6689,0.0001,0.5475,0.1,-0.289
123,14405,8.49,245,1.6267,1.0723,0.329,A,0.4142,0.6325,0.0001,0.6566,0.1,-0.3224
124,14655,10.18,250,2.029,1.4201,0.329,A,0.554,0.7563,0.0,0.6397,0.1,-0.312
125,14870,6.84,215,0.7006,1.3501,0.329,A,0.4001,0.5641,0.0,0.5977,0.1,-0.2791
126,15026,5.84,156,1.7571,1.574,0.329,A,0.4972,0.8998,0.0,0.4446,0.1,-0.3109
127,15358,14.82,332,0.5371,0.8747,0.329,A,0.5695,0.6807,0.0241,0.6843,0.1,-0.1491
128,15547,7.88,189,1.8766,1.0865,0.329,A,0.574,0.9011,0.0,0.5707,0.1,-0.3042
129,15853,9.68,306,1.4402,1.7995,0.329,A,0.3817,0.8206,0.0,0.4379,0.1,-0.3497
130,16106,8.96,253,1.9229,1.0314,0.329,A,0.3206,0.8344,0.0011,0.6473,0.1,-0.3458
131,16378,10.59,272,1.119,0.7676,0.329,A,0.5761,0.6496,0.0979,0.5875,0.1,-0.3033
132,16719,10.18,341,1.0366,2.3888,0.333,A,0.333,0.7808,0.0,0.4875,0.1,-0.3783
133,16973,11.07,254,1.5735,1.4127,0.333,A,0.6087,0.8045,0.0,0.6815,0.1,-0.2677
134,17192,8.13,219,1.7451,1.3169,0.333,A,0.482,0.762,0.0,0.631,0.1,-0.3082
135,17564,13.5,372,1.2674,1.3271,0.333,A,0.3382,0.872,0.0,0.6786,0.1,-0.3737
136,17807,9.12,243,1.6809,1.0376,0.333,A,0.4239,0.7431,0.0034,0.7306,0.1,-0.3169
137,18072,10.81,265,1.8764,1.0196,0.333,A,0.5269,0.7524,0.0199,0.7229,0.1,-0.2962
138,18300,11.96,228,1.5298,0.5835,0.333,A,0.6014,0.8733,0.3637,0.7122,0.1,-0.2917
139,18544,12.13,244,0.9308,0.8038,0.337,A,0.8535,0.7237,0.0815,0.6792,0.1,-0.1783
140,18889,14.06,345,1.6203,0.7011,0.337,A,0.3477,0.7445,0.2974,0.7569,0.1,-0.371
141,19185,12.05,296,1.697,0.8398,0.337,A,0.4303,0.8799,0.0857,0.7369,0.1,-0.3412
142,19559,13.11,374,1.2402,0.876,0.337,A,0.4671,0.5966,0.1081,0.6512,0.1,-0.2901
143,19822,9.33,263,1.1592,1.1367,0.337,A,0.3798,0.6143,0.0,0.7723,0.1,-0.1996
144,20139,8.92,317,1.1226,1.965,0.337,A,0.4011,0.5079,0.0,0.6235,0.1,-0.3123
145,20400,6.64,261,1.5332,1.9294,0.337,A,0.4048,0.4786,0.0,0.5586,0.1,-0.3429
146,20700,12.68,300,1.1677,0.7079,0.341,A,0.5397,0.7732,0.0736,0.7249,0.1,-0.2483
147,20901,8.52,201,1.3903,1.1017,0.341,A,0.5986,0.937,0.0002,0.6551,0.1,-0.291
148,21078,7.3,177,1.3973,1.1214,0.341,A,0.5955,0.9512,0.0002,0.5975,0.1,-0.2881
149,21338,11.22,260,1.3671,0.9408,0.341,A,0.62,0.8353,0.014,0.7491,0.1,-0.2885
150,21638,10.33,300,0.967,1.0501,0.341,A,0.4531,0.679,0.0002,0.676,0.1,-0.2767
151,21934,10.21,296,0.9133,1.0838,0.341,A,0.4556,0.7081,0.0001,0.6442,0.1,-0.2753
152,22412,14.51,478,0.9937,1.3719,0.341,A,0.2356,0.7779,0.1907,0.5376,0.1,-0.4153
153,22838,16.46,426,1.4215,0.8483,0.345,A,0.4346,0.8189,0.1452,0.6471,0.1,-0.3228
154,23044,10.17,206,1.3662,0.6985,0.345,A,0.6876,0.8518,0.3168,0.6805,0.1,-0.2718
155,23255,9.3,211,1.1948,0.9972,0.345,A,0.6799,0.93,0.0033,0.6762,0.1,-0.2654
156,23435,7.53,180,1.2797,1.1195,0.345,A,0.7537,0.8853,0.0001,0.5295,0.1,-0.2389
157,23776,9.47,341,1.7152,1.0514,0.345,A,0.3403,0.6951,0.0006,0.5817,0.1,-0.3768
158,24007,10.91,231,1.4454,0.7598,0.345,A,0.6452,0.7861,0.203,0.822,0.1,-0.2835
159,24277,10.3,270,1.2926,0.9807,0.345,A,0.4709,0.8485,0.0019,0.7412,0.1,-0.3204
160,24510,10.07,233,1.1594,0.9937,0.345,A,0.6594,0.8847,0.0024,0.6944,0.1,-0.2511
161,24786,13.67,276,1.2425,0.7854,0.349,A,0.7431,0.8748,0.1682,0.768,0.1,-0.2554
162,25039,14.36,253,0.9431,0.6859,0.349,A,1.0587,0.904,0.2301,0.684,0.1,-0.1838
163,25362,15.7,323,1.2341,0.906,0.349,A,0.7333,0.8107,0.1302,0.9188,0.1,-0.243
164,25629,10.95,267,1.1554,0.9069,0.349,A,0.7598,0.6497,0.0287,0.7953,0.1,-0.2266
165,25911,13.09,282,1.2405,0.8155,0.349,A,0.6108,0.923,0.1536,0.8697,0.1,-0.266
166,26181,12.13,270,1.591,0.6987,0.349,A,0.5833,0.9155,0.1882,0.8478,0.1,-0.2981
167,26448,11.8,267,1.0558,0.9154,0.349,A,0.6871,0.8424,0.1221,0.7868,0.1,-0.2228
168,26828,12.14,380,1.8399,0.7628,0.353,A,0.332,0.8734,0.1774,0.5734,0.1,-0.3737
169,27114,11.91,286,1.4671,0.8848,0.353,A,0.5135,0.8506,0.1543,0.8835,0.1,-0.3094
170,27412,12.85,298,1.5824,0.727,0.353,A,0.6233,0.8328,0.1914,0.8166,0.1,-0.2836
171,27803,9.76,391,1.8603,0.9662,0.353,A,0.3149,0.7057,0.0038,0.5886,0.1,-0.3811
172,28043,8.69,240,0.997,0.8352,0.353,A,0.5271,0.7362,0.0259,0.7183,0.1,-0.175
173,28304,9.16,261,0.949,0.6564,0.353,A,0.519,0.6709,0.2561,0.6208,0.1,-0.2989
174,28544,9.33,240,1.6431,0.7133,0.353,A,0.4943,0.8495,0.2081,0.7272,0.1,-0.3125
175,28797,11.87,253,1.2943,0.676,0.357,A,0.6882,0.9093,0.2351,0.8184,0.1,-0.2628
176,29116,11.58,319,1.7547,1.0382,0.357,A,0.4703,0.8057,0.1612,0.7239,0.1,-0.3245
177,29565,14.6,449,1.2233,0.8043,0.357,A,0.3291,0.8013,0.2428,0.6307,0.1,-0.3697
178,29827,11.31,262,1.2209,0.8263,0.357,A,0.6542,0.7749,0.153,0.863,0.1,-0.2366
179,30107,10.68,280,1.0652,0.7993,0.357,A,0.4936,0.6716,0.1873,0.7755,0.1,-0.1821
180,30386,12.54,279,1.1033,0.7823,0.357,A,0.7149,0.9187,0.1829,0.7347,0.1,-0.2419
181,30654,10.53,268,1.2185,0.9912,0.357,A,0.5195,0.9014,0.1237,0.7617,0.1,-0.2817
182,31018,11.94,364,1.7454,1.7138,0.361,A,0.3434,0.9349,0.0841,0.6727,0.1,-0.3613
183,31322,11.22,304,1.4177,0.8532,0.361,A,0.4951,0.8028,0.1648,0.7493,0.1,-0.3141
184,31663,11.2,341,1.9404,0.9402,0.361,A,0.3104,0.8109,0.131,0.7895,0.1,-0.3622
185,31991,12.76,328,1.7085,1.3475,0.361,A,0.4321,0.9035,0.0978,0.9053,0.1,-0.3369
186,32278,12.45,287,1.1089,0.6389,0.361,A,0.6682,0.7793,0.2261,0.7928,0.1,-0.2178
187,32545,9.76,267,0.9141,0.7586,0.361,A,0.5135,0.7241,0.1904,0.6241,0.1,-0.1592
188,32847,13.25,302,1.2511,1.0691,0.366,A,0.7083,0.8207,0.1431,0.8454,0.1,-0.2351
189,33088,9.1,241,1.1703,0.7728,0.366,A,0.5178,0.8565,0.1914,0.6571,0.1,-0.249
190,33349,10.88,261,1.3076,0.7806,0.366,A,0.5924,0.9151,0.1728,0.7861,0.1,-0.2835
191,33669,12.45,320,1.055,0.719,0.366,A,0.4798,0.6905,0.2236,0.8236,0.1,-0.1875
192,33941,10.83,272,1.1169,0.7047,0.366,A,0.5333,0.8225,0.2287,0.7076,0.1,-0.204
193,34179,9.69,238,1.174,0.7005,0.366,A,0.6879,0.8044,0.2008,0.6866,0.1,-0.2353
194,34464,10.93,285,1.4155,1.1832,0.366,A,0.5199,0.8494,0.1175,0.8331,0.1,-0.3088
195,34725,10.25,261,0.9562,0.8798,0.366,A,0.6166,0.7683,0.1439,0.7258,0.1,-0.1877
196,34994,10.88,269,1.1841,1.0076,0.37,A,0.5862,0.9181,0.1183,0.7707,0.1,-0.2602
197,35300,11.55,306,1.3677,1.1965,0.37,A,0.4614,0.9301,0.1095,0.7954,0.1,-0.3105
198,35588,11.75,288,1.3563,1.0852,0.37,A,0.6208,0.9139,0.1215,0.7857,0.1,-0.2865
199,35889,11.55,301,1.1712,0.8488,0.37,A,0.5498,0.9534,0.1388,0.6836,0.1,-0.2957
200,36166,10.21,277,1.2884,0.8098,0.37,A,0.5811,0.8946,0.1468,0.6289,0.1,-0.2978
201,36468,12.57,302,1.0742,0.9418,0.37,A,0.6462,0.8042,0.1362,0.8468,0.1,-0.2185
202,36820,12.75,352,1.2605,1.5178,0.37,A,0.4364,0.8765,0.0864,0.8445,0.1,-0.3224
203,37158,11.99,338,1.2472,1.1148,0.374,A,0.4262,0.9394,0.119,0.7362,0.1,-0.3388
204,37497,12.78,339,1.1333,0.9702,0.374,A,0.4612,0.8751,0.1406,0.7786,0.1,-0.2507
205,37875,13.99,378,1.3775,1.3836,0.374,A,0.4782,0.8441,0.0904,0.8797,0.1,-0.3228
206,38240,13.22,365,1.3054,1.1661,0.374,A,0.5155,0.7605,0.1185,0.8244,0.1,-0.2877
207,38613,12.76,373,1.3752,1.514,0.374,A,0.3514,0.8638,0.0943,0.8764,0.1,-0.3646
208,38939,12.82,326,1.2524,1.2863,0.378,A,0.4932,0.8981,0.1042,0.9027,0.1,-0.2914
209,39374,13.37,435,1.5566,1.2851,0.378,A,0.2899,0.9039,0.0682,0.7562,0.1,-0.392
210,39662,10.81,288,1.3154,1.4552,0.378,A,0.501,0.8763,0.0899,0.8579,0.1,-0.3142
211,40010,12.06,348,1.0096,0.6597,0.378,A,0.4331,0.6456,0.2214,0.7742,0.1,-0.2299
212,40296,11.48,286,1.367,1.0091,0.378,A,0.5097,0.9233,0.1398,0.8914,0.1,-0.3094
213,40671,13.54,375,1.5649,1.495,0.378,A,0.4337,0.9366,0.0867,0.8009,0.1,-0.3307
214,40973,14.32,302,0.8836,0.8503,0.382,A,0.9545,0.7878,0.1536,0.8468,0.1,-0.1772
215,41322,12.51,349,1.2093,0.8761,0.382,A,0.4835,0.7417,0.1401,0.8179,0.1,-0.2479
216,41631,11.57,309,1.0473,0.665,0.382,A,0.5432,0.8726,0.1634,0.7374,0.1,-0.2848
217,41937,13.32,306,0.4436,0.7808,0.382,A,0.6465,0.8537,0.2531,0.7702,0.1,-0.1454
218,42276,13.1,339,1.0954,0.6088,0.382,A,0.4621,0.9297,0.2831,0.6968,0.1,-0.2655
219,42571,10.95,295,1.1377,0.5927,0.382,A,0.5251,0.7228,0.2714,0.6979,0.1,-0.1915
220,42926,14.36,355,1.0896,0.5816,0.382,A,0.6909,0.7638,0.2461,0.7585,0.1,-0.2465
221,43283,13.77,357,0.9484,0.5755,0.386,A,0.4377,0.87,0.3162,0.7417,0.1,-0.2451
222,43632,13.61,349,0.8337,1.0094,0.386,A,0.6214,0.9682,0.0985,0.7469,0.1,-0.2837
223,43992,10.99,360,1.0715,0.9601,0.386,A,0.3166,0.8811,0.1248,0.7145,0.1,-0.3667
224,44317,13.52,325,1.143,0.9583,0.386,A,0.7426,0.8849,0.1107,0.7718,0.1,-0.2046
225,44864,14.04,547,1.6829,1.906,0.386,A,0.407,0.6424,0.0698,0.6177,0.1,-0.3455
226,45318,14.47,454,0.8859,0.6838,0.39,A,0.3281,0.8177,0.1505,0.7677,0.1,-0.3051
227,45673,13.67,355,0.846,0.571,0.39,A,0.463,0.9578,0.2632,0.7503,0.1,-0.2901
228,46040,14.57,367,1.4062,0.4418,0.39,A,0.4197,0.8546,0.5039,0.7666,0.1,-0.3297
229,46369,11.8,329,0.762,1.0061,0.39,A,0.5807,0.8434,0.1391,0.7249,0.1,-0.2857
230,46777,14.74,408,1.5289,1.2964,0.39,A,0.5666,0.8649,0.1432,0.7332,0.1,-0.2917
231,47060,10.5,283,0.7344,0.6932,0.39,A,0.6748,0.688,0.2039,0.7471,0.1,-0.2261
232,47426,13.48,366,1.3065,0.9331,0.394,A,0.5665,0.8213,0.1211,0.847,0.1,-0.2883
233,47850,12.72,424,1.3096,1.3698,0.394,A,0.3558,0.841,0.0772,0.7609,0.1,-0.3656
234,48137,10.52,287,0.8265,0.6059,0.394,A,0.4196,0.9457,0.3092,0.7236,0.1,-0.3345
235,48413,8.53,276,0.5555,0.6139,0.394,A,0.4344,0.653,0.2533,0.6332,0.1,-0.2446
236,48757,11.12,344,0.9847,1.07,0.394,A,0.4247,0.9337,0.1102,0.6828,0.1,-0.3488
237,49149,12.14,392,1.4632,0.8636,0.394,A,0.3223,0.8515,0.1047,0.795,0.1,-0.3546
238,49493,13.43,344,1.088,0.5623,0.398,A,0.4907,0.9309,0.2478,0.7556,0.1,-0.2355
239,49787,10.37,294,0.7769,0.7175,0.398,A,0.4535,0.8422,0.2034,0.7447,0.1,-0.2653
240,50240,11.96,453,1.0307,0.9732,0.398,A,0.3781,0.6278,0.1366,0.6323,0.1,-0.3245
241,50543,9.09,303,0.8424,1.1527,0.398,A,0.3371,0.8438,0.1022,0.7353,0.1,-0.3498
242,50857,10.69,314,0.6277,1.0916,0.398,A,0.5446,0.8419,0.1088,0.7006,0.1,-0.2962
243,51197,12.77,340,1.3775,0.4741,0.398,A,0.3664,0.9023,0.4216,0.7519,0.1,-0.3426
244,51532,14.87,335,1.2249,0.5012,0.402,A,0.6824,0.857,0.4373,0.7579,0.1,-0.2358
245,51914,13.5,382,1.4584,0.8865,0.402,A,0.4701,0.8814,0.1599,0.7895,0.1,-0.3181
246,52257,14.01,343,0.8183,0.6322,0.402,A,0.7804,0.8368,0.1873,0.7566,0.1,-0.2493
247,52606,13.82,349,1.6225,0.5473,0.402,A,0.4884,0.8925,0.3541,0.8035,0.1,-0.288
248,53001,13.79,395,0.7022,0.8554,0.402,A,0.4554,0.8777,0.1463,0.7546,0.1,-0.2582
249,53418,15.4,417,0.9055,1.0305,0.406,A,0.6376,0.714,0.0995,0.839,0.1,-0.193
250,53814,15.8,396,1.244,0.8911,0.406,A,0.8383,0.688,0.1386,0.8424,0.1,-0.2235
251,54195,13.19,381,0.9545,1.5947,0.406,A,0.4913,0.763,0.08,0.903,0.1,-0.2507
252,54639,17.57,444,0.6207,0.6882,0.406,A,0.7812,0.6252,0.2275,0.7499,0.1,-0.1014
253,55081,14.86,442,1.2507,1.1556,0.406,A,0.5476,0.7467,0.1116,0.8377,0.1,-0.3032
254,55409,9.26,328,1.0341,0.646,0.411,A,0.4254,0.4787,0.2116,0.7607,0.1,-0.25
255,55748,13.77,339,0.9868,0.6447,0.411,A,0.6988,0.9335,0.2088,0.745,0.1,-0.2168
256,56150,14.71,402,0.6821,0.8302,0.411,A,0.6246,0.7878,0.1372,0.7958,0.1,-0.2152
257,56580,18.59,430,0.9845,1.2883,0.411,A,1.0431,0.7043,0.0858,0.8903,0.1,-0.1791
258,56924,13.61,344,1.2129,0.5645,0.411,A,0.7181,0.8508,0.2664,0.7474,0.1,-0.2282
259,57297,13.96,373,0.7777,0.582,0.411,A,0.5691,0.9149,0.2644,0.7588,0.1,-0.2788
260,57711,12.16,414,0.8489,0.8413,0.415,A,0.4285,0.5404,0.1474,0.8168,0.1,-0.2005
261,58213,20.08,502,0.3182,1.3474,0.415,A,0.9491,0.649,0.0853,0.8342,0.1,-0.1305
262,58774,16.85,561,1.2797,1.2231,0.415,A,0.5388,0.4748,0.0744,0.9235,0.1,-0.2237
263,59222,14.41,448,0.7171,0.8132,0.415,A,0.6302,0.6296,0.1476,0.7472,0.1,-0.2232
264,59637,14.99,415,0.7858,0.6704,0.419,A,0.7868,0.6417,0.2017,0.7211,0.1,-0.1651
265,60175,16.12,538,0.8526,1.1793,0.419,A,0.5602,0.4544,0.0959,0.8758,0.1,-0.1849
266,60857,18.6,682,0.8406,1.5684,0.419,A,0.4581,0.5794,0.0625,0.8078,0.1,-0.2757
267,61398,19.47,541,0.7456,1.4685,0.419,A,0.7863,0.5813,0.0856,0.9103,0.1,-0.171
268,61967,15.47,569,1.3449,1.4241,0.423,A,0.4027,0.5772,0.0986,0.812,0.1,-0.2452
269,62608,17.33,641,0.932,0.7807,0.423,A,0.4575,0.5501,0.1222,0.7487,0.1,-0.2426
270,63107,13.09,499,1.2978,1.4221,0.423,A,0.2977,0.7545,0.0762,0.8295,0.1,-0.3697
271,63559,13.59,452,0.7719,1.7105,0.427,A,0.4735,0.6893,0.0756,0.8389,0.1,-0.2445
272,63964,11.54,405,0.6746,0.8307,0.427,A,0.5673,0.557,0.15,0.6904,0.1,-0.2284
273,64564,17.13,600,0.8441,1.5888,0.427,A,0.606,0.5538,0.0875,0.6892,0.1,-0.2008
274,64997,15.69,433,0.6001,0.6347,0.427,A,0.7616,0.6782,0.2808,0.6655,0.1,-0.1443
275,65427,16.63,430,0.486,1.3005,0.427,A,1.0526,0.5957,0.0846,0.8153,0.1,-0.1372
276,65872,17.37,445,0.3953,0.5717,0.431,A,0.8055,0.6331,0.346,0.8006,0.1,-0.136
277,66320,15.78,448,0.6782,0.868,0.431,A,0.9021,0.587,0.1465,0.7166,0.1,-0.1373
278,66852,20.15,532,0.5472,1.3622,0.431,A,0.928,0.5909,0.0868,0.9329,0.1,-0.1353
279,67285,11.74,433,0.9145,1.2193,0.431,A,0.4472,0.7021,0.0972,0.6622,0.1,-0.1975
280,67796,19.77,511,0.52,0.4954,0.435,A,0.617,0.6549,0.5179,0.8601,0.1,-0.1742
281,68371,15.48,575,0.9243,1.6796,0.435,A,0.5677,0.4485,0.0645,0.8267,0.1,-0.2078
282,68918,15.41,547,0.799,1.0301,0.435,A,0.6163,0.5711,0.2227,0.6177,0.1,-0.2413
283,69633,20.39,715,1.5409,0.8179,0.439,A,0.6708,0.4793,0.157,0.773,0.1,-0.2657
284,70059,16.38,426,0.5497,0.5274,0.439,A,0.7749,0.6585,0.3985,0.7785,0.1,-0.1092
285,70570,13.67,511,1.036,1.0594,0.439,A,0.4837,0.6752,0.2264,0.6066,0.1,-0.272
286,71099,15.35,529,0.9953,1.1389,0.439,A,0.557,0.5854,0.1096,0.7815,0.1,-0.1578
287,71753,17.51,654,1.2936,0.81,0.443,A,0.3201,0.4589,0.3602,0.8469,0.1,-0.2645
288,72124,14.27,371,0.3572,0.6586,0.443,A,0.7783,0.8304,0.1961,0.7945,0.1,-0.0741
289,72672,14.01,548,0.8643,0.8102,0.443,A,0.4335,0.6141,0.0995,0.8097,0.1,-0.3075
290,73122,14.33,450,1.0188,0.4931,0.443,A,0.4332,0.6953,0.3365,0.8311,0.1,-0.2156
291,73632,16.41,510,1.0983,0.4769,0.443,A,0.5006,0.7132,0.3456,0.8298,0.1,-0.2863
292,74103,17.91,471,0.5908,0.4231,0.447,A,0.7144,0.6418,0.4184,0.87,0.1,-0.1369
293,74616,16.53,513,0.7504,0.9027,0.447,A,0.7466,0.6986,0.2206,0.648,0.1,-0.1949
294,75167,15.47,551,0.6353,0.8999,0.447,A,0.5404,0.5903,0.1506,0.7972,0.1,-0.2377
295,75790,17.64,623,0.9694,1.0154,0.452,A,0.5674,0.5916,0.071,0.8253,0.1,-0.1958
296,76411,17.82,621,1.0507,0.9669,0.452,A,0.6616,0.5881,0.1028,0.7906,0.1,-0.2496
297,76955,18.85,544,0.7628,0.7974,0.452,A,0.7899,0.7047,0.1511,0.8044,0.1,-0.1314
298,77401,17.69,446,0.4979,0.4712,0.452,A,0.9058,0.7071,0.3368,0.8471,0.1,-0.111
299,77855,13.71,454,0.6025,1.0803,0.456,A,0.7031,0.7529,0.0868,0.7616,0.1,-0.2676
300,78596,22.82,741,0.8407,1.0152,0.456,A,0.804,0.6601,0.1161,0.7361,0.1,-0.2348
301,79223,17.69,627,1.1126,1.1873,0.456,A,0.7273,0.4873,0.0735,0.816,0.1,-0.1882
302,79971,20.92,748,1.2267,1.3651,0.46,A,0.6412,0.5643,0.0728,0.8833,0.1,-0.256
303,80655,16.11,684,0.8487,1.2149,0.46,A,0.3479,0.6726,0.2075,0.633,0.1,-0.2654
304,81425,21.91,770,1.4813,1.4711,0.46,A,0.6647,0.6113,0.0607,0.8541,0.1,-0.2429
305,82133,18.27,708,1.4276,0.553,0.464,A,0.5095,0.4756,0.1999,0.8385,0.1,-0.2571
306,82789,17.82,656,0.873,1.033,0.464,A,0.6107,0.5944,0.1015,0.7699,0.1,-0.2066
307,83562,19.15,773,1.2294,0.63,0.464,A,0.4173,0.6118,0.1695,0.7664,0.1,-0.2678
308,84332,23.19,770,1.1309,0.9655,0.468,A,0.7651,0.5788,0.066,0.893,0.1,-0.2175
309,85120,21.05,788,0.9853,0.6047,0.468,A,0.4616,0.6129,0.4227,0.6889,0.1,-0.3401
310,85828,17.31,708,1.3734,0.6708,0.468,A,0.5133,0.5578,0.1873,0.7363,0.1,-0.31
311,86607,23.85,779,1.1601,1.189,0.472,A,0.6456,0.6628,0.2163,0.8817,0.1,-0.267
312,87428,25.03,821,1.0412,0.8882,0.472,A,0.6646,0.6495,0.26,0.8646,0.1,-0.2935
313,87909,15.65,481,0.4989,0.4352,0.472,A,0.6766,0.5979,0.4654,0.7652,0.1,-0.1902
314,88788,19.61,879,1.0696,0.6895,0.476,A,0.3941,0.582,0.1957,0.6944,0.1,-0.3106
315,89274,16.65,486,0.6789,0.5738,0.476,A,0.8927,0.5376,0.3955,0.7395,0.1,-0.1142
316,90064,21.82,790,0.9992,0.918,0.476,A,0.6194,0.6653,0.113,0.8477,0.1,-0.2816
317,90719,22.52,655,0.9959,0.2867,0.48,A,0.632,0.6206,0.6338,0.8059,0.1,-0.2137
318,91247,19.9,528,0.6381,0.3872,0.48,A,0.8278,0.7119,0.4736,0.8777,0.1,-0.1477
319,91853,16.86,606,0.6727,0.8391,0.48,A,0.5367,0.6513,0.3283,0.6897,0.1,-0.1947
320,92365,14.9,512,0.6594,1.1807,0.484,A,0.7588,0.6543,0.2837,0.6385,0.1,-0.2197
321,92968,15.95,603,0.7064,0.5286,0.484,A,0.4075,0.59,0.4239,0.7566,0.1,-0.2612
322,93664,18.09,696,0.7788,0.7506,0.484,A,0.3815,0.5868,0.2765,0.8781,0.1,-0.2421
323,94224,19.1,560,0.641,0.4964,0.488,A,0.7746,0.6509,0.4186,0.7873,0.1,-0.1295
324,94998,18.45,774,1.0831,1.2268,0.488,A,0.3279,0.7279,0.1928,0.7461,0.1,-0.27
325,95915,24.58,917,1.1473,0.5644,0.488,A,0.4364,0.7237,0.2866,0.8109,0.1,-0.3081
326,96509,16.84,594,0.6979,1.0317,0.493,A,0.5739,0.641,0.381,0.6812,0.1,-0.2054
327,97356,20.99,847,1.0866,0.4924,0.493,A,0.3477,0.6333,0.2741,0.7944,0.1,-0.2515
328,98091,16.19,735,0.8974,1.2994,0.493,A,0.3259,0.7096,0.1597,0.689,0.1,-0.2946
329,98891,23.0,800,0.9445,0.5027,0.497,A,0.6025,0.6332,0.2904,0.8452,0.1,-0.2681
330,99650,25.16,759,0.9135,0.288,0.497,A,0.5222,0.6617,0.6214,0.8934,0.1,-0.2543
331,100476,24.41,826,1.2733,0.3677,0.501,A,0.4319,0.6976,0.4885,0.8295,0.1,-0.2748
332,101387,24.12,911,1.1055,0.5128,0.501,A,0.2924,0.7233,0.3531,0.8555,0.1,-0.2892
333,102062,15.89,675,0.9518,1.2389,0.501,A,0.533,0.6865,0.1077,0.6301,0.1,-0.2467
334,102887,24.53,825,1.1265,0.6726,0.505,A,0.6108,0.6785,0.2827,0.8773,0.1,-0.263
335,103458,14.19,571,0.7537,1.1235,0.505,A,0.5917,0.5743,0.2206,0.6623,0.1,-0.2268
336,103961,15.2,503,0.5615,0.4862,0.505,A,0.6019,0.6244,0.3056,0.8172,0.1,-0.1113
337,104588,15.86,627,0.8467,0.5131,0.509,A,0.3776,0.6724,0.2419,0.7869,0.1,-0.2241
338,105389,20.96,801,1.2429,0.7913,0.509,A,0.4689,0.6505,0.3213,0.7428,0.1,-0.2653
339,106291,26.93,902,1.0162,0.5688,0.509,A,0.6056,0.7344,0.3581,0.7722,0.1,-0.2672
340,107215,24.83,924,1.2027,0.5917,0.513,A,0.3827,0.6906,0.2998,0.9017,0.1,-0.3003
341,107914,12.59,699,0.683,1.2457,0.513,A,0.2863,0.5166,0.1286,0.6646,0.1,-0.3019
342,108885,29.28,971,0.676,0.3783,0.517,A,0.4462,0.6898,0.4929,0.8626,0.1,-0.2698
343,109489,16.23,604,0.791,1.0654,0.517,A,0.6674,0.5826,0.2217,0.7154,0.1,-0.2119
344,110530,28.22,1041,0.844,0.4359,0.517,A,0.3651,0.6322,0.4849,0.8173,0.1,-0.3093
345,111393,23.09,863,1.1385,0.9009,0.521,A,0.5341,0.727,0.2613,0.7239,0.1,-0.2804
346,112223,20.3,830,0.896,0.6752,0.521,A,0.3994,0.57,0.4443,0.6745,0.1,-0.2964
347,112906,20.42,683,0.4743,0.5194,0.525,A,0.617,0.6551,0.288,0.8703,0.1,-0.2182
348,114080,33.42,1174,0.6552,0.6376,0.525,A,0.4202,0.7447,0.2858,0.8775,0.1,-0.2296
349,114983,28.55,903,0.3836,0.5751,0.529,A,0.6291,0.7104,0.2311,0.9025,0.1,-0.1262
350,115819,26.49,836,0.5075,0.4947,0.529,A,0.6513,0.7611,0.3136,0.863,0.1,-0.2285
351,116748,30.75,929,0.3758,0.4701,0.533,A,0.5879,0.8142,0.2986,0.906,0.1,-0.1286
352,117575,25.03,827,0.4759,0.5106,0.533,A,0.6625,0.6822,0.3365,0.774,0.1,-0.1917
353,118685,28.91,1110,0.7411,0.8164,0.533,A,0.44,0.6711,0.3197,0.7747,0.1,-0.2712
354,119634,28.12,949,0.4979,0.4789,0.538,A,0.5182,0.6715,0.3928,0.8583,0.1,-0.2234
355,120486,23.24,852,0.7321,0.6844,0.538,A,0.5435,0.7233,0.3328,0.6979,0.1,-0.257
356,121307,25.46,821,0.6037,0.7509,0.542,A,0.7293,0.6768,0.4553,0.6801,0.1,-0.1991
357,121866,14.39,559,0.849,1.0073,0.542,A,0.5518,0.6815,0.2398,0.6413,0.1,-0.1735
358,122427,20.92,561,0.3447,0.399,0.542,A,0.7969,0.7313,0.5529,0.8239,0.1,-0.0535
359,123009,22.19,582,0.3166,0.3762,0.546,A,0.8578,0.8448,0.4604,0.8709,0.1,-0.1057
360,124102,26.04,1093,0.8673,0.8004,0.546,A,0.3501,0.6471,0.3176,0.8135,0.1,-0.3339
361,125069,20.81,967,0.7541,1.0237,0.55,A,0.3742,0.5962,0.2461,0.6756,0.1,-0.2802
362,125715,13.7,646,0.7104,0.7382,0.55,A,0.3822,0.5412,0.3351,0.6675,0.1,-0.3344
363,126392,18.85,677,0.6587,0.4525,0.55,A,0.4699,0.7528,0.3618,0.8178,0.1,-0.2858
364,126954,15.52,562,0.7285,0.6084,0.55,A,0.5287,0.6547,0.4934,0.7012,0.1,-0.2767
365,128026,30.44,1072,0.7718,0.702,0.554,A,0.5781,0.628,0.4305,0.7502,0.1,-0.2276
366,128683,15.49,657,0.6422,0.7219,0.554,A,0.503,0.5583,0.3165,0.6498,0.1,-0.2412
367,129694,26.99,1011,0.6477,0.6363,0.558,A,0.4326,0.6622,0.5183,0.6769,0.1,-0.2591
368,130397,20.4,703,0.4695,0.3445,0.558,A,0.5652,0.5867,0.5271,0.7442,0.1,-0.2027
369,131532,24.71,1135,1.1709,0.9326,0.562,A,0.3136,0.6325,0.3102,0.6655,0.1,-0.2828
370,132428,22.46,896,0.8045,0.6144,0.562,A,0.4015,0.5964,0.5294,0.6355,0.1,-0.2606
371,133063,13.73,635,0.6731,1.3712,0.562,A,0.4625,0.6568,0.1631,0.5951,0.1,-0.2457
372,134040,25.48,977,0.607,0.7159,0.566,A,0.3762,0.6831,0.3947,0.7142,0.1,-0.1878
373,134516,15.7,476,0.4222,0.3228,0.566,A,0.4077,0.8115,0.6285,0.845,0.1,-0.1534
374,135140,17.05,624,1.1026,0.735,0.566,A,0.3511,0.7289,0.5626,0.6829,0.1,-0.2412
375,135725,19.31,585,0.3989,0.2982,0.57,A,0.5167,0.727,0.633,0.8255,0.1,-0.1641
376,136871,27.97,1146,0.6595,0.5466,0.57,A,0.3349,0.6662,0.3423,0.7669,0.1,-0.2644
377,137898,22.21,1027,0.7111,0.9458,0.574,A,0.4061,0.6541,0.2346,0.6176,0.1,-0.2887
378,138493,16.57,595,0.9575,0.2755,0.574,A,0.2828,0.7069,0.6861,0.7606,0.1,-0.3143
379,139215,19.6,722,0.9905,1.5372,0.574,A,0.5184,0.7316,0.3344,0.7208,0.1,-0.2417
380,139834,18.61,619,0.4773,0.488,0.579,A,0.4593,0.8507,0.3371,0.8768,0.1,-0.2254
381,140665,21.52,831,1.1751,0.4882,0.579,A,0.4078,0.6529,0.4962,0.6733,0.1,-0.2659
382,141334,19.17,669,0.6843,0.4366,0.583,A,0.6329,0.6966,0.3398,0.7378,0.1,-0.2197
383,142162,19.71,828,0.5704,1.2415,0.583,A,0.5607,0.6349,0.2604,0.5688,0.1,-0.2228
384,143192,27.95,1030,0.5491,0.9551,0.583,A,0.536,0.6388,0.4099,0.6845,0.1,-0.2015
385,143869,19.81,677,0.5015,0.5888,0.587,A,0.543,0.7306,0.3751,0.831,0.1,-0.2326
386,144232,8.6,363,0.7441,0.9566,0.587,A,0.6697,0.5736,0.1869,0.5835,0.1,-0.1956
387,144818,12.05,586,0.7478,1.5464,0.587,A,0.3858,0.639,0.2765,0.5387,0.1,-0.2824
388,145546,18.73,728,0.5545,0.7267,0.591,A,0.6052,0.6861,0.2749,0.6549,0.1,-0.2541
389,146063,11.53,517,0.677,1.5034,0.591,A,0.4686,0.654,0.2454,0.5408,0.1,-0.2079
390,146736,15.11,673,0.5888,0.707,0.591,A,0.4551,0.5769,0.2385,0.6372,0.1,-0.1991
391,147008,8.9,272,0.3673,0.4627,0.591,A,0.6605,0.8718,0.4282,0.6832,0.1,-0.0919
392,148062,28.07,1054,0.6062,0.6753,0.595,A,0.471,0.6653,0.4643,0.6755,0.1,-0.2381
393,148966,20.79,904,0.7544,0.6247,0.595,A,0.4606,0.6076,0.3409,0.5942,0.1,-0.2539
394,149659,17.33,693,0.7202,1.1982,0.599,A,0.6427,0.65,0.227,0.6275,0.1,-0.233
395,150287,13.03,628,0.6155,1.4639,0.599,A,0.5047,0.5678,0.2087,0.5584,0.1,-0.2635
396,151080,24.53,793,0.5578,0.8066,0.599,A,0.7758,0.6444,0.412,0.7073,0.1,-0.1463
397,152274,36.74,1194,0.5014,0.5971,0.603,A,0.519,0.8381,0.27,0.9086,0.1,-0.1533
398,152854,16.89,580,0.4683,0.5149,0.603,A,0.6255,0.7176,0.3447,0.8331,0.1,-0.2621
399,153665,26.45,811,0.6919,0.5509,0.607,A,0.8707,0.7479,0.4071,0.7081,0.1,-0.193
400,154304,18.82,639,0.8954,0.5321,0.607,A,0.5395,0.7245,0.5082,0.7055,0.1,-0.1784
401,155340,26.88,1036,0.7192,0.9723,0.607,A,0.5765,0.7247,0.23,0.6857,0.1,-0.2037
402,156012,25.28,672,0.2426,0.5703,0.611,A,1.0479,0.8121,0.3219,0.8768,0.1,-0.0871
403,156930,17.52,918,0.8307,0.9719,0.611,A,0.3506,0.6556,0.2083,0.5379,0.1,-0.287
404,157974,25.59,1044,0.7797,0.858,0.615,A,0.4135,0.6888,0.3617,0.6749,0.1,-0.2318
405,158779,19.81,805,0.4906,0.5053,0.615,A,0.4092,0.6132,0.3581,0.7583,0.1,-0.2217
406,159515,22.85,736,0.4112,0.5018,0.615,A,0.7297,0.753,0.3361,0.7664,0.1,-0.1413
407,160077,10.82,562,0.6137,0.965,0.619,A,0.3859,0.631,0.1707,0.5847,0.1,-0.2847
408,160877,24.15,800,0.5107,0.9511,0.619,A,0.7943,0.7262,0.3807,0.6844,0.1,-0.2094
409,161827,21.18,950,0.6422,0.7447,0.624,A,0.39,0.6527,0.2647,0.6839,0.1,-0.2595
410,162720,27.76,893,0.4346,0.8502,0.624,A,0.8029,0.7654,0.2581,0.7767,0.1,-0.1506
411,163647,23.27,927,0.5676,0.855,0.624,A,0.3862,0.7301,0.2683,0.7548,0.1,-0.1748
412,164576,23.65,929,0.7568,0.9057,0.628,A,0.4876,0.6912,0.3732,0.6606,0.1,-0.218
413,165386,19.61,810,1.0043,0.666,0.628,A,0.5393,0.6495,0.236,0.6832,0.1,-0.213
414,166159,24.41,773,0.4193,0.4839,0.632,A,0.7265,0.7534,0.3453,0.8176,0.1,-0.1417
415,166999,25.18,840,0.5815,0.8102,0.632,A,0.7697,0.7462,0.2977,0.7349,0.1,-0.1756
416,168160,26.26,1161,0.7019,0.8377,0.636,A,0.1956,0.848,0.2258,0.8022,0.1,-0.3036
417,168775,16.69,615,0.7057,1.0644,0.636,A,0.6424,0.7002,0.276,0.6539,0.1,-0.1268
418,169293,17.85,518,0.3155,0.3847,0.636,A,0.8163,0.823,0.4414,0.7876,0.1,-0.1149
419,170154,23.3,861,0.4061,0.5612,0.64,A,0.5953,0.6756,0.2688,0.7548,0.1,-0.1545
420,171486,29.73,1332,0.9127,1.1459,0.64,A,0.4027,0.721,0.2092,0.7108,0.1,-0.2977
421,172239,23.52,753,0.4314,0.6234,0.644,A,0.76,0.8043,0.2386,0.8224,0.1,-0.1388
422,172826,14.51,587,0.9906,1.0376,0.644,A,0.4602,0.7147,0.2647,0.6807,0.1,-0.1652
423,173905,30.14,1079,0.458,0.9386,0.644,A,0.5717,0.7959,0.2187,0.7945,0.1,-0.1654
424,175701,38.38,1796,1.2227,0.7944,0.648,A,0.1886,0.7954,0.226,0.8037,0.1,-0.3458
425,176445,21.67,744,0.4954,0.501,0.652,A,0.4563,0.8736,0.3456,0.8427,0.1,-0.2063
426,177446,27.19,1001,1.0352,0.4595,0.652,A,0.2644,0.8729,0.3938,0.8336,0.1,-0.2193
427,178895,35.03,1449,1.1203,1.1125,0.656,A,0.2778,0.8479,0.2589,0.7743,0.1,-0.2643
428,179890,28.08,995,0.5904,0.6192,0.656,A,0.5178,0.7929,0.2557,0.8542,0.1,-0.192
429,180789,23.84,899,0.6003,0.8038,0.66,A,0.4696,0.7445,0.2965,0.7503,0.1,-0.1724
430,181809,32.38,1020,0.9407,0.4233,0.66,A,0.5469,0.8505,0.3855,0.9268,0.1,-0.1936
431,182865,29.77,1056,0.9246,0.4945,0.665,A,0.4592,0.7761,0.29,0.9012,0.1,-0.2017
432,183593,21.73,728,0.5187,0.6118,0.665,A,0.6929,0.8372,0.2454,0.782,0.1,-0.1937
433,184561,28.84,968,0.5052,0.8366,0.669,A,0.5821,0.8569,0.2824,0.8254,0.1,-0.1865
434,185947,41.11,1386,1.4678,0.6545,0.669,A,0.5021,0.9168,0.3052,0.8998,0.1,-0.2716
435,187565,45.12,1618,0.9962,0.4767,0.673,A,0.4772,0.8514,0.3059,0.8148,0.1,-0.2407
436,188488,19.45,923,1.0976,0.6977,0.677,A,0.1649,0.7851,0.2442,0.825,0.1,-0.3711
437,189840,37.0,1352,0.5525,0.6069,0.677,A,0.3141,0.9101,0.2794,0.9016,0.1,-0.2452
438,191058,32.45,1218,0.6867,0.7128,0.681,A,0.4405,0.802,0.3183,0.7231,0.1,-0.1851
439,192013,25.63,955,0.6396,0.8932,0.681,A,0.4391,0.797,0.3517,0.7059,0.1,-0.1785
440,193401,35.69,1388,0.5735,0.5349,0.685,A,0.3226,0.8357,0.3319,0.7764,0.1,-0.2504
441,194379,26.5,978,0.8043,0.4498,0.685,A,0.3837,0.786,0.4459,0.7811,0.1,-0.2684
442,195311,28.07,932,0.4009,0.4888,0.689,A,0.4805,0.8702,0.3471,0.8396,0.1,-0.1642
443,196090,18.43,779,0.9321,0.6262,0.689,A,0.2721,0.8347,0.3617,0.7412,0.1,-0.3639
444,197113,24.02,1023,1.4665,0.7759,0.693,A,0.1659,0.8415,0.247,0.7838,0.1,-0.2116
445,198034,26.29,921,1.1378,0.913,0.693,A,0.4395,0.8538,0.249,0.9149,0.1,-0.2166
446,198907,20.18,873,1.3618,1.3101,0.697,A,0.2014,0.8095,0.1399,0.9335,0.1,-0.2875
447,199827,18.22,920,1.7556,0.9716,0.697,A,0.1954,0.7412,0.2589,0.7157,0.1,-0.387
448,200566,18.57,739,0.6661,0.6206,0.697,A,0.3598,0.7727,0.3031,0.8201,0.1,-0.2963
449,201528,25.07,962,0.7628,0.4766,0.701,B,0.2266,0.8745,0.3987,0.8034,0.1,-0.2734
450,202514,26.14,986,1.3049,0.9569,0.701,B,0.3276,0.8598,0.2401,0.8844,0.1,-0.247
451,203614,26.56,1100,0.7298,0.5772,0.703,B,0.2991,0.8052,0.3222,0.7873,0.1,-0.3445
452,204340,20.31,726,0.4346,0.5885,0.703,B,0.3812,0.9121,0.1921,0.874,0.1,-0.1777
453,205877,42.77,1537,1.1866,0.7429,0.705,B,0.3896,0.886,0.2964,0.8299,0.1,-0.2394
454,206764,25.43,887,1.098,0.4079,0.705,B,0.235,0.9194,0.4899,0.9325,0.1,-0.3427
455,207756,31.1,992,1.1106,1.0359,0.707,B,0.622,0.9388,0.2179,0.8959,0.1,-0.2238
456,208693,27.96,937,1.0354,0.4597,0.707,B,0.5168,0.7938,0.4157,0.902,0.1,-0.2946
457,209477,21.06,784,0.5228,0.6982,0.709,B,0.366,0.838,0.2983,0.8219,0.1,-0.2296
458,210165,18.51,688,0.795,0.6241,0.709,B,0.2943,0.8991,0.3999,0.8199,0.1,-0.3147
459,211021,25.23,856,0.5683,0.5693,0.711,B,0.5157,0.9237,0.2725,0.8764,0.1,-0.2827
460,211783,21.12,762,0.6766,0.6166,0.711,B,0.4599,0.885,0.2812,0.8343,0.1,-0.2946
461,212471,15.72,688,1.3283,0.6741,0.711,B,0.2453,0.7636,0.3544,0.7635,0.1,-0.3554
462,213513,26.52,1042,0.7265,1.2569,0.713,B,0.5578,0.7484,0.288,0.6253,0.1,-0.2409
463,215050,44.35,1537,0.8285,0.5688,0.715,B,0.4385,0.9168,0.2808,0.8599,0.1,-0.2358
464,216210,31.8,1160,0.7719,0.5623,0.715,B,0.378,0.9056,0.2617,0.8158,0.1,-0.2159
465,216931,21.29,721,0.7372,0.4914,0.715,B,0.4903,0.9185,0.4124,0.7995,0.1,-0.2968
466,217844,22.33,913,0.8338,0.8064,0.717,B,0.3532,0.7914,0.3221,0.7383,0.1,-0.2979
467,219190,39.26,1346,1.036,0.5203,0.719,B,0.4062,0.9211,0.3582,0.8817,0.1,-0.2775
468,220764,41.44,1574,1.0427,0.7388,0.719,B,0.3275,0.893,0.3026,0.8243,0.1,-0.291
469,222764,58.93,2000,0.4739,0.4877,0.721,B,0.4492,0.9122,0.2909,0.849,0.1,-0.1938
470,224362,38.3,1598,0.7295,0.8628,0.723,B,0.3034,0.8308,0.2564,0.7518,0.1,-0.2797
471,225430,34.78,1068,0.8568,0.7429,0.725,B,0.6994,0.9355,0.2477,0.9037,0.1,-0.2163
472,226887,38.03,1457,1.2826,0.9586,0.725,B,0.3646,0.8261,0.2897,0.8392,0.1,-0.2769
473,227782,25.38,895,0.6284,0.954,0.727,B,0.5175,0.8501,0.2451,0.7766,0.1,-0.157
474,229187,40.02,1405,0.9764,0.7264,0.727,B,0.5295,0.8974,0.2603,0.847,0.1,-0.2918
475,231187,60.8,2000,0.4973,0.4917,0.729,B,0.425,0.9712,0.2917,0.9163,0.1,-0.2072
476,233187,54.93,2000,0.4451,0.4986,0.731,B,0.4103,0.8706,0.2981,0.7661,0.1,-0.1913
477,235187,57.32,2000,0.4961,0.5511,0.733,B,0.3274,0.9651,0.2839,0.9198,0.1,-0.2472
478,236640,43.95,1453,0.4524,0.6792,0.736,B,0.5211,0.8922,0.3036,0.8157,0.1,-0.1487
479,237863,34.1,1223,0.8285,0.898,0.738,B,0.5392,0.839,0.275,0.7258,0.1,-0.1852
480,239298,42.17,1435,0.4556,0.7614,0.738,B,0.5163,0.8804,0.3001,0.7802,0.1,-0.1551
481,241298,64.18,2000,0.4124,0.5424,0.74,B,0.5975,0.9605,0.2815,0.8903,0.1,-0.185
482,243298,45.17,2000,0.6763,0.7971,0.742,B,0.3286,0.8544,0.2106,0.6344,0.1,-0.266
483,245298,65.5,2000,0.3439,0.5095,0.744,B,0.5461,0.9696,0.2594,0.933,0.1,-0.1045
484,246816,48.8,1518,0.4166,0.6085,0.746,B,0.7189,0.9045,0.2793,0.8106,0.1,-0.1472
485,248816,67.31,2000,0.3482,0.4541,0.748,B,0.6044,0.9658,0.3549,0.9039,0.1,-0.1383
486,250816,61.55,2000,0.3682,0.4604,0.75,B,0.4358,0.9373,0.3115,0.8912,0.1,-0.1235
487,252816,65.02,2000,0.3496,0.4336,0.752,B,0.5697,0.9473,0.3651,0.85,0.1,-0.134
488,254816,67.34,2000,0.3383,0.4058,0.754,B,0.6628,0.9495,0.3743,0.8453,0.1,-0.1335
489,256816,64.01,2000,0.3624,0.4408,0.756,B,0.5092,0.9259,0.3885,0.8553,0.1,-0.117
490,258816,59.37,2000,0.4123,0.4483,0.758,B,0.4078,0.9561,0.3393,0.8725,0.1,-0.2065
491,260816,64.45,2000,0.3625,0.4238,0.76,B,0.5676,0.9346,0.3875,0.808,0.1,-0.1182
492,262816,63.58,2000,0.3514,0.3931,0.762,B,0.428,0.9588,0.3951,0.847,0.1,-0.087
493,264816,66.05,2000,0.3248,0.4425,0.764,B,0.5461,0.9651,0.3241,0.8957,0.1,-0.0867
494,266816,74.12,2000,0.261,0.4069,0.766,B,0.8069,0.9736,0.34,0.9076,0.1,-0.0405
495,268816,70.96,2000,0.2773,0.4362,0.768,B,0.7977,0.9572,0.3394,0.8472,0.1,-0.0755
496,270816,68.28,2000,0.3168,0.3774,0.77,B,0.578,0.9709,0.4,0.9028,0.1,-0.0915
497,272816,69.65,2000,0.2728,0.4357,0.772,B,0.7615,0.9721,0.3122,0.8513,0.1,-0.0735
498,274816,61.81,2000,0.3484,0.6868,0.774,B,0.6758,0.916,0.2682,0.7513,0.1,-0.1113
499,276816,69.2,2000,0.3115,0.397,0.776,B,0.6012,0.9843,0.4023,0.911,0.1,-0.0838
500,278816,71.56,2000,0.2674,0.4139,0.779,B,0.6889,0.9774,0.3612,0.9249,0.1,-0.0335
501,280816,75.13,2000,0.2534,0.3506,0.781,B,0.7895,0.9774,0.4224,0.9159,0.1,-0.0255
502,282816,71.72,2000,0.28,0.3658,0.783,B,0.669,0.9807,0.4266,0.9095,0.1,-0.0423
503,284816,75.27,2000,0.2586,0.3494,0.785,B,0.8263,0.9808,0.4446,0.8977,0.1,-0.046
504,286816,73.39,2000,0.253,0.3355,0.787,B,0.755,0.9609,0.4553,0.8872,0.1,-0.0245
505,288816,82.09,2000,0.194,0.3494,0.789,B,1.0719,0.9826,0.4774,0.9085,0.1,-0.019
506,290816,74.27,2000,0.2453,0.4095,0.789,B,0.7789,0.9851,0.447,0.8977,0.1,-0.0083
507,292816,78.69,2000,0.1975,0.3958,0.791,B,1.0301,0.9765,0.3943,0.9025,0.1,0.0
508,294451,45.62,1635,0.368,0.886,0.793,B,0.4803,0.9058,0.2969,0.7339,0.1,-0.0902
509,296451,81.07,2000,0.18,0.3538,0.795,B,1.1418,0.9792,0.4328,0.8952,0.1,-0.0208
510,298451,74.46,2000,0.2416,0.3186,0.797,B,0.8365,0.9899,0.4544,0.9059,0.1,-0.03
511,300451,73.15,2000,0.2241,0.3801,0.799,B,0.9425,0.9492,0.4304,0.8148,0.1,-0.0285
512,302451,76.31,2000,0.2241,0.2886,0.801,B,0.8649,0.9749,0.546,0.8738,0.1,0.0
513,304451,72.95,2000,0.2211,0.3391,0.803,B,0.9015,0.9645,0.406,0.8693,0.1,-0.02
514,306451,71.11,2000,0.231,0.3489,0.805,B,0.8023,0.969,0.4148,0.8587,0.1,0.0
515,308451,85.39,2000,0.1488,0.311,0.807,B,1.2807,0.9875,0.5132,0.9107,0.1,0.0
516,310451,75.58,2000,0.2018,0.335,0.809,B,0.9762,0.9598,0.4753,0.864,0.1,0.0
517,312451,66.53,2000,0.279,0.3687,0.811,B,0.615,0.975,0.4127,0.9038,0.1,-0.0288
518,314451,85.22,2000,0.1359,0.3393,0.813,B,1.3632,0.986,0.4562,0.9224,0.1,0.0
519,316451,74.1,2000,0.2115,0.3329,0.815,B,0.9186,0.9875,0.4249,0.9155,0.1,0.0
520,318451,68.9,2000,0.2594,0.3529,0.817,B,0.7137,0.9807,0.4328,0.9111,0.1,-0.0227
521,320451,83.42,2000,0.1305,0.3507,0.819,B,1.4163,0.9822,0.4259,0.8635,0.1,0.0
522,322451,67.93,2000,0.2393,0.4102,0.822,B,0.7806,0.9765,0.4155,0.8424,0.1,-0.0187
523,324451,68.01,2000,0.2192,0.4939,0.824,B,0.9461,0.9573,0.3205,0.804,0.1,-0.0248
524,326451,74.8,2000,0.2009,0.3172,0.826,B,1.04,0.9761,0.4455,0.8773,0.1,-0.02
525,328451,67.85,2000,0.227,0.4507,0.828,B,0.9015,0.973,0.3493,0.8086,0.1,-0.0232
526,330451,66.87,2000,0.2476,0.5163,0.83,B,0.8302,0.9601,0.427,0.7889,0.1,-0.0377
527,332439,66.11,1988,0.2505,0.5995,0.832,B,0.7926,0.9464,0.4593,0.7937,0.1,-0.0322
528,334439,74.63,2000,0.1997,0.286,0.834,B,0.9761,0.9718,0.5402,0.8484,0.1,0.0
529,336439,77.69,2000,0.1692,0.3211,0.836,B,1.182,0.9743,0.4799,0.8512,0.1,0.0
530,338439,85.27,2000,0.1327,0.2439,0.838,B,1.4101,0.9802,0.6046,0.8646,0.1,0.0
531,340428,63.07,1989,0.301,0.7788,0.84,B,0.8017,0.924,0.4589,0.7449,0.1,-0.0656
532,342428,66.87,2000,0.2294,0.401,0.842,B,0.8169,0.9616,0.4041,0.8471,0.1,-0.0055
533,344428,58.98,2000,0.2829,0.4731,0.844,B,0.5077,0.9693,0.2849,0.8916,0.1,0.0
534,346428,89.91,2000,0.0966,0.2473,0.846,B,1.6097,0.9809,0.5988,0.9198,0.1,0.0
535,348428,83.19,2000,0.1499,0.2165,0.848,B,1.2712,0.9729,0.6917,0.8897,0.1,0.0
536,350428,89.03,2000,0.1032,0.2144,0.85,B,1.5811,0.9911,0.6424,0.9162,0.1,0.0
537,352428,71.78,2000,0.2037,0.2869,0.852,B,0.9044,0.9876,0.5458,0.8912,0.1,0.0
538,354428,73.68,2000,0.2081,0.2354,0.854,B,0.8946,0.9717,0.6406,0.918,0.1,0.0
539,356428,83.71,2000,0.1217,0.2606,0.856,B,1.4552,0.9724,0.586,0.907,0.1,0.0
540,358428,86.86,2000,0.111,0.2167,0.858,B,1.5348,0.9759,0.6709,0.9204,0.1,0.0
541,360428,80.68,2000,0.1577,0.1742,0.858,B,1.2037,0.9794,0.7313,0.9143,0.1,0.0
542,362428,82.82,2000,0.1442,0.1619,0.86,B,1.3061,0.9796,0.7571,0.9092,0.1,0.0
543,364428,87.15,2000,0.1036,0.1768,0.862,B,1.5681,0.9886,0.7387,0.8966,0.1,0.0
544,366428,92.09,2000,0.0773,0.138,0.865,B,1.7462,0.9801,0.8281,0.9213,0.1,0.0
545,368428,79.65,2000,0.1576,0.167,0.867,B,1.209,0.9908,0.7829,0.905,0.1,0.0
546,370428,83.24,2000,0.1357,0.1358,0.869,B,1.3597,0.9626,0.8546,0.9115,0.1,0.0
547,372428,88.34,2000,0.0935,0.1509,0.871,B,1.6497,0.9854,0.8194,0.9234,0.1,0.0
548,374428,86.3,2000,0.1062,0.1151,0.873,B,1.5502,0.9815,0.8676,0.91,0.1,0.0
549,376428,69.58,2000,0.2176,0.1654,0.875,B,0.8359,0.9868,0.7799,0.8689,0.1,0.0
550,378428,85.58,2000,0.1052,0.1387,0.877,B,1.5697,0.9877,0.829,0.9213,0.1,0.0
551,380428,76.08,2000,0.1707,0.1595,0.879,B,1.1276,0.9808,0.8144,0.9169,0.1,0.0
552,382428,72.6,2000,0.1952,0.15,0.881,B,0.9667,0.9851,0.8221,0.8967,0.1,0.0
553,384428,82.59,2000,0.123,0.1184,0.883,B,1.4537,0.9802,0.8527,0.9189,0.1,0.0
554,386428,88.61,2000,0.0773,0.1025,0.885,B,1.744,0.9931,0.8908,0.9227,0.1,0.0
555,388428,83.67,2000,0.0962,0.1566,0.887,B,1.6111,0.9882,0.8125,0.9121,0.1,0.0
556,390428,88.15,2000,0.065,0.1223,0.889,B,1.8132,0.9941,0.8653,0.9226,0.1,0.0
557,392428,78.58,2000,0.1387,0.1214,0.891,B,1.348,0.9905,0.8584,0.9148,0.1,0.0
558,394428,81.5,2000,0.097,0.1799,0.893,B,1.6084,0.9895,0.7884,0.9026,0.1,0.0
559,396428,78.45,2000,0.109,0.1756,0.895,B,1.5232,0.9783,0.7675,0.8771,0.1,0.0
560,398428,80.77,2000,0.0939,0.15,0.897,B,1.621,0.9929,0.8022,0.8789,0.1,0.0
561,400428,80.09,2000,0.0907,0.1961,0.899,B,1.6617,0.9783,0.7396,0.897,0.1,0.0
562,402428,70.07,2000,0.1597,0.2037,0.901,B,1.1976,0.9681,0.7124,0.865,0.1,0.0
563,404428,81.96,2000,0.0746,0.1799,0.903,B,1.7525,0.9882,0.7693,0.8993,0.1,0.0
564,406428,83.32,2000,0.0785,0.1115,0.906,B,1.744,0.9886,0.8635,0.9139,0.1,0.0
565,408428,82.84,2000,0.0765,0.1272,0.908,B,1.7508,0.9807,0.8628,0.916,0.1,0.0
566,410428,82.3,2000,0.0837,0.0931,0.91,B,1.6936,0.9944,0.8962,0.9213,0.1,0.0
567,412428,82.58,2000,0.0763,0.0966,0.912,B,1.7499,0.9909,0.8913,0.9157,0.1,0.0
568,414428,83.15,2000,0.0662,0.0983,0.914,B,1.8014,0.9864,0.899,0.9201,0.1,0.0
569,416428,80.31,2000,0.0804,0.1316,0.916,B,1.7212,0.9743,0.8735,0.9033,0.1,0.0
570,418428,82.7,2000,0.0644,0.0824,0.918,B,1.806,0.9885,0.9169,0.9219,0.1,0.0
571,420428,79.69,2000,0.0818,0.1109,0.92,B,1.716,0.9874,0.858,0.9244,0.1,0.0
572,422428,82.75,2000,0.0489,0.1175,0.922,B,1.887,0.9914,0.8836,0.9236,0.1,0.0
573,424428,72.55,2000,0.1286,0.1426,0.924,B,1.4225,0.9911,0.8059,0.894,0.1,0.0
574,426428,80.33,2000,0.0734,0.0923,0.926,B,1.7689,0.9824,0.9167,0.9124,0.1,0.0
575,428428,81.12,2000,0.0564,0.1095,0.928,B,1.8445,0.9866,0.8968,0.9224,0.1,0.0
576,430428,74.78,2000,0.115,0.1204,0.93,B,1.511,0.9914,0.8702,0.9251,0.1,0.0
577,432428,72.32,2000,0.1382,0.1102,0.932,B,1.3548,0.9926,0.8928,0.9234,0.1,0.0
578,434428,76.87,2000,0.0965,0.0927,0.934,B,1.6263,0.9909,0.9025,0.9245,0.1,0.0
579,436428,74.47,2000,0.1085,0.1216,0.936,B,1.5638,0.9766,0.8783,0.8979,0.1,0.0
580,438428,77.2,2000,0.082,0.1065,0.938,B,1.7075,0.9851,0.8917,0.9083,0.1,0.0
581,440428,73.67,2000,0.1051,0.113,0.94,B,1.5676,0.9851,0.859,0.8854,0.1,0.0
582,442428,75.39,2000,0.0915,0.131,0.942,B,1.6556,0.9749,0.8634,0.9178,0.1,0.0
583,444428,77.98,2000,0.0748,0.0749,0.944,B,1.7452,0.9933,0.9216,0.9228,0.1,0.0
584,446428,69.44,2000,0.148,0.1043,0.944,B,1.2777,0.9938,0.8973,0.9126,0.1,0.0
585,448428,73.67,2000,0.1041,0.1365,0.946,B,1.5715,0.9924,0.8548,0.9249,0.1,0.0
586,450428,69.4,2000,0.138,0.1249,0.949,B,1.3533,0.9793,0.8715,0.8899,0.1,0.0
587,452428,73.14,2000,0.1018,0.1375,0.951,B,1.596,0.9674,0.848,0.9165,0.1,0.0
588,454428,70.31,2000,0.128,0.1325,0.953,B,1.4183,0.9911,0.8581,0.8972,0.1,0.0
589,456428,71.43,2000,0.1231,0.106,0.955,B,1.4589,0.9804,0.8877,0.913,0.1,0.0
590,458428,75.53,2000,0.0814,0.1282,0.957,B,1.7206,0.9782,0.8813,0.9192,0.1,0.0
591,460428,76.37,2000,0.0739,0.1054,0.959,B,1.7718,0.987,0.8839,0.9221,0.1,0.0
592,462428,75.94,2000,0.0813,0.0833,0.961,B,1.7243,0.9883,0.9171,0.9228,0.1,0.0
593,464428,73.21,2000,0.0996,0.1151,0.963,B,1.6128,0.9826,0.8785,0.9232,0.1,0.0
594,466428,73.02,2000,0.0852,0.1635,0.965,B,1.6944,0.9936,0.7868,0.9203,0.1,0.0
595,468428,74.69,2000,0.0702,0.1627,0.967,B,1.7834,0.9863,0.8178,0.9211,0.1,0.0
596,470428,73.98,2000,0.0864,0.1195,0.969,B,1.6916,0.9965,0.8631,0.9248,0.1,0.0
597,472428,71.79,2000,0.0968,0.1308,0.971,B,1.6258,0.988,0.838,0.8986,0.1,0.0
598,474428,71.0,2000,0.1161,0.0976,0.973,B,1.5116,0.9785,0.8978,0.9209,0.1,0.0
599,476428,75.44,2000,0.0729,0.0909,0.975,B,1.7728,0.9971,0.9013,0.923,0.1,0.0
600,478428,67.39,2000,0.1299,0.1356,0.977,B,1.4128,0.9802,0.8327,0.8752,0.1,0.0
601,480428,72.39,2000,0.0998,0.1024,0.979,B,1.6174,0.9956,0.8832,0.9207,0.1,0.0
602,482428,68.73,2000,0.1271,0.1121,0.981,B,1.4305,0.9803,0.8673,0.9177,0.1,0.0
603,484428,75.93,2000,0.0572,0.108,0.983,B,1.8517,0.9847,0.8963,0.9212,0.1,0.0
604,486428,73.27,2000,0.0801,0.1236,0.985,B,1.7221,0.981,0.8739,0.9225,0.1,0.0
605,488428,67.38,2000,0.1439,0.0986,0.987,B,1.3154,0.9978,0.8962,0.9259,0.1,0.0
606,490428,74.4,2000,0.0707,0.0926,0.989,B,1.7736,0.9862,0.8999,0.9235,0.1,0.0
607,492428,74.85,2000,0.0669,0.096,0.992,B,1.8123,0.9917,0.8954,0.9231,0.1,0.0
608,494428,73.1,2000,0.0834,0.0984,0.994,B,1.711,0.9939,0.8975,0.9193,0.1,0.0
609,496428,74.78,2000,0.0674,0.0873,0.996,B,1.8078,0.9913,0.915,0.9242,0.1,0.0
610,498428,74.82,2000,0.0554,0.096,0.998,B,1.8534,0.9837,0.8959,0.9197,0.1,0.0
611,500428,73.97,2000,0.0704,0.0932,1.0,B,1.7873,0.9793,0.9288,0.9146,0.1,0.0
