episode,timestep,reward,steps,visibility_pct,survived,mean_action_mag,mean_action_jerk,r_alive_sum,r_track_sum,r_invis_sum,r_jerk_sum,r_amag_sum,phase,alpha,target_speed,jitter_xy,term_reason
1,117,-32.61,117,62.4,0,0.506,0.6655,93.015,2.644,-2.2,-124.092,-1.978,A,0.201,0.0,0.05,
2,216,-24.4,99,55.6,0,0.5286,0.6838,74.25,15.924,-2.2,-110.587,-1.787,A,0.202,0.0,0.051,
3,329,-30.53,113,43.4,0,0.5159,0.6788,88.705,8.358,-3.2,-122.403,-1.989,A,0.203,0.0,0.051,
4,391,-12.22,62,51.6,0,0.5013,0.6391,40.765,10.035,-1.5,-60.503,-1.016,A,0.204,0.0,0.051,
5,472,-10.84,81,65.4,0,0.527,0.6765,57.105,25.503,-1.4,-90.589,-1.463,A,0.205,0.0,0.052,
6,541,-35.8,69,24.6,0,0.5528,0.7009,46.575,4.771,-2.6,-83.216,-1.325,A,0.205,0.0,0.052,
7,593,-10.56,52,61.5,0,0.5149,0.6821,32.89,13.463,-1.0,-55.026,-0.887,A,0.206,0.0,0.052,
8,648,-14.85,55,41.8,0,0.4821,0.6674,35.2,9.552,-1.6,-57.137,-0.865,A,0.206,0.0,0.052,
9,689,-17.16,41,53.7,0,0.5501,0.712,24.805,8.219,-0.95,-48.463,-0.766,A,0.207,0.0,0.052,
10,745,-7.92,56,57.1,0,0.5083,0.6327,35.98,11.849,-1.2,-53.61,-0.943,A,0.207,0.0,0.053,
11,874,-21.97,129,58.1,0,0.5115,0.7003,106.425,26.547,-2.7,-149.992,-2.249,A,0.209,0.0,0.053,
12,924,-19.16,50,46.0,0,0.5039,0.6791,31.375,6.348,-1.35,-54.687,-0.85,A,0.209,0.0,0.053,
13,994,-21.74,70,54.3,0,0.5055,0.6774,47.425,8.437,-1.6,-74.837,-1.164,A,0.21,0.0,0.054,
14,1109,-36.33,115,67.8,0,0.5087,0.7041,90.85,9.646,-1.85,-133.005,-1.969,A,0.211,0.0,0.054,
15,1188,-26.9,79,44.3,0,0.5297,0.7114,55.3,13.345,-2.2,-91.924,-1.418,A,0.212,0.0,0.054,
16,1224,-9.9,36,47.2,0,0.5237,0.647,21.33,4.743,-0.95,-34.396,-0.623,A,0.212,0.0,0.054,
17,1303,-23.48,79,35.4,0,0.5079,0.6776,55.3,12.266,-2.55,-87.107,-1.384,A,0.213,0.0,0.055,
18,1402,-12.35,99,66.7,0,0.5257,0.6597,74.25,21.585,-1.65,-104.789,-1.75,A,0.214,0.0,0.055,
19,1473,-23.34,71,59.2,0,0.5345,0.6783,48.28,9.85,-1.45,-78.722,-1.296,A,0.215,0.0,0.055,
20,1535,-13.07,62,38.7,0,0.484,0.6271,40.765,7.885,-1.9,-58.853,-0.972,A,0.215,0.0,0.055,
21,1610,-15.81,75,42.7,0,0.5014,0.6259,51.75,8.112,-2.15,-72.278,-1.246,A,0.216,0.0,0.056,
22,1697,-31.13,87,66.7,0,0.5304,0.7251,62.64,14.314,-1.45,-105.057,-1.573,A,0.217,0.0,0.056,
23,1821,-25.35,124,37.9,0,0.5185,0.6665,100.75,12.413,-3.85,-132.514,-2.152,A,0.218,0.0,0.057,
24,1886,-25.2,65,52.3,0,0.5302,0.6973,43.225,10.752,-1.55,-76.446,-1.183,A,0.219,0.0,0.057,
25,1947,-21.69,61,36.1,0,0.5315,0.6835,39.955,9.017,-1.95,-67.598,-1.115,A,0.219,0.0,0.057,
26,2008,-16.15,61,54.1,0,0.5433,0.6401,39.955,10.688,-1.4,-64.235,-1.154,A,0.22,0.0,0.057,
27,2116,-22.37,108,68.5,0,0.5097,0.6417,83.43,8.398,-1.7,-110.645,-1.854,A,0.221,0.0,0.058,
28,2196,-21.75,80,56.2,0,0.5354,0.7015,56.2,20.004,-1.75,-94.759,-1.445,A,0.222,0.0,0.058,
29,2258,-17.65,62,48.4,0,0.5132,0.6726,40.765,11.44,-1.6,-67.177,-1.082,A,0.223,0.0,0.058,
30,2381,-17.98,123,47.2,0,0.5249,0.6519,99.63,17.891,-3.25,-130.054,-2.194,A,0.224,0.0,0.059,
31,2431,-15.99,50,38.0,0,0.5283,0.6754,31.375,9.022,-1.55,-53.934,-0.903,A,0.224,0.0,0.059,
32,2531,-24.17,100,33.0,0,0.5329,0.6279,75.25,6.396,-3.35,-100.648,-1.822,A,0.225,0.0,0.059,
33,2669,-28.87,138,50.7,0,0.5143,0.672,116.955,8.167,-3.4,-148.261,-2.336,A,0.227,0.0,0.06,
34,2838,-6.86,169,73.4,0,0.535,0.6501,156.325,15.963,-2.25,-173.804,-3.096,A,0.228,0.0,0.06,
35,2880,-6.83,42,47.6,0,0.5113,0.622,25.515,8.793,-1.1,-39.308,-0.731,A,0.229,0.0,0.06,
36,2932,-14.26,52,46.2,0,0.5223,0.6718,32.89,10.626,-1.4,-55.465,-0.914,A,0.229,0.0,0.06,
37,3066,-8.62,134,66.4,0,0.5158,0.6605,112.225,26.0,-2.25,-142.285,-2.312,A,0.231,0.0,0.061,
38,3157,-21.55,91,57.1,0,0.5378,0.665,66.43,14.629,-1.95,-98.968,-1.69,A,0.232,0.0,0.061,
39,3298,8.55,141,68.1,0,0.5145,0.6678,120.555,43.598,-2.25,-150.943,-2.413,A,0.233,0.0,0.062,
40,3344,-12.24,46,47.8,0,0.4811,0.6633,28.405,8.244,-1.2,-46.954,-0.732,A,0.233,0.0,0.062,
41,3544,23.09,200,57.0,0,0.5006,0.6239,200.5,22.848,-4.3,-192.71,-3.249,A,0.235,0.0,0.063,
42,3820,87.94,276,82.6,0,0.503,0.645,329.13,43.632,-2.4,-277.831,-4.596,A,0.238,0.0,0.064,
43,4011,4.59,191,35.1,0,0.4863,0.6435,187.18,21.207,-6.2,-194.554,-3.038,A,0.24,0.0,0.064,
44,4241,36.14,230,61.7,0,0.5031,0.6585,247.825,37.516,-4.4,-241.003,-3.797,A,0.242,0.0,0.065,
45,4426,2.76,185,78.9,0,0.5158,0.6565,178.525,23.481,-1.95,-194.075,-3.224,A,0.244,0.0,0.066,
46,4562,2.92,136,64.0,0,0.5103,0.6823,114.58,37.649,-2.45,-144.502,-2.358,A,0.246,0.0,0.066,
47,4684,-18.29,122,63.1,0,0.5026,0.667,98.515,14.442,-2.25,-126.969,-2.029,A,0.247,0.0,0.067,
48,4926,13.74,242,58.7,0,0.5087,0.6766,268.015,35.696,-5.0,-260.847,-4.129,A,0.249,0.0,0.068,lost_target
49,5128,-10.19,202,30.7,0,0.5154,0.6627,203.515,10.092,-7.0,-213.262,-3.531,A,0.251,0.0,0.068,
50,5319,-10.9,191,47.6,0,0.5135,0.6458,187.18,20.397,-5.0,-190.24,-3.239,A,0.253,0.0,0.069,lost_target
51,5615,150.65,296,76.0,0,0.4962,0.6313,367.78,78.103,-3.55,-286.836,-4.849,A,0.256,0.0,0.07,
52,5851,14.28,236,57.6,0,0.5232,0.6668,257.83,41.533,-5.0,-255.899,-4.184,A,0.259,0.0,0.071,lost_target
53,6081,36.1,230,56.5,0,0.5106,0.6383,247.825,47.338,-5.0,-230.124,-3.936,A,0.261,0.0,0.072,lost_target
54,6302,5.84,221,54.8,0,0.506,0.6622,233.155,33.161,-5.0,-231.773,-3.708,A,0.263,0.0,0.073,lost_target
55,6595,157.12,293,69.3,0,0.4973,0.6204,361.855,84.834,-4.5,-275.331,-4.734,A,0.266,0.0,0.074,altitude_high
56,6901,158.94,306,67.3,0,0.4994,0.6238,387.855,96.125,-5.0,-295.07,-4.968,A,0.269,0.0,0.075,lost_target
57,7147,45.2,246,59.3,0,0.5182,0.66,274.905,59.576,-5.0,-259.992,-4.288,A,0.271,0.0,0.076,lost_target
58,7377,-0.12,230,56.5,0,0.5109,0.6775,247.825,33.598,-5.0,-252.683,-3.861,A,0.274,0.0,0.076,lost_target
59,7610,186.7,233,100.0,0,0.4882,0.579,252.805,133.043,0.0,-190.482,-3.668,A,0.276,0.0,0.077,altitude_high
60,7842,33.24,232,56.9,0,0.4978,0.6268,251.14,31.286,-5.0,-220.412,-3.77,A,0.278,0.0,0.078,lost_target
61,8121,143.36,279,68.1,0,0.501,0.6301,334.8,90.658,-4.45,-268.042,-4.602,A,0.281,0.0,0.079,altitude_high
62,8382,197.34,261,98.9,0,0.4997,0.6187,301.455,141.389,-0.15,-236.11,-4.248,A,0.284,0.0,0.08,altitude_high
63,8628,191.73,246,100.0,0,0.4956,0.6097,274.905,151.518,0.0,-225.793,-3.903,A,0.286,0.0,0.081,altitude_high
64,8934,188.94,306,67.3,0,0.4773,0.6043,387.855,99.679,-5.0,-268.932,-4.666,A,0.289,0.0,0.082,lost_target
65,9200,110.57,266,77.1,0,0.4946,0.6346,310.555,64.091,-3.05,-251.754,-4.268,A,0.292,0.0,0.083,altitude_high
66,9453,140.33,253,83.4,0,0.4736,0.5681,287.155,71.06,-2.1,-206.981,-3.807,A,0.295,0.0,0.084,altitude_high
67,9715,147.8,262,73.3,0,0.4668,0.6069,303.265,88.769,-3.5,-231.915,-3.815,A,0.297,0.0,0.085,altitude_high
68,10191,278.11,476,80.3,0,0.4933,0.5891,533.455,168.399,-4.7,-411.416,-7.631,A,0.302,0.0,0.086,
69,10429,193.35,238,100.0,0,0.4756,0.603,261.205,150.171,0.0,-209.448,-3.577,A,0.304,0.0,0.087,altitude_high
70,10631,187.09,202,85.1,0,0.4813,0.5583,203.515,146.506,-1.5,-153.377,-3.05,A,0.306,0.0,0.088,altitude_high
71,10856,137.03,225,77.3,0,0.4769,0.6156,239.625,107.191,-2.55,-203.818,-3.423,A,0.309,0.0,0.089,
72,11070,141.17,214,88.3,0,0.4822,0.5757,222.025,100.372,-1.25,-171.665,-3.309,A,0.311,0.0,0.09,altitude_high
73,11317,175.63,247,85.4,0,0.4759,0.5594,276.64,102.598,-1.8,-193.056,-3.757,A,0.313,0.0,0.09,altitude_high
74,11528,179.7,211,100.0,0,0.4615,0.5562,217.33,128.86,0.0,-158.441,-3.052,A,0.315,0.0,0.091,altitude_high
75,11732,151.59,204,100.0,0,0.4802,0.5768,206.55,117.37,0.0,-164.183,-3.146,A,0.317,0.0,0.092,altitude_high
76,11955,144.3,223,70.4,0,0.4655,0.5405,236.38,82.309,-3.3,-162.816,-3.27,A,0.32,0.0,0.093,altitude_high
77,12207,252.96,252,94.8,0,0.44,0.5162,285.39,142.95,-0.65,-166.384,-3.344,A,0.322,0.0,0.094,altitude_high
78,12425,285.08,218,100.0,0,0.4314,0.5238,228.355,210.449,0.0,-145.964,-2.76,A,0.324,0.0,0.094,altitude_high
79,12640,211.16,215,91.2,0,0.508,0.5697,223.6,168.038,-0.95,-175.922,-3.607,A,0.326,0.0,0.095,
80,12862,164.56,222,94.6,0,0.4523,0.5576,234.765,105.528,-0.6,-172.086,-3.051,A,0.329,0.0,0.096,
81,13087,336.5,225,100.0,0,0.4273,0.5306,239.625,262.198,0.0,-157.462,-2.864,A,0.331,0.0,0.097,altitude_high
82,13302,270.76,215,100.0,0,0.4325,0.4977,223.6,186.474,0.0,-131.574,-2.736,A,0.333,0.0,0.098,altitude_high
83,13548,205.3,246,86.6,0,0.4657,0.5526,274.905,125.198,-1.65,-184.563,-3.59,A,0.335,0.0,0.098,altitude_high
84,13773,193.41,225,96.4,0,0.4585,0.5503,239.625,133.534,-0.4,-171.176,-3.176,A,0.338,0.0,0.099,altitude_high
85,13977,169.82,204,99.5,0,0.4378,0.4781,206.55,87.81,-0.05,-116.824,-2.669,A,0.34,0.0,0.1,altitude_high
86,14180,176.47,203,73.9,0,0.4184,0.4922,205.03,103.525,-2.65,-121.974,-2.46,A,0.342,0.0,0.101,altitude_high
87,14374,195.22,194,86.1,0,0.4373,0.4752,191.575,121.464,-1.35,-108.967,-2.501,A,0.344,0.0,0.101,altitude_high
88,14531,118.23,157,80.9,0,0.4751,0.4705,140.515,66.817,-1.5,-85.23,-2.367,A,0.345,0.0,0.102,
89,14734,216.16,203,100.0,0,0.4459,0.5189,205.03,157.568,0.0,-138.713,-2.724,A,0.347,0.0,0.103,altitude_high
90,14945,309.79,211,100.0,0,0.4122,0.4689,217.33,215.865,0.0,-115.929,-2.477,A,0.349,0.0,0.103,altitude_high
91,15122,197.88,177,83.6,0,0.4435,0.4569,167.265,127.978,-1.45,-93.568,-2.347,A,0.351,0.0,0.104,
92,15288,151.88,166,75.9,0,0.4612,0.4446,152.305,85.973,-2.0,-82.039,-2.361,A,0.353,0.0,0.105,
93,15485,176.15,197,83.2,0,0.459,0.5228,196.015,122.112,-1.65,-132.543,-2.779,A,0.355,0.0,0.105,altitude_high
94,15680,201.07,195,81.5,0,0.435,0.4842,193.05,126.802,-1.8,-114.453,-2.525,A,0.357,0.0,0.106,
95,15859,216.94,179,80.4,0,0.4222,0.4422,170.05,140.468,-1.75,-89.636,-2.193,A,0.359,0.0,0.107,
96,16033,169.77,174,93.7,0,0.4809,0.4341,163.125,97.458,-0.55,-87.584,-2.678,A,0.36,0.0,0.107,
97,16231,230.86,198,86.9,0,0.4487,0.4598,197.505,143.585,-1.3,-106.187,-2.746,A,0.362,0.0,0.108,
98,16402,173.96,171,100.0,0,0.4324,0.4755,159.03,117.86,0.0,-100.756,-2.173,A,0.364,0.0,0.109,
99,16571,227.01,169,100.0,0,0.4514,0.4362,156.325,156.392,0.0,-83.351,-2.352,A,0.366,0.0,0.109,
100,16751,170.74,180,100.0,0,0.4478,0.4909,171.45,112.961,0.0,-111.207,-2.467,A,0.368,0.0,0.11,
101,16909,193.75,158,100.0,0,0.4457,0.4305,141.805,127.076,0.0,-73.036,-2.092,A,0.369,0.0,0.11,
102,17083,163.98,174,85.1,0,0.5043,0.4,163.125,82.577,-1.3,-77.423,-3.001,A,0.371,0.0,0.111,
103,17294,169.59,211,95.7,0,0.4892,0.4927,217.33,92.219,-0.45,-136.193,-3.318,A,0.373,0.0,0.112,
104,17455,179.16,161,100.0,0,0.4685,0.3549,145.705,89.809,0.0,-53.922,-2.428,A,0.375,0.0,0.112,
105,17615,237.12,160,100.0,0,0.4596,0.4469,144.4,177.354,0.0,-82.401,-2.236,A,0.376,0.0,0.113,
106,17758,192.75,143,100.0,0,0.4843,0.4369,122.98,142.385,0.0,-70.395,-2.22,A,0.378,0.0,0.113,
107,17934,296.13,176,100.0,0,0.405,0.372,165.88,195.705,0.0,-63.433,-2.027,A,0.379,0.0,0.114,
108,18108,162.85,174,100.0,0,0.4702,0.3797,163.125,71.902,0.0,-69.54,-2.639,A,0.381,0.0,0.115,
109,18282,268.35,174,100.0,0,0.3818,0.3808,163.125,169.714,0.0,-62.729,-1.764,A,0.383,0.0,0.115,
110,18578,442.2,296,85.8,0,0.3837,0.4348,367.78,221.788,-2.1,-142.166,-3.102,A,0.386,0.0,0.116,
111,18754,260.43,176,100.0,0,0.4519,0.4115,165.88,176.154,0.0,-79.189,-2.418,A,0.388,0.0,0.117,
112,18935,279.84,181,100.0,0,0.4511,0.4325,172.855,193.447,0.0,-83.998,-2.466,A,0.389,0.0,0.118,
113,19129,184.6,194,76.3,0,0.4059,0.4166,191.575,83.879,-2.3,-86.281,-2.271,A,0.391,0.0,0.118,
114,19310,209.89,181,88.4,0,0.5059,0.3951,172.855,123.574,-1.05,-77.454,-3.039,A,0.393,0.0,0.119,altitude_high
115,19504,316.31,194,100.0,0,0.3517,0.3876,191.575,199.65,0.0,-73.23,-1.68,A,0.395,0.0,0.12,
116,19695,239.45,191,90.6,0,0.4334,0.3789,187.18,129.219,-0.9,-73.543,-2.508,A,0.397,0.0,0.12,
117,19846,222.75,151,100.0,0,0.3951,0.3842,132.88,148.712,0.0,-57.212,-1.633,A,0.398,0.0,0.121,
118,20199,543.71,353,100.0,0,0.4054,0.3414,335.675,325.315,0.0,-108.139,-4.141,A,0.402,0.0,0.122,altitude_high
119,20327,158.13,128,100.0,0,0.4838,0.398,105.28,108.711,0.0,-53.902,-1.962,A,0.403,0.0,0.123,
120,20495,251.13,168,100.0,0,0.3942,0.3554,154.98,153.051,0.0,-55.106,-1.797,A,0.405,0.0,0.123,
121,20663,290.89,168,100.0,0,0.4108,0.4061,154.98,209.273,0.0,-71.409,-1.953,A,0.407,0.0,0.124,
122,20878,337.82,215,100.0,0,0.3553,0.3586,223.6,191.966,0.0,-70.833,-1.914,A,0.409,0.0,0.125,altitude_high
123,21040,269.62,162,100.0,0,0.3569,0.3604,147.015,178.404,0.0,-54.374,-1.428,A,0.41,0.0,0.125,
124,21206,272.17,166,100.0,0,0.3805,0.3729,152.305,180.785,0.0,-59.268,-1.652,A,0.412,0.0,0.126,
125,21395,244.58,189,87.3,0,0.4241,0.3699,184.275,133.789,-1.2,-69.881,-2.401,A,0.414,0.0,0.126,
126,21545,284.31,150,100.0,0,0.4429,0.4152,131.625,219.36,0.0,-64.687,-1.989,A,0.415,0.0,0.127,
127,21708,259.18,163,100.0,0,0.4124,0.3617,148.33,168.33,0.0,-55.582,-1.901,A,0.417,0.0,0.128,
128,21840,175.42,132,100.0,0,0.4582,0.3699,109.89,115.488,0.0,-48.116,-1.843,A,0.418,0.0,0.128,
129,22008,244.17,168,85.1,0,0.4253,0.4122,154.98,169.412,-1.25,-76.911,-2.065,A,0.42,0.0,0.129,
130,22156,247.22,148,100.0,0,0.403,0.3143,129.13,156.932,0.0,-37.155,-1.691,A,0.422,0.0,0.129,
131,22341,242.67,185,100.0,0,0.3587,0.3726,178.525,138.883,0.0,-68.037,-1.704,A,0.423,0.0,0.13,altitude_high
132,22462,206.36,121,100.0,0,0.5446,0.3271,97.405,148.632,0.0,-37.458,-2.219,A,0.425,0.0,0.13,
133,22611,210.78,149,100.0,0,0.4353,0.3846,130.375,141.517,0.0,-59.213,-1.895,A,0.426,0.0,0.131,
134,22762,272.86,151,100.0,0,0.4123,0.3356,132.88,186.269,0.0,-44.542,-1.747,A,0.428,0.0,0.131,
135,22911,286.1,149,100.0,0,0.4101,0.3577,130.375,207.084,0.0,-49.682,-1.678,A,0.429,0.0,0.132,
136,23096,321.58,185,100.0,0,0.3313,0.3306,178.525,201.292,0.0,-51.785,-1.45,A,0.431,0.0,0.132,altitude_high
137,23252,256.72,156,100.0,0,0.3756,0.3711,139.23,172.973,0.0,-53.944,-1.543,A,0.433,0.0,0.133,
138,23465,423.16,213,100.0,0,0.3742,0.3562,220.455,279.784,0.0,-69.939,-2.144,A,0.435,0.0,0.134,altitude_high
139,23611,270.45,146,100.0,0,0.4242,0.2862,126.655,178.269,0.0,-32.714,-1.761,A,0.436,0.0,0.134,
140,23750,217.26,139,100.0,0,0.443,0.3749,118.15,152.491,0.0,-51.571,-1.807,A,0.437,0.0,0.135,
141,23880,215.14,130,100.0,0,0.4425,0.3578,107.575,154.182,0.0,-44.931,-1.684,A,0.439,0.0,0.135,
142,24021,278.9,141,100.0,0,0.4035,0.3562,120.555,206.473,0.0,-46.544,-1.579,A,0.44,0.0,0.136,
143,24200,339.87,179,100.0,0,0.3436,0.3081,170.05,220.226,0.0,-43.925,-1.484,A,0.442,0.0,0.136,altitude_high
144,24362,256.95,162,100.0,0,0.4193,0.3609,147.015,168.415,0.0,-56.56,-1.924,A,0.444,0.0,0.137,
145,24499,282.44,137,100.0,0,0.3964,0.3371,115.765,208.141,0.0,-40.006,-1.461,A,0.445,0.0,0.137,
146,24618,264.95,119,100.0,0,0.5095,0.2968,95.2,201.692,0.0,-30.01,-1.935,A,0.446,0.0,0.138,
147,24755,286.35,137,100.0,0,0.4227,0.3325,115.765,211.718,0.0,-39.499,-1.633,A,0.448,0.0,0.138,
148,24879,248.83,124,100.0,0,0.4749,0.323,100.75,185.435,0.0,-35.573,-1.785,A,0.449,0.0,0.139,
149,25038,229.48,159,100.0,0,0.3622,0.3321,143.1,133.909,0.0,-46.076,-1.454,A,0.45,0.0,0.139,
150,25172,243.97,134,100.0,0,0.4505,0.3418,112.225,174.68,0.0,-41.155,-1.782,A,0.452,0.0,0.14,
151,25295,227.08,123,100.0,0,0.4949,0.3632,99.63,173.527,0.0,-44.154,-1.928,A,0.453,0.0,0.14,
152,25426,255.82,131,100.0,0,0.4456,0.3062,108.73,181.02,0.0,-32.234,-1.701,A,0.454,0.0,0.141,
153,25600,316.83,174,100.0,0,0.391,0.3343,163.125,211.691,0.0,-51.196,-1.79,A,0.456,0.0,0.141,altitude_high
154,25751,283.7,151,100.0,0,0.3705,0.3222,132.88,194.286,0.0,-42.034,-1.435,A,0.458,0.0,0.142,
155,25880,227.72,129,100.0,0,0.4705,0.3454,106.425,165.179,0.0,-42.019,-1.865,A,0.459,0.0,0.142,
156,26052,299.59,172,100.0,0,0.4633,0.3338,160.39,195.982,0.0,-54.256,-2.527,A,0.461,0.0,0.143,
157,26169,192.72,117,100.0,0,0.5252,0.4009,93.015,153.695,0.0,-51.911,-2.082,A,0.462,0.0,0.143,
158,26296,210.58,127,100.0,0,0.5256,0.3226,104.14,147.343,0.0,-38.7,-2.203,A,0.463,0.0,0.144,
159,26440,263.7,144,100.0,0,0.4271,0.3535,124.2,191.921,0.0,-50.661,-1.757,A,0.464,0.0,0.144,
160,26566,216.12,126,100.0,0,0.5268,0.321,103.005,153.752,0.0,-38.433,-2.208,A,0.466,0.0,0.145,
161,26713,257.32,147,100.0,0,0.5077,0.3608,127.89,185.15,0.0,-53.302,-2.418,A,0.467,0.0,0.145,
162,26851,247.79,138,100.0,0,0.4507,0.3443,116.955,176.639,0.0,-43.965,-1.842,A,0.469,0.0,0.146,
163,27008,227.69,157,100.0,0,0.4883,0.3458,140.515,146.866,0.0,-52.272,-2.424,A,0.47,0.0,0.146,altitude_high
164,27140,225.83,132,100.0,0,0.5233,0.3473,109.89,166.023,0.0,-47.826,-2.253,A,0.471,0.0,0.147,
165,27284,245.99,144,100.0,0,0.4538,0.3185,124.2,166.985,0.0,-43.251,-1.941,A,0.473,0.0,0.147,
166,27451,264.55,167,100.0,0,0.5277,0.3364,153.64,174.926,0.0,-56.059,-2.962,A,0.475,0.0,0.148,altitude_high
167,27590,230.05,139,100.0,0,0.4606,0.3156,118.15,154.277,0.0,-40.396,-1.977,A,0.476,0.0,0.149,
168,27721,215.68,131,100.0,0,0.5034,0.3289,108.73,148.859,0.0,-39.821,-2.088,A,0.477,0.0,0.149,
169,27839,204.15,118,100.0,0,0.5644,0.2939,94.105,145.453,0.0,-33.104,-2.305,A,0.478,0.0,0.149,
170,27962,194.18,123,100.0,0,0.5874,0.3122,99.63,135.082,0.0,-37.927,-2.604,A,0.48,0.0,0.15,
171,28097,215.55,135,100.0,0,0.4909,0.3266,113.4,145.849,0.0,-41.652,-2.048,A,0.481,0.0,0.15,
172,28227,166.44,130,100.0,0,0.5052,0.3491,107.575,107.881,0.0,-46.94,-2.08,A,0.482,0.0,0.151,
173,28336,162.9,109,100.0,0,0.6212,0.3035,84.475,114.256,0.0,-33.383,-2.45,A,0.483,0.0,0.151,
174,28434,161.61,98,100.0,0,0.6757,0.2348,73.255,109.243,0.0,-18.322,-2.567,A,0.484,0.0,0.152,
175,28556,231.82,122,100.0,0,0.5119,0.3632,98.515,182.857,0.0,-47.52,-2.029,A,0.486,0.0,0.152,
176,28666,196.09,110,100.0,0,0.5922,0.2792,85.525,140.907,0.0,-28.002,-2.343,A,0.487,0.0,0.152,
177,28790,233.11,124,100.0,0,0.5044,0.3625,100.75,179.557,0.0,-45.222,-1.979,A,0.488,0.0,0.153,
178,28918,220.25,128,100.0,0,0.5061,0.3345,105.28,158.525,0.0,-41.495,-2.061,A,0.489,0.0,0.153,
179,29067,251.02,149,100.0,0,0.445,0.3752,130.375,177.472,0.0,-54.872,-1.956,A,0.491,0.0,0.154,
180,29181,214.33,114,100.0,0,0.541,0.3315,89.775,166.939,0.0,-40.363,-2.021,A,0.492,0.0,0.154,
181,29306,216.52,125,100.0,0,0.4907,0.3528,101.875,160.757,0.0,-44.209,-1.903,A,0.493,0.0,0.155,
182,29421,202.81,115,100.0,0,0.5398,0.3464,90.85,155.617,0.0,-41.616,-2.042,A,0.494,0.0,0.155,
183,29554,253.52,133,100.0,0,0.4883,0.3546,111.055,190.669,0.0,-46.161,-2.039,A,0.496,0.0,0.156,
184,29665,212.92,111,100.0,0,0.5706,0.2959,86.58,159.376,0.0,-30.833,-2.203,A,0.497,0.0,0.156,
185,29775,206.21,110,100.0,0,0.5653,0.2923,85.525,154.595,0.0,-31.82,-2.087,A,0.498,0.0,0.156,
186,29914,250.48,139,100.0,0,0.4963,0.32,118.15,174.79,0.0,-40.299,-2.163,A,0.499,0.0,0.157,
187,30108,349.99,194,100.0,0,0.6148,0.2852,145.135,260.159,0.0,-50.998,-4.311,A,0.501,0.0,0.158,
188,30220,211.6,112,100.0,0,0.5793,0.3294,87.64,162.697,0.0,-36.492,-2.245,A,0.502,0.0,0.158,
189,30348,256.37,128,100.0,0,0.482,0.349,105.28,197.299,0.0,-44.306,-1.898,A,0.503,0.0,0.158,
190,30489,282.4,141,100.0,0,0.4888,0.3505,120.555,211.749,0.0,-47.726,-2.175,A,0.505,0.0,0.159,
191,30593,211.24,104,100.0,0,0.64,0.272,79.3,159.549,0.0,-25.163,-2.447,A,0.506,0.0,0.159,
192,30707,192.62,114,100.0,0,0.5485,0.3368,89.775,145.842,0.0,-40.869,-2.13,A,0.507,0.0,0.16,
193,30815,185.5,108,100.0,0,0.5739,0.2955,83.43,134.94,0.0,-30.67,-2.197,A,0.508,0.0,0.16,
194,30924,185.2,109,100.0,0,0.6018,0.3667,84.475,151.096,0.0,-48.048,-2.321,A,0.509,0.0,0.16,
195,31040,210.21,116,100.0,0,0.5458,0.4113,91.93,177.212,0.0,-56.768,-2.16,A,0.51,0.0,0.161,
196,31136,156.38,96,100.0,0,0.7038,0.2056,71.28,101.771,0.0,-14.04,-2.632,A,0.511,0.0,0.161,
197,31254,210.35,118,100.0,0,0.5352,0.3668,94.105,164.754,0.0,-46.451,-2.06,A,0.513,0.0,0.162,
198,31367,190.1,113,100.0,0,0.6181,0.3401,88.705,145.827,0.0,-41.859,-2.569,A,0.514,0.0,0.162,
199,31474,202.72,107,100.0,0,0.5681,0.2946,82.39,153.204,0.0,-30.825,-2.048,A,0.515,0.0,0.162,
200,31596,231.88,122,100.0,0,0.491,0.3437,98.515,176.839,0.0,-41.628,-1.841,A,0.516,0.0,0.163,
201,31715,217.18,119,100.0,0,0.5287,0.3027,95.2,156.65,0.0,-32.622,-2.048,A,0.517,0.0,0.163,
202,31818,178.71,103,100.0,0,0.6122,0.3074,78.28,133.48,0.0,-30.808,-2.245,A,0.518,0.0,0.164,
203,31934,192.62,116,100.0,0,0.6196,0.339,91.93,145.994,0.0,-42.652,-2.653,A,0.519,0.0,0.164,
204,32053,182.62,119,100.0,0,0.5878,0.3593,95.2,138.933,0.0,-49.012,-2.497,A,0.521,0.0,0.164,
205,32169,237.9,116,100.0,0,0.5893,0.3392,91.93,188.188,0.0,-39.778,-2.437,A,0.522,0.0,0.165,
206,32286,226.99,117,100.0,0,0.5666,0.365,93.015,183.036,0.0,-46.784,-2.278,A,0.523,0.0,0.165,
207,32395,215.48,109,100.0,0,0.604,0.3214,84.475,167.38,0.0,-34.058,-2.318,A,0.524,0.0,0.166,
208,32501,188.39,106,100.0,0,0.6641,0.3262,81.355,149.886,0.0,-40.163,-2.69,A,0.525,0.0,0.166,
209,32618,238.49,117,100.0,0,0.6237,0.3025,93.015,181.018,0.0,-32.869,-2.675,A,0.526,0.0,0.166,
210,32723,226.79,105,100.0,0,0.61,0.3242,80.325,184.018,0.0,-35.217,-2.333,A,0.527,0.0,0.167,
211,32864,299.07,141,100.0,0,0.4764,0.3705,120.555,239.278,0.0,-58.686,-2.079,A,0.529,0.0,0.167,
212,32984,246.82,120,100.0,0,0.5179,0.3913,96.3,206.417,0.0,-53.901,-2.0,A,0.53,0.0,0.168,
213,33085,183.79,101,100.0,0,0.6466,0.3072,76.255,140.066,0.0,-30.114,-2.416,A,0.531,0.0,0.168,
214,33242,389.58,157,100.0,0,0.5541,0.3221,140.515,305.701,0.0,-48.668,-2.964,A,0.532,0.0,0.169,altitude_high
215,33372,289.73,130,100.0,0,0.4945,0.3845,107.575,237.282,0.0,-53.104,-2.018,A,0.534,0.0,0.169,
216,33509,288.4,137,100.0,0,0.4549,0.3698,115.765,228.099,0.0,-53.578,-1.884,A,0.535,0.0,0.17,
217,33624,244.0,115,100.0,0,0.5411,0.3288,90.85,191.11,0.0,-35.903,-2.057,A,0.536,0.0,0.17,
218,33741,253.15,117,100.0,0,0.5324,0.3455,93.015,201.565,0.0,-39.403,-2.029,A,0.537,0.0,0.17,
219,33866,268.98,125,100.0,0,0.4989,0.3493,101.875,212.746,0.0,-43.668,-1.975,A,0.539,0.0,0.171,
220,33982,195.86,116,100.0,0,0.5421,0.3506,91.93,147.194,0.0,-41.217,-2.045,A,0.54,0.0,0.171,
221,34155,433.63,173,100.0,0,0.412,0.3486,161.755,335.092,0.0,-56.241,-1.973,A,0.542,0.0,0.172,altitude_high
222,34273,288.86,118,100.0,0,0.5583,0.3243,94.105,233.407,0.0,-36.398,-2.256,A,0.543,0.0,0.172,
223,34413,322.81,140,100.0,0,0.3873,0.3347,119.35,245.87,0.0,-41.005,-1.402,A,0.544,0.0,0.173,
224,34542,269.73,129,100.0,0,0.4505,0.351,106.425,209.078,0.0,-44.084,-1.69,A,0.545,0.0,0.173,
225,34670,223.24,128,100.0,0,0.477,0.3368,105.28,161.854,0.0,-42.034,-1.857,A,0.547,0.0,0.174,
226,34793,310.63,123,100.0,0,0.5081,0.3293,99.63,250.468,0.0,-37.462,-2.009,A,0.548,0.0,0.174,
227,34916,286.52,123,100.0,0,0.5079,0.2955,99.63,219.341,0.0,-30.471,-1.977,A,0.549,0.0,0.175,
228,35068,377.36,152,100.0,0,0.4237,0.3178,134.14,287.401,0.0,-42.387,-1.794,A,0.551,0.0,0.175,
229,35183,247.35,115,100.0,0,0.51,0.3532,90.85,198.236,0.0,-39.828,-1.906,A,0.552,0.0,0.176,
230,35335,363.27,152,100.0,0,0.3946,0.3508,134.14,279.884,0.0,-49.142,-1.608,A,0.553,0.0,0.176,
231,35479,362.37,144,100.0,0,0.4391,0.3099,124.2,276.011,0.0,-36.041,-1.804,A,0.555,0.0,0.177,
232,35623,318.2,144,100.0,0,0.461,0.3301,124.2,236.783,0.0,-40.764,-2.023,A,0.556,0.0,0.177,
233,35788,402.27,165,100.0,0,0.4483,0.3373,150.975,309.51,0.0,-51.046,-2.167,A,0.558,0.0,0.178,altitude_high
234,35938,307.91,150,100.0,0,0.4276,0.3083,131.625,215.788,0.0,-37.68,-1.822,A,0.559,0.0,0.178,
235,36103,359.49,165,100.0,0,0.4432,0.3724,150.975,275.195,0.0,-59.544,-2.132,A,0.561,0.0,0.179,altitude_high
236,36266,415.61,163,100.0,0,0.4345,0.3632,148.33,324.741,0.0,-55.376,-2.089,A,0.563,0.0,0.18,
237,36420,408.9,154,100.0,0,0.5037,0.331,136.675,326.618,0.0,-46.84,-2.549,A,0.564,0.0,0.18,altitude_high
238,36592,400.11,172,100.0,0,0.3791,0.3507,160.39,299.942,0.0,-53.537,-1.686,A,0.566,0.0,0.181,altitude_high
239,36767,470.59,175,100.0,0,0.3262,0.3072,164.5,350.544,0.0,-43.059,-1.393,A,0.568,0.0,0.181,
240,36927,359.04,160,100.0,0,0.4515,0.2592,144.4,247.83,0.0,-31.035,-2.153,A,0.569,0.0,0.182,
241,37084,382.4,157,100.0,0,0.4682,0.2942,140.515,283.35,0.0,-39.233,-2.235,A,0.571,0.0,0.182,
242,37248,435.55,164,100.0,0,0.4647,0.3168,149.65,339.32,0.0,-46.083,-2.341,A,0.572,0.0,0.183,altitude_high
243,37408,415.28,160,100.0,0,0.3641,0.3538,144.4,325.48,0.0,-53.152,-1.451,A,0.574,0.0,0.184,
244,37565,410.23,157,100.0,0,0.4358,0.2816,140.515,305.464,0.0,-33.741,-2.009,A,0.576,0.0,0.184,
245,37739,431.23,174,100.0,0,0.3996,0.3227,163.125,323.267,0.0,-48.289,-1.876,A,0.577,0.0,0.185,altitude_high
246,37904,352.87,165,100.0,0,0.4957,0.3482,150.975,264.026,0.0,-54.505,-2.627,A,0.579,0.0,0.185,altitude_high
247,38094,438.21,190,97.4,0,0.3739,0.34,185.725,318.101,-0.25,-58.437,-1.931,A,0.581,0.0,0.186,altitude_high
248,38253,418.71,159,100.0,0,0.537,0.3215,143.1,329.445,0.0,-45.947,-2.892,A,0.583,0.0,0.187,altitude_high
249,38430,416.79,177,100.0,0,0.3902,0.2872,167.265,294.637,0.0,-38.277,-1.832,A,0.584,0.0,0.187,altitude_high
250,38586,363.14,156,100.0,0,0.518,0.3184,139.23,271.235,0.0,-44.664,-2.658,A,0.586,0.0,0.188,
251,38749,435.49,163,100.0,0,0.4546,0.2695,148.33,321.506,0.0,-32.199,-2.15,A,0.587,0.0,0.188,
252,38911,392.54,162,100.0,0,0.4972,0.3321,147.015,302.514,0.0,-49.387,-2.606,A,0.589,0.0,0.189,altitude_high
253,39079,434.58,168,100.0,0,0.4232,0.3092,154.98,328.57,0.0,-41.966,-2.004,A,0.591,0.0,0.19,altitude_high
254,39246,384.13,167,100.0,0,0.5032,0.3372,153.64,292.932,0.0,-54.717,-2.728,A,0.592,0.0,0.19,altitude_high
255,39409,428.74,163,100.0,0,0.3925,0.3831,148.33,349.898,0.0,-62.798,-1.687,A,0.594,0.0,0.191,altitude_high
256,39597,493.13,188,100.0,0,0.3497,0.3509,182.83,376.023,0.0,-59.094,-1.631,A,0.596,0.0,0.191,altitude_high
257,39774,493.29,177,100.0,0,0.4422,0.3425,167.265,388.382,0.0,-55.059,-2.303,A,0.598,0.0,0.192,altitude_high
258,39938,380.24,164,100.0,0,0.5535,0.3066,149.65,282.473,0.0,-43.783,-3.096,A,0.599,0.0,0.193,altitude_high
259,40183,697.21,245,100.0,0,0.3881,0.2953,216.445,543.837,0.0,-55.584,-2.488,A,0.602,0.0,0.194,altitude_high
260,40349,457.44,166,100.0,0,0.3767,0.3598,152.305,366.942,0.0,-55.167,-1.639,A,0.603,0.0,0.194,altitude_high
261,40532,456.49,183,100.0,0,0.3216,0.3456,175.68,342.312,0.0,-55.136,-1.367,A,0.605,0.0,0.195,altitude_high
262,40705,408.09,173,100.0,0,0.4397,0.3253,161.755,301.051,0.0,-47.471,-2.245,A,0.607,0.0,0.195,altitude_high
263,40873,435.84,168,100.0,0,0.5,0.3282,154.98,338.751,0.0,-50.218,-2.678,A,0.609,0.0,0.196,altitude_high
264,41052,491.01,179,100.0,0,0.3615,0.3143,170.05,372.051,0.0,-44.432,-1.663,A,0.611,0.0,0.197,altitude_high
265,41212,373.92,160,100.0,0,0.4959,0.342,144.4,288.21,0.0,-51.148,-2.543,A,0.612,0.0,0.197,altitude_high
266,41384,338.1,172,100.0,0,0.4654,0.3553,160.39,241.671,0.0,-56.492,-2.468,A,0.614,0.0,0.198,altitude_high
267,41555,458.48,171,100.0,0,0.3769,0.2794,159.03,336.009,0.0,-34.835,-1.727,A,0.616,0.0,0.198,
268,41767,440.66,212,100.0,0,0.416,0.3006,218.89,281.066,0.0,-51.725,-2.575,A,0.618,0.0,0.199,altitude_high
269,41957,528.88,190,100.0,0,0.3278,0.304,185.725,394.556,0.0,-44.928,-1.473,A,0.62,0.0,0.2,altitude_high
270,42124,364.02,167,100.0,0,0.4667,0.3473,153.64,270.477,0.0,-52.7,-2.394,A,0.621,0.0,0.2,altitude_high
271,42285,340.79,161,100.0,0,0.5241,0.3361,145.705,252.494,0.0,-49.598,-2.806,A,0.623,0.0,0.201,altitude_high
272,42466,378.73,181,100.0,0,0.4486,0.3399,172.855,269.917,0.0,-56.635,-2.408,A,0.625,0.0,0.202,altitude_high
273,42660,580.56,194,100.0,0,0.3648,0.33,191.575,450.485,0.0,-54.681,-1.817,A,0.627,0.0,0.202,altitude_high
274,42893,530.22,233,94.8,0,0.409,0.3104,252.805,342.264,-0.6,-61.567,-2.686,A,0.629,0.0,0.203,
275,43137,545.44,244,98.4,0,0.5508,0.2708,271.45,331.45,-0.2,-52.724,-4.534,A,0.631,0.0,0.204,
276,43262,233.49,125,100.0,0,0.5421,0.3578,101.875,180.83,0.0,-46.919,-2.291,A,0.633,0.0,0.205,
277,43439,483.22,177,100.0,0,0.4329,0.3608,167.265,387.468,0.0,-64.183,-2.327,A,0.634,0.0,0.205,altitude_high
278,43630,435.42,191,100.0,0,0.4091,0.3092,187.18,303.404,0.0,-48.026,-2.137,A,0.636,0.0,0.206,altitude_high
279,43797,390.93,167,100.0,0,0.4968,0.3628,153.64,305.049,0.0,-60.125,-2.636,A,0.638,0.0,0.206,altitude_high
280,43981,488.22,184,100.0,0,0.4479,0.359,177.1,383.766,0.0,-65.139,-2.504,A,0.64,0.0,0.207,altitude_high
281,44277,614.05,296,77.4,0,0.4522,0.3266,367.78,342.545,-3.35,-88.766,-4.156,A,0.643,0.0,0.208,
282,44448,510.46,171,100.0,0,0.4377,0.3347,159.03,407.197,0.0,-48.582,-2.187,A,0.644,0.0,0.209,altitude_high
283,44569,306.44,121,100.0,0,0.5884,0.3135,97.405,249.709,0.0,-38.048,-2.623,A,0.646,0.0,0.209,
284,44766,572.69,197,100.0,0,0.3961,0.3627,196.015,451.042,0.0,-67.27,-2.096,A,0.648,0.0,0.21,altitude_high
285,44930,456.59,164,100.0,0,0.4625,0.2906,149.65,345.754,0.0,-36.522,-2.289,A,0.649,0.0,0.21,
286,45107,448.79,177,100.0,0,0.4823,0.2991,167.265,331.785,0.0,-47.49,-2.772,A,0.651,0.0,0.211,
287,45236,243.81,129,100.0,0,0.5451,0.3541,106.425,187.062,0.0,-47.28,-2.393,A,0.652,0.0,0.212,
288,45360,292.02,124,100.0,0,0.5488,0.3358,100.75,233.951,0.0,-40.295,-2.381,A,0.654,0.0,0.212,
289,45527,486.44,167,100.0,0,0.4777,0.3244,153.64,387.554,0.0,-47.288,-2.465,A,0.655,0.0,0.213,altitude_high
290,45721,554.72,194,100.0,0,0.4427,0.2983,191.575,417.987,0.0,-47.259,-2.584,A,0.657,0.0,0.213,altitude_high
291,45862,378.69,141,100.0,0,0.5257,0.3433,120.555,306.926,0.0,-46.316,-2.478,A,0.659,0.0,0.214,
292,46028,491.61,166,100.0,0,0.4923,0.2767,152.305,378.116,0.0,-36.252,-2.562,A,0.66,0.0,0.214,
293,46215,514.1,187,100.0,0,0.4244,0.3472,181.39,399.385,0.0,-59.438,-2.238,A,0.662,0.0,0.215,altitude_high
294,46385,446.42,170,100.0,0,0.5095,0.3131,157.675,341.558,0.0,-44.959,-2.852,A,0.664,0.0,0.216,altitude_high
295,46550,413.65,165,100.0,0,0.5604,0.3329,150.975,319.978,0.0,-54.043,-3.264,A,0.665,0.0,0.216,
296,46848,814.93,298,100.0,0,0.4489,0.3406,371.755,542.085,0.0,-94.745,-4.162,A,0.668,0.0,0.217,
297,47042,524.81,194,100.0,0,0.4246,0.3335,191.575,399.182,0.0,-58.557,-2.394,A,0.67,0.0,0.218,altitude_high
298,47206,408.64,164,100.0,0,0.5487,0.3667,149.65,330.768,0.0,-63.688,-3.087,A,0.672,0.0,0.219,altitude_high
299,47409,514.61,203,100.0,0,0.505,0.3348,205.03,383.076,0.0,-65.106,-3.39,A,0.674,0.0,0.219,altitude_high
300,47606,526.86,197,100.0,0,0.4308,0.346,196.015,401.683,0.0,-63.385,-2.451,A,0.676,0.0,0.22,altitude_high
301,47805,550.36,199,100.0,0,0.3937,0.3596,199.0,425.589,0.0,-67.126,-2.106,A,0.678,0.0,0.221,altitude_high
302,48026,604.04,221,100.0,0,0.413,0.3048,233.155,434.567,0.0,-56.046,-2.636,A,0.68,0.0,0.222,altitude_high
303,48241,417.22,215,100.0,0,0.5384,0.2781,223.6,254.485,0.0,-51.796,-4.074,A,0.682,0.0,0.222,altitude_high
304,48422,484.89,181,100.0,0,0.396,0.3183,172.855,365.694,0.0,-46.706,-1.954,A,0.684,0.0,0.223,altitude_high
305,48679,551.5,257,96.1,0,0.4956,0.329,294.265,336.787,-0.5,-74.913,-4.137,A,0.687,0.0,0.224,
306,48863,429.58,184,100.0,0,0.5456,0.2882,177.1,307.32,0.0,-46.339,-3.503,A,0.689,0.0,0.225,altitude_high
307,48987,251.82,124,100.0,0,0.5729,0.3292,100.75,193.128,0.0,-39.585,-2.469,A,0.69,0.0,0.225,
308,49138,401.01,151,100.0,0,0.527,0.3457,132.88,320.116,0.0,-49.32,-2.666,A,0.691,0.0,0.225,
309,49270,345.57,132,100.0,0,0.5826,0.3481,109.89,283.875,0.0,-45.457,-2.742,A,0.693,0.0,0.226,
310,49453,407.27,183,100.0,0,0.4416,0.3249,175.68,291.292,0.0,-52.321,-2.383,A,0.695,0.0,0.227,altitude_high
311,49678,424.2,225,100.0,0,0.5043,0.2922,239.625,248.798,0.0,-55.467,-3.752,A,0.697,0.0,0.227,altitude_high
312,49869,556.14,191,100.0,0,0.4443,0.3374,187.18,434.205,0.0,-57.748,-2.497,A,0.699,0.0,0.228,altitude_high
313,50187,734.4,318,100.0,0,0.5006,0.3058,290.12,537.516,0.0,-83.063,-5.178,A,0.702,0.0,0.229,altitude_high
314,50343,428.14,156,100.0,0,0.5548,0.3,139.23,337.185,0.0,-40.254,-3.024,A,0.703,0.0,0.23,altitude_high
315,50548,647.9,205,100.0,0,0.4167,0.2959,208.075,493.543,0.0,-46.318,-2.402,A,0.705,0.0,0.231,altitude_high
316,50763,485.26,215,100.0,0,0.4915,0.3139,223.6,328.751,0.0,-58.64,-3.447,A,0.708,0.0,0.231,altitude_high
317,50911,409.52,148,100.0,0,0.5891,0.2839,129.13,319.738,0.0,-36.311,-3.038,A,0.709,0.0,0.232,
318,51136,529.1,225,95.1,0,0.4524,0.2927,239.625,345.124,-0.55,-51.981,-3.12,A,0.711,0.0,0.233,
319,51325,621.37,189,100.0,0,0.4143,0.3139,184.275,492.71,0.0,-48.455,-2.157,A,0.713,0.0,0.233,altitude_high
320,51599,699.61,274,100.0,0,0.4525,0.3212,325.375,456.007,0.0,-77.929,-3.84,A,0.716,0.0,0.234,
321,51794,344.77,195,100.0,0,0.497,0.301,193.05,210.156,0.0,-50.251,-3.185,A,0.718,0.0,0.235,altitude_high
322,51962,414.27,168,100.0,0,0.5379,0.308,154.98,313.847,0.0,-46.504,-3.056,A,0.72,0.0,0.236,altitude_high
323,52201,481.86,239,96.2,0,0.4926,0.3201,262.9,292.8,-0.45,-69.554,-3.837,A,0.722,0.0,0.236,
324,52391,461.51,190,100.0,0,0.5254,0.2847,185.725,328.444,0.0,-44.341,-3.322,A,0.724,0.0,0.237,altitude_high
325,52621,484.22,230,90.0,0,0.5436,0.3166,247.825,311.493,-1.15,-69.535,-4.411,A,0.726,0.0,0.238,
326,52922,818.72,301,99.3,0,0.4806,0.3233,377.755,536.669,-0.1,-90.881,-4.721,A,0.729,0.0,0.239,
327,53130,560.88,208,100.0,0,0.5485,0.2871,212.68,404.901,0.0,-52.677,-4.027,A,0.731,0.0,0.24,
328,53293,504.2,163,100.0,0,0.5091,0.3138,148.33,409.807,0.0,-46.182,-2.753,A,0.733,0.0,0.24,altitude_high
329,53476,486.78,183,100.0,0,0.4854,0.3819,175.68,391.467,0.0,-72.564,-2.803,A,0.735,0.0,0.241,altitude_high
330,53662,585.34,186,100.0,0,0.4438,0.3387,179.955,471.958,0.0,-59.144,-2.433,A,0.737,0.0,0.242,altitude_high
331,53824,452.6,162,100.0,0,0.5011,0.3328,147.015,358.494,0.0,-50.226,-2.679,A,0.738,0.0,0.242,
332,54057,552.79,233,86.3,0,0.4449,0.3532,252.805,385.504,-1.6,-80.672,-3.243,A,0.741,0.0,0.243,
333,54222,494.57,165,100.0,0,0.5274,0.3433,150.975,402.959,0.0,-56.46,-2.903,A,0.742,0.0,0.244,
334,54380,483.05,158,100.0,0,0.5868,0.338,141.805,407.2,0.0,-57.594,-3.361,A,0.744,0.0,0.244,altitude_high
335,54598,611.0,218,100.0,0,0.4744,0.3254,228.355,452.47,0.0,-66.523,-3.297,A,0.746,0.0,0.245,
336,54847,735.56,249,100.0,0,0.3531,0.3509,280.125,542.802,0.0,-80.186,-2.183,A,0.748,0.0,0.246,altitude_high
337,55040,614.4,193,100.0,0,0.4505,0.3352,190.105,488.471,0.0,-56.568,-2.611,A,0.75,0.0,0.247,altitude_high
338,55238,560.9,198,100.0,0,0.4792,0.2883,197.505,411.584,0.0,-45.287,-2.905,A,0.752,0.0,0.247,
339,55393,482.55,155,100.0,0,0.5769,0.3483,137.95,404.582,0.0,-56.784,-3.202,A,0.754,0.0,0.248,
340,55591,548.47,198,100.0,0,0.4407,0.359,197.505,428.634,0.0,-70.145,-2.52,A,0.756,0.0,0.249,altitude_high
341,55777,430.13,186,94.1,0,0.4997,0.3353,179.955,313.41,-0.55,-59.626,-3.056,A,0.758,0.0,0.249,
342,55954,577.2,177,100.0,0,0.4595,0.3355,167.265,471.727,0.0,-54.283,-2.506,A,0.76,0.0,0.25,altitude_high
343,56141,478.64,187,92.0,0,0.4351,0.3007,181.39,345.136,-0.75,-44.753,-2.378,A,0.761,0.0,0.251,
344,56322,556.9,181,100.0,0,0.5231,0.2796,172.855,429.539,0.0,-42.308,-3.186,A,0.763,0.0,0.251,
345,56482,499.11,160,100.0,0,0.5741,0.3607,144.4,423.343,0.0,-60.379,-3.256,A,0.765,0.0,0.252,altitude_high
346,56670,625.5,188,100.0,0,0.4797,0.3592,182.83,515.835,0.0,-70.367,-2.797,A,0.767,0.0,0.252,
347,56865,499.35,195,96.4,0,0.4595,0.3487,193.05,373.404,-0.35,-63.999,-2.751,A,0.769,0.0,0.253,
348,57054,594.67,189,100.0,0,0.4667,0.3701,184.275,484.003,0.0,-70.9,-2.713,A,0.771,0.0,0.254,
349,57227,522.34,173,100.0,0,0.5278,0.3348,161.755,423.082,0.0,-54.474,-3.021,A,0.772,0.0,0.254,altitude_high
350,57416,635.72,189,100.0,0,0.429,0.324,184.275,514.419,0.0,-55.692,-2.284,A,0.774,0.0,0.255,altitude_high
351,57632,401.41,216,78.7,0,0.5003,0.3517,225.18,254.077,-2.3,-71.899,-3.646,A,0.776,0.0,0.256,
352,57839,437.21,207,94.2,0,0.4094,0.3269,211.14,291.086,-0.6,-61.94,-2.478,A,0.778,0.0,0.257,
353,58014,555.17,175,100.0,0,0.4683,0.3425,164.5,451.237,0.0,-58.069,-2.502,A,0.78,0.0,0.257,
354,58184,520.07,170,100.0,0,0.5668,0.3663,157.675,432.37,0.0,-61.576,-3.395,A,0.782,0.0,0.3,altitude_high
355,58400,551.17,216,95.8,0,0.5553,0.3218,225.18,396.397,-0.45,-65.823,-4.134,A,0.784,0.0,0.3,
356,58679,627.27,279,100.0,0,0.5188,0.3499,334.8,399.271,0.0,-101.969,-4.83,A,0.787,0.0,0.26,
357,58863,630.17,184,100.0,0,0.4679,0.3755,177.1,532.77,0.0,-72.109,-2.589,A,0.789,0.0,0.26,altitude_high
358,59036,579.28,173,100.0,0,0.5145,0.308,161.755,467.207,0.0,-46.724,-2.96,A,0.79,0.0,0.261,
359,59216,671.65,180,100.0,0,0.3454,0.3133,171.45,551.338,0.0,-44.587,-1.551,A,0.792,0.0,0.261,altitude_high
360,59378,515.83,162,100.0,0,0.519,0.3507,147.015,429.055,0.0,-57.495,-2.744,A,0.794,0.0,0.262,
361,59544,463.08,166,100.0,0,0.5155,0.3768,152.305,382.048,0.0,-63.412,-2.863,A,0.795,0.0,0.263,altitude_high
362,59734,499.62,190,100.0,0,0.4668,0.3228,185.725,370.836,0.0,-54.24,-2.703,A,0.797,0.0,0.3,
363,59923,566.47,189,100.0,0,0.4376,0.3142,184.275,442.436,0.0,-52.784,-2.462,A,0.799,0.0,0.264,altitude_high
364,60194,802.91,271,100.0,0,0.4826,0.3045,245.09,630.643,0.0,-68.69,-4.137,A,0.802,0.0,0.3,
365,60408,616.11,214,100.0,0,0.3951,0.3577,222.025,468.722,0.0,-72.321,-2.313,A,0.804,0.0,0.3,
366,60601,370.77,193,76.2,0,0.4921,0.3287,190.105,247.23,-2.3,-61.049,-3.216,A,0.806,0.0,0.3,
367,60770,500.01,169,100.0,0,0.5235,0.3383,156.325,399.469,0.0,-52.847,-2.941,A,0.808,0.0,0.267,
368,60956,526.68,186,100.0,0,0.4631,0.3771,179.955,424.066,0.0,-69.734,-2.609,A,0.81,0.0,0.268,altitude_high
369,61149,529.57,193,100.0,0,0.4052,0.3177,190.105,397.353,0.0,-50.708,-2.176,A,0.811,0.0,0.268,altitude_high
370,61341,693.35,192,100.0,0,0.4306,0.3757,188.64,584.425,0.0,-72.357,-2.361,A,0.813,0.0,0.269,altitude_high
371,61567,567.89,226,86.3,0,0.4543,0.3312,241.255,400.543,-1.55,-69.234,-3.122,A,0.816,0.0,0.3,
372,61724,512.89,157,100.0,0,0.5355,0.3343,140.515,425.292,0.0,-50.048,-2.871,A,0.817,0.0,0.27,
373,61884,539.05,160,100.0,0,0.5353,0.3144,144.4,443.162,0.0,-45.604,-2.905,A,0.819,0.0,0.271,
374,62052,532.49,168,100.0,0,0.5222,0.2977,154.98,421.492,0.0,-41.096,-2.889,A,0.821,0.0,0.272,
375,62295,454.56,243,58.8,0,0.4997,0.339,269.73,293.308,-5.0,-79.435,-4.046,A,0.823,0.0,0.3,lost_target
376,62509,383.52,214,95.8,0,0.4598,0.3616,222.025,239.8,-0.45,-74.778,-3.078,A,0.825,0.0,0.3,
377,62752,494.5,243,79.0,0,0.4837,0.3551,269.73,317.689,-2.55,-86.604,-3.764,A,0.828,0.0,0.274,
378,63008,499.62,256,72.3,0,0.4378,0.3794,292.48,312.703,-3.55,-98.614,-3.394,A,0.83,0.0,0.275,
379,63186,560.27,178,100.0,0,0.5165,0.3804,168.655,470.076,0.0,-75.423,-3.037,A,0.832,0.0,0.3,
380,63372,696.06,186,100.0,0,0.439,0.3853,179.955,596.138,0.0,-72.635,-2.395,A,0.834,0.0,0.276,altitude_high
381,63554,588.54,182,100.0,0,0.5456,0.3877,174.265,500.258,0.0,-77.587,-3.396,A,0.836,0.0,0.3,altitude_high
382,63778,668.33,224,100.0,0,0.4485,0.4335,238.0,547.907,0.0,-114.493,-3.081,A,0.838,0.0,0.3,
383,63949,576.09,171,100.0,0,0.5273,0.3635,159.03,483.814,0.0,-63.707,-3.048,A,0.839,0.0,0.278,
384,64114,549.16,165,100.0,0,0.5023,0.3572,150.975,458.436,0.0,-57.541,-2.713,A,0.841,0.0,0.279,
385,64315,605.25,201,95.5,0,0.4969,0.3446,202.005,471.807,-0.45,-64.883,-3.229,A,0.843,0.0,0.28,
386,64512,573.77,197,100.0,0,0.4341,0.3728,196.015,456.156,0.0,-75.837,-2.561,A,0.845,0.0,0.28,
387,64699,582.86,187,100.0,0,0.5351,0.403,181.39,493.023,0.0,-83.184,-3.371,A,0.847,0.0,0.3,altitude_high
388,64868,529.71,169,100.0,0,0.5573,0.3223,156.325,427.246,0.0,-50.603,-3.258,A,0.849,0.0,0.3,
389,65053,447.09,185,94.6,0,0.4095,0.3587,178.525,338.088,-0.5,-61.833,-2.188,A,0.851,0.0,0.3,altitude_high
390,65245,634.65,192,100.0,0,0.365,0.3621,188.64,517.906,0.0,-65.065,-1.832,A,0.852,0.0,0.3,altitude_high
391,65418,574.47,173,100.0,0,0.5439,0.4022,161.755,494.559,0.0,-78.601,-3.24,A,0.854,0.0,0.3,
392,65592,551.79,174,100.0,0,0.5755,0.3568,163.125,462.92,0.0,-65.701,-3.555,A,0.856,0.0,0.284,altitude_high
393,65791,607.73,199,100.0,0,0.52,0.326,199.0,471.484,0.0,-59.292,-3.459,A,0.858,0.0,0.3,
394,66031,807.87,240,97.1,0,0.4101,0.3747,264.6,637.011,-0.35,-90.522,-2.867,A,0.86,0.0,0.3,
395,66201,602.64,170,100.0,0,0.5448,0.4068,157.675,530.872,0.0,-77.727,-3.175,A,0.862,0.0,0.286,altitude_high
396,66366,344.11,165,94.5,0,0.5073,0.3615,150.975,255.703,-0.45,-59.354,-2.767,A,0.864,0.0,0.3,
397,66535,604.74,169,100.0,0,0.5302,0.372,156.325,516.344,0.0,-64.918,-3.009,A,0.865,0.0,0.3,
398,66745,673.66,210,92.4,0,0.4887,0.3861,215.775,548.228,-0.8,-86.233,-3.313,A,0.867,0.0,0.288,
399,66940,754.29,195,100.0,0,0.5017,0.3702,193.05,638.394,0.0,-73.988,-3.168,A,0.869,0.0,0.3,
400,67105,509.31,165,100.0,0,0.5574,0.3241,150.975,412.947,0.0,-51.391,-3.225,A,0.871,0.0,0.3,
401,67289,654.52,184,100.0,0,0.49,0.4458,177.1,578.44,0.0,-93.112,-2.905,A,0.873,0.0,0.3,altitude_high
402,67476,561.77,187,93.6,0,0.5186,0.3757,181.39,457.695,-0.6,-73.467,-3.251,A,0.875,0.0,0.3,
403,67633,580.04,157,100.0,0,0.5095,0.334,140.515,491.888,0.0,-49.787,-2.571,A,0.876,0.0,0.3,
404,67836,709.46,203,100.0,0,0.4558,0.405,205.03,596.969,0.0,-84.753,-2.782,A,0.878,0.0,0.3,altitude_high
405,67996,597.2,160,100.0,0,0.5667,0.3531,144.4,516.67,0.0,-60.656,-3.217,A,0.88,0.0,0.3,
406,68176,503.56,180,91.7,0,0.548,0.3722,171.45,408.65,-0.75,-72.313,-3.472,A,0.882,0.0,0.3,
407,68362,591.27,186,94.1,0,0.555,0.3552,179.955,483.916,-0.55,-68.441,-3.614,A,0.884,0.0,0.3,
408,68559,679.87,197,92.9,0,0.481,0.3722,196.015,560.23,-0.7,-72.679,-2.996,A,0.886,0.0,0.3,
409,68770,572.17,211,100.0,0,0.4791,0.4163,217.33,460.022,0.0,-102.054,-3.129,A,0.888,0.0,0.3,
410,68929,537.9,159,100.0,0,0.5649,0.4169,143.1,480.157,0.0,-82.23,-3.124,A,0.889,0.0,0.3,
411,69102,650.76,173,100.0,0,0.5503,0.3904,161.755,571.505,0.0,-74.24,-3.256,A,0.891,0.0,0.3,altitude_high
412,69325,719.16,223,100.0,0,0.4548,0.4274,236.38,604.581,0.0,-113.725,-3.075,A,0.893,0.0,0.3,altitude_high
413,69534,564.66,209,100.0,0,0.4998,0.4049,214.225,452.607,0.0,-93.83,-3.337,A,0.895,0.0,0.3,altitude_high
414,69723,703.0,189,100.0,0,0.4875,0.4161,184.275,615.381,0.0,-88.732,-2.926,A,0.897,0.0,0.3,altitude_high
415,69900,602.46,177,100.0,0,0.5177,0.4107,167.265,524.462,0.0,-81.265,-3.007,A,0.899,0.0,0.3,altitude_high
416,70201,1041.73,301,100.0,0,0.4747,0.3705,277.255,889.928,0.0,-116.004,-4.445,B,0.902,0.0,0.3,altitude_high
417,70386,703.03,185,100.0,0,0.5163,0.431,178.525,626.138,0.0,-93.501,-3.13,B,0.904,0.0,0.3,altitude_high
418,70615,623.96,229,96.1,0,0.4732,0.3888,246.175,480.837,-0.45,-99.082,-3.522,B,0.906,0.0,0.3,
419,70806,708.67,191,100.0,0,0.4732,0.4056,187.18,614.599,0.0,-85.334,-2.77,B,0.908,0.0,0.3,altitude_high
420,71021,585.75,215,100.0,0,0.4433,0.367,223.6,439.949,0.0,-74.905,-2.893,B,0.91,0.0,0.3,
421,71190,423.4,169,94.7,0,0.5251,0.3765,156.325,341.691,-0.45,-71.178,-2.988,B,0.912,0.0,0.3,
422,71384,740.3,194,100.0,0,0.502,0.404,191.575,645.046,0.0,-88.175,-3.148,B,0.914,0.0,0.3,altitude_high
423,71593,558.48,209,98.6,0,0.4658,0.4302,214.225,450.354,-0.15,-102.883,-3.069,B,0.916,0.0,0.3,
424,71784,731.42,191,100.0,0,0.5408,0.3698,187.18,624.67,0.0,-71.914,-3.519,B,0.918,0.0,0.3,altitude_high
425,71976,567.57,192,100.0,0,0.554,0.4151,188.64,479.363,0.0,-91.75,-3.687,B,0.92,0.0,0.3,altitude_high
426,72160,467.02,184,77.7,0,0.4855,0.3394,177.1,353.405,-2.05,-58.564,-2.876,B,0.922,0.0,0.3,
427,72331,523.15,171,92.4,0,0.5322,0.3753,159.03,436.18,-0.65,-68.366,-3.048,B,0.923,0.0,0.3,
428,72523,452.36,192,84.4,0,0.5137,0.348,188.64,334.006,-1.5,-65.538,-3.25,B,0.925,0.0,0.3,
429,72708,590.8,185,100.0,0,0.4829,0.4198,178.525,510.299,0.0,-90.234,-2.786,B,0.927,0.0,0.3,altitude_high
430,72919,358.32,211,63.5,0,0.5262,0.3951,217.33,241.498,-3.85,-92.858,-3.802,B,0.929,0.0,0.3,
431,73179,481.87,260,63.5,0,0.5321,0.3889,299.65,312.781,-4.75,-120.942,-4.867,B,0.932,0.0,0.3,
432,73333,559.9,154,100.0,0,0.5415,0.3665,136.675,489.329,0.0,-63.182,-2.923,B,0.933,0.0,0.3,
433,73510,680.85,177,100.0,0,0.5415,0.4115,167.265,602.752,0.0,-80.844,-3.32,B,0.935,0.0,0.3,altitude_high
434,73728,430.28,218,92.7,0,0.4974,0.4173,228.355,311.752,-0.8,-105.499,-3.531,B,0.937,0.0,0.3,
435,73923,511.12,195,100.0,0,0.4869,0.4281,193.05,420.171,0.0,-94.098,-3.006,B,0.939,0.0,0.3,altitude_high
436,74154,672.64,231,88.7,0,0.5834,0.3816,249.48,528.341,-1.3,-99.024,-4.853,B,0.942,0.0,0.3,
437,74303,393.42,149,90.6,0,0.5811,0.3836,130.375,332.61,-0.7,-65.729,-3.133,B,0.943,0.0,0.3,
438,74500,551.42,197,100.0,0,0.5006,0.4402,196.015,467.207,0.0,-108.564,-3.236,B,0.945,0.0,0.3,
439,74679,580.62,179,91.1,0,0.5449,0.4182,170.05,502.613,-0.8,-87.861,-3.379,B,0.947,0.0,0.3,
440,74891,823.54,212,100.0,0,0.4479,0.3954,218.89,702.487,0.0,-89.977,-2.863,B,0.949,0.0,0.3,altitude_high
441,75060,577.3,169,100.0,0,0.5446,0.4135,156.325,506.403,0.0,-82.218,-3.213,B,0.951,0.0,0.3,
442,75307,585.37,247,89.5,0,0.4766,0.398,276.64,421.379,-1.3,-107.622,-3.725,B,0.953,0.0,0.3,
443,75503,578.71,196,100.0,0,0.5369,0.3691,194.53,467.022,0.0,-79.13,-3.707,B,0.955,0.0,0.3,
444,75706,422.96,203,100.0,0,0.4609,0.3854,205.03,304.929,0.0,-84.051,-2.95,B,0.957,0.0,0.3,
445,75907,820.81,201,100.0,0,0.4687,0.3874,202.005,709.985,0.0,-83.217,-2.964,B,0.959,0.0,0.3,altitude_high
446,76069,493.34,162,90.7,0,0.5192,0.378,147.015,417.471,-0.75,-67.568,-2.826,B,0.961,0.0,0.3,
447,76256,695.59,187,100.0,0,0.5516,0.4688,181.39,631.414,0.0,-113.616,-3.596,B,0.963,0.0,0.3,
448,76409,459.05,153,88.9,0,0.6576,0.3312,135.405,386.085,-0.85,-57.72,-3.869,B,0.964,0.0,0.3,
449,76641,795.47,232,100.0,0,0.4917,0.365,251.14,637.017,0.0,-88.902,-3.785,B,0.966,0.0,0.3,
450,76849,700.94,208,93.8,0,0.4943,0.3839,212.68,578.125,-0.65,-85.912,-3.307,B,0.968,0.0,0.3,
451,77032,716.44,183,100.0,0,0.477,0.4492,175.68,646.69,0.0,-98.148,-2.782,B,0.97,0.0,0.3,altitude_high
452,77263,546.24,231,86.1,0,0.462,0.4438,249.48,422.018,-1.6,-120.301,-3.352,B,0.973,0.0,0.3,
453,77445,619.47,182,100.0,0,0.5456,0.4176,174.265,542.078,0.0,-88.495,-3.375,B,0.974,0.0,0.3,altitude_high
454,77627,578.91,182,100.0,0,0.4597,0.433,174.265,498.151,0.0,-90.861,-2.65,B,0.976,0.0,0.3,
455,77789,544.6,162,92.6,0,0.5751,0.3841,147.015,472.243,-0.6,-70.743,-3.316,B,0.978,0.0,0.3,
456,77971,408.71,182,100.0,0,0.4982,0.419,174.265,324.774,0.0,-87.372,-2.956,B,0.98,0.0,0.3,
457,78251,739.67,280,90.7,0,0.5906,0.4082,336.7,549.741,-1.3,-139.351,-6.117,B,0.983,0.0,0.3,
458,78450,746.31,199,100.0,0,0.5434,0.3854,199.0,635.839,0.0,-84.821,-3.713,B,0.984,0.0,0.3,
459,78640,686.45,190,100.0,0,0.5859,0.393,185.725,599.314,0.0,-89.63,-3.955,B,0.986,0.0,0.3,altitude_high
460,78857,555.52,217,96.8,0,0.6271,0.3721,226.765,429.117,-0.35,-94.899,-5.118,B,0.989,0.0,0.3,
461,79032,555.84,175,100.0,0,0.525,0.4487,164.5,491.909,0.0,-92.478,-3.089,B,0.99,0.0,0.3,altitude_high
462,79216,626.12,184,92.9,0,0.6476,0.342,177.1,526.988,-0.65,-72.633,-4.687,B,0.992,0.0,0.3,
463,79418,813.26,202,100.0,0,0.5155,0.4417,203.515,729.337,0.0,-111.194,-3.403,B,0.994,0.0,0.3,altitude_high
464,79622,528.94,204,97.1,0,0.5308,0.354,206.55,398.68,-0.3,-72.317,-3.674,B,0.996,0.0,0.3,
465,79824,684.47,202,100.0,0,0.5748,0.4356,203.515,597.971,0.0,-107.867,-4.15,B,0.998,0.0,0.3,altitude_high
466,80246,1487.36,422,100.0,0,0.5615,0.3684,440.785,1228.951,0.0,-173.85,-8.527,B,1.0,0.0,0.3,
467,80439,643.61,193,100.0,0,0.4245,0.3688,190.105,526.1,0.0,-70.186,-2.411,B,1.0,0.0,0.3,
468,80667,695.92,228,98.7,0,0.4883,0.3611,244.53,540.729,-0.15,-85.489,-3.701,B,1.0,0.0,0.3,
469,80851,670.15,184,90.8,0,0.5608,0.3941,177.1,580.715,-0.85,-83.219,-3.599,B,1.0,0.0,0.3,
470,81003,515.96,152,92.8,0,0.5915,0.3776,134.14,451.016,-0.55,-65.385,-3.257,B,1.0,0.0,0.3,
471,81212,897.25,209,100.0,0,0.6042,0.3326,214.225,763.96,0.0,-71.238,-4.699,B,1.0,0.0,0.3,altitude_high
472,81409,633.57,197,100.0,0,0.5392,0.3891,196.015,529.334,0.0,-83.142,-3.633,B,1.0,0.0,0.3,altitude_high
473,81604,771.13,195,100.0,0,0.4415,0.3955,193.05,668.625,0.0,-83.012,-2.529,B,1.0,0.0,0.3,altitude_high
474,81807,681.57,203,100.0,0,0.5865,0.4009,205.03,583.274,0.0,-97.361,-4.37,B,1.0,0.0,0.3,altitude_high
475,81997,500.75,190,94.7,0,0.623,0.3732,185.725,401.929,-0.5,-81.937,-4.471,B,1.0,0.0,0.3,
476,82197,786.73,200,100.0,0,0.5318,0.4345,200.5,703.308,0.0,-108.482,-3.598,B,1.0,0.0,0.3,altitude_high
477,82347,482.32,150,90.7,0,0.5212,0.3696,131.625,415.253,-0.7,-61.286,-2.571,B,1.0,0.0,0.3,
478,82548,675.09,201,99.0,0,0.4359,0.3843,202.005,555.798,-0.1,-79.967,-2.651,B,1.0,0.0,0.3,
479,82724,604.7,176,100.0,0,0.5534,0.3811,165.88,514.86,0.0,-72.607,-3.436,B,1.0,0.0,0.3,
480,82918,673.56,194,91.2,0,0.6492,0.3717,191.575,581.657,-0.85,-89.04,-4.781,B,1.0,0.0,0.3,altitude_high
481,83125,727.25,207,100.0,0,0.4945,0.3544,211.14,589.903,0.0,-70.338,-3.453,B,1.0,0.0,0.3,
482,83315,739.99,190,100.0,0,0.6358,0.3718,185.725,646.308,0.0,-82.489,-4.555,B,1.0,0.0,0.3,altitude_high
483,83524,576.1,209,97.6,0,0.6436,0.375,214.225,469.662,-0.25,-97.32,-5.22,B,1.0,0.0,0.3,altitude_high
484,83704,479.01,180,92.8,0,0.544,0.3812,171.45,389.241,-0.65,-77.619,-3.409,B,1.0,0.0,0.3,
485,83881,689.98,177,100.0,0,0.5803,0.3723,167.265,604.141,0.0,-72.741,-3.687,B,1.0,0.0,0.3,altitude_high
486,84077,736.67,196,100.0,0,0.4894,0.4676,194.53,667.165,0.0,-116.892,-3.131,B,1.0,0.0,0.3,altitude_high
487,84301,424.76,224,59.4,0,0.5287,0.4048,238.0,295.952,-4.55,-100.541,-4.104,B,1.0,0.0,0.3,
488,84487,624.8,186,100.0,0,0.533,0.4894,179.955,567.596,0.0,-119.353,-3.402,B,1.0,0.0,0.3,
489,84662,362.65,175,74.9,0,0.5605,0.4171,164.5,287.34,-2.2,-83.515,-3.475,B,1.0,0.0,0.3,
490,84857,709.57,195,100.0,0,0.5908,0.421,193.05,629.11,0.0,-103.309,-4.286,B,1.0,0.0,0.3,altitude_high
491,85028,631.32,171,100.0,0,0.5436,0.4677,159.03,580.876,0.0,-105.438,-3.147,B,1.0,0.0,0.3,
492,85234,559.77,206,100.0,0,0.4534,0.4741,209.605,472.63,0.0,-119.521,-2.947,B,1.0,0.0,0.3,
493,85439,737.48,205,100.0,0,0.6232,0.3719,208.075,628.603,0.0,-89.358,-4.838,B,1.0,0.0,0.3,altitude_high
494,85695,865.32,256,98.4,0,0.4358,0.4471,292.48,707.998,-0.2,-131.593,-3.37,B,1.0,0.0,0.3,
495,85874,610.21,179,92.7,0,0.6269,0.3767,170.05,525.327,-0.65,-80.279,-4.234,B,1.0,0.0,0.3,
496,86077,750.77,203,100.0,0,0.5743,0.4291,205.03,664.421,0.0,-109.52,-4.165,B,1.0,0.0,0.3,altitude_high
497,86279,662.62,202,92.1,0,0.472,0.3703,203.515,539.896,-0.8,-77.006,-2.981,B,1.0,0.0,0.3,
498,86449,369.6,170,75.3,0,0.5527,0.4366,157.675,307.592,-2.1,-90.294,-3.268,B,1.0,0.0,0.3,
499,86645,657.36,196,91.8,0,0.6047,0.3954,194.53,564.596,-0.8,-96.574,-4.388,B,1.0,0.0,0.3,
500,86843,773.88,198,100.0,0,0.6159,0.3992,197.505,682.4,0.0,-96.48,-4.546,B,1.0,0.0,0.3,altitude_high
501,87028,700.16,185,100.0,0,0.564,0.4699,178.525,645.944,0.0,-115.592,-3.713,B,1.0,0.0,0.3,altitude_high
502,87242,629.93,214,100.0,0,0.5101,0.3987,222.025,509.117,0.0,-97.459,-3.753,B,1.0,0.0,0.3,
503,87439,825.45,197,100.0,0,0.5259,0.4513,196.015,750.16,0.0,-112.265,-3.456,B,1.0,0.0,0.3,altitude_high
504,87694,751.11,255,97.3,0,0.5323,0.4416,290.7,604.657,-0.35,-139.226,-4.67,B,1.0,0.0,0.3,
505,87886,793.77,192,100.0,0,0.5822,0.3861,188.64,696.451,0.0,-82.313,-4.01,B,1.0,0.0,0.3,altitude_high
506,88034,435.05,148,93.2,0,0.5592,0.4205,129.13,381.917,-0.5,-72.596,-2.901,B,1.0,0.0,0.3,
507,88278,864.84,244,100.0,0,0.4222,0.4446,271.45,721.573,0.0,-125.146,-3.041,B,1.0,0.0,0.3,
508,88482,538.27,204,100.0,0,0.5638,0.4212,206.55,437.041,0.0,-101.193,-4.127,B,1.0,0.0,0.3,
509,88702,664.36,220,100.0,0,0.4964,0.429,231.55,547.994,0.0,-111.58,-3.608,B,1.0,0.0,0.3,
510,88898,810.88,196,100.0,0,0.4962,0.4462,194.53,730.404,0.0,-105.882,-3.167,B,1.0,0.0,0.3,altitude_high
511,89063,531.35,165,93.9,0,0.5172,0.3737,150.975,447.688,-0.5,-63.97,-2.839,B,1.0,0.0,0.3,
512,89276,730.11,213,100.0,0,0.5633,0.5042,220.455,670.22,0.0,-151.332,-4.235,B,1.0,0.0,0.3,altitude_high
513,89500,645.41,224,90.6,0,0.575,0.3715,238.0,507.47,-1.05,-94.339,-4.675,B,1.0,0.0,0.3,
514,89701,568.74,201,100.0,0,0.3857,0.4569,202.005,471.877,0.0,-103.038,-2.102,B,1.0,0.0,0.3,
515,89897,694.02,196,100.0,0,0.5584,0.4355,194.53,613.848,0.0,-105.487,-3.869,B,1.0,0.0,0.3,altitude_high
516,90236,1222.06,339,100.0,0,0.4744,0.4267,336.11,1059.953,0.0,-168.839,-5.169,B,1.0,0.0,0.3,
517,90457,631.47,221,86.4,0,0.5866,0.4277,233.155,523.514,-1.5,-118.951,-4.749,B,1.0,0.0,0.3,
518,90691,867.33,234,100.0,0,0.5031,0.4728,254.475,761.971,0.0,-140.245,-3.875,B,1.0,0.0,0.3,altitude_high
519,90899,600.96,208,100.0,0,0.5705,0.5086,212.68,544.187,0.0,-146.703,-4.208,B,1.0,0.0,0.3,altitude_high
520,91033,431.51,134,91.0,0,0.5985,0.3861,112.225,380.177,-0.6,-57.345,-2.951,B,1.0,0.0,0.3,
521,91240,663.32,207,100.0,0,0.5048,0.4599,211.14,575.409,0.0,-119.818,-3.415,B,1.0,0.0,0.3,
522,91467,747.65,227,92.5,0,0.5649,0.3938,242.89,613.876,-0.85,-103.629,-4.638,B,1.0,0.0,0.3,
523,91647,649.02,180,92.2,0,0.5663,0.419,171.45,571.214,-0.7,-89.311,-3.633,B,1.0,0.0,0.3,
