episode,timestep,reward,steps,mean_distance,visibility_pct,mean_fraction,mean_fraction_error,target_speed,phase,r_survival,r_stability,r_centering,r_scale,r_discovery,r_not_visible
1,1000,62.09,1000,3.17,0.0,0.0,0.0,0.0,A,0.05,0.8979,0.0,0.0,0.0,-0.5
2,2000,35.63,1000,2.811,22.5,0.0831,-0.1669,0.0,A,0.05,0.92,0.0795,0.1795,12.0,-0.3875
3,3000,19.81,1000,2.516,19.9,0.0318,-0.2182,0.0,A,0.05,0.92,0.0237,0.0806,15.0,-0.4005
4,4000,14.91,1000,1.843,0.0,0.0,0.0,0.0,A,0.05,0.916,0.0,0.0,0.0,-0.5
5,5000,15.19,1000,2.263,0.0,0.0,0.0,0.0,A,0.05,0.8901,0.0,0.0,0.0,-0.5
6,6000,30.55,1000,2.499,26.4,0.0886,-0.1614,0.0,A,0.05,0.8995,0.2396,0.2313,18.0,-0.368
7,7000,10.16,1000,1.646,0.0,0.0,0.0,0.0,A,0.05,0.8718,0.0,0.0,0.0,-0.5
8,8000,11.56,1000,1.638,0.0,0.0,0.0,0.0,A,0.05,0.9052,0.0,0.0,0.0,-0.5
9,9000,11.87,1000,1.613,0.0,0.0,0.0,0.0,A,0.05,0.8958,0.0,0.0,0.0,-0.5
10,10000,12.05,1000,2.054,0.0,0.0,0.0,0.0,A,0.05,0.8829,0.0,0.0,0.0,-0.5
11,11000,13.39,1000,2.715,0.0,0.0,0.0,0.0,A,0.05,0.9118,0.0,0.0,0.0,-0.5
12,12000,13.63,1000,2.69,0.5,0.0031,-0.2469,0.0,A,0.05,0.8963,0.0001,0.0012,3.0,-0.4975
13,13000,16.45,1000,2.498,10.1,0.0091,-0.2409,0.0,A,0.05,0.8719,0.0106,0.027,18.0,-0.4495
14,14000,45.38,1000,2.898,62.3,0.0752,-0.1748,0.0,A,0.05,0.8931,0.5678,0.4615,36.0,-0.1885
15,15000,9.08,1000,2.039,0.0,0.0,0.0,0.0,A,0.05,0.8978,0.0,0.0,0.0,-0.5
16,16000,9.22,1000,1.464,0.0,0.0,0.0,0.0,A,0.05,0.8926,0.0,0.0,0.0,-0.5
17,17000,17.7,1000,2.844,38.3,0.0418,-0.2082,0.0,A,0.05,0.8594,0.044,0.1773,15.0,-0.3085
18,18000,8.48,1000,2.202,0.0,0.0,0.0,0.0,A,0.05,0.8434,0.0,0.0,0.0,-0.5
19,19000,7.31,1000,2.125,0.0,0.0,0.0,0.0,A,0.05,0.7827,0.0,0.0,0.0,-0.5
20,20000,9.57,1000,2.259,0.0,0.0,0.0,0.0,A,0.05,0.8773,0.0,0.0,0.0,-0.5
21,21000,5.7,1000,2.923,0.0,0.0,0.0,0.0,A,0.05,0.7005,0.0,0.0,0.0,-0.5
22,22000,20.16,1000,2.696,23.2,0.0837,-0.1663,0.0,A,0.05,0.8502,0.1661,0.1965,18.0,-0.384
23,23000,8.96,1000,3.121,0.0,0.0,0.0,0.0,A,0.05,0.8492,0.0,0.0,0.0,-0.5
24,24000,8.97,1000,2.0,0.0,0.0,0.0,0.0,A,0.05,0.8426,0.0,0.0,0.0,-0.5
25,25000,5.38,1000,2.403,0.0,0.0,0.0,0.0,A,0.05,0.6825,0.0,0.0,0.0,-0.5
26,26000,8.27,1000,2.014,0.0,0.0,0.0,0.0,A,0.05,0.8031,0.0,0.0,0.0,-0.5
27,27000,6.76,1000,2.916,0.0,0.0,0.0,0.0,A,0.05,0.7349,0.0,0.0,0.0,-0.5
28,27379,2.51,379,3.645,0.0,0.0,0.0,0.0,A,0.05,0.7538,0.0,0.0,0.0,-0.5
29,28379,10.01,1000,2.22,0.0,0.0,0.0,0.0,A,0.05,0.8647,0.0,0.0,0.0,-0.5
30,29379,14.47,1000,2.819,10.3,0.1011,-0.1489,0.0,A,0.05,0.8062,0.0817,0.0993,6.0,-0.4485
31,30379,8.72,1000,2.483,0.0,0.0,0.0,0.0,A,0.05,0.8041,0.0,0.0,0.0,-0.5
32,30848,4.04,469,3.676,0.0,0.0,0.0,0.0,A,0.05,0.8178,0.0,0.0,0.0,-0.5
33,31848,9.01,1000,2.112,0.0,0.0,0.0,0.0,A,0.05,0.8094,0.0,0.0,0.0,-0.5
34,32848,8.82,1000,3.188,0.0,0.0,0.0,0.0,A,0.05,0.7975,0.0,0.0,0.0,-0.5
35,33575,2.64,727,2.407,0.0,0.0,0.0,0.0,A,0.05,0.6056,0.0,0.0,0.0,-0.5
36,34575,6.65,1000,2.924,0.0,0.0,0.0,0.0,A,0.05,0.7087,0.0,0.0,0.0,-0.5
37,35575,7.21,1000,3.193,0.0,0.0,0.0,0.0,A,0.05,0.7281,0.0,0.0,0.0,-0.5
38,36575,7.2,1000,2.892,12.1,0.0701,-0.1799,0.0,A,0.05,0.5437,0.0345,0.0846,3.0,-0.4395
39,37203,2.45,628,3.0,0.0,0.0,0.0,0.0,A,0.05,0.6167,0.0,0.0,0.0,-0.5
40,38203,8.39,1000,2.768,0.0,0.0,0.0,0.0,A,0.05,0.7712,0.0,0.0,0.0,-0.5
41,38897,3.1,694,2.732,0.0,0.0,0.0,0.0,A,0.05,0.6343,0.0,0.0,0.0,-0.5
42,39548,10.66,651,3.012,21.8,0.0798,-0.1702,0.0,A,0.05,0.6517,0.1293,0.1753,15.0,-0.3909
43,40548,11.25,1000,2.031,0.0,0.0,0.0,0.0,A,0.05,0.8767,0.0,0.0,0.0,-0.5
44,41548,11.79,1000,2.997,10.8,0.0302,-0.2198,0.0,A,0.05,0.776,0.0062,0.0419,15.0,-0.446
45,42057,1.84,509,2.945,1.2,0.0208,-0.2292,0.0,A,0.05,0.5868,0.002,0.0039,3.0,-0.4941
46,42561,0.46,504,2.47,0.0,0.0,0.0,0.0,A,0.05,0.5042,0.0,0.0,0.0,-0.5
47,43561,4.97,1000,3.486,0.0,0.0,0.0,0.0,A,0.05,0.6349,0.0,0.0,0.0,-0.5
48,44089,0.21,528,2.906,0.0,0.0,0.0,0.0,A,0.05,0.4836,0.0,0.0,0.0,-0.5
49,44867,4.87,778,2.261,0.0,0.0,0.0,0.0,A,0.05,0.6951,0.0,0.0,0.0,-0.5
50,45867,9.72,1000,2.345,0.0,0.0,0.0,0.0,A,0.05,0.8072,0.0,0.0,0.0,-0.5
51,46867,8.8,1000,2.384,0.0,0.0,0.0,0.0,A,0.05,0.7707,0.0,0.0,0.0,-0.5
52,47867,8.39,1000,1.85,0.0,0.0,0.0,0.0,A,0.05,0.7532,0.0,0.0,0.0,-0.5
53,48867,17.38,1000,2.964,16.8,0.0957,-0.1543,0.0,A,0.05,0.648,0.1841,0.1577,9.0,-0.416
54,49867,10.01,1000,3.172,0.0,0.0,0.0,0.0,A,0.05,0.8188,0.0,0.0,0.0,-0.5
55,50773,5.8,906,3.251,0.0,0.0,0.0,0.0,A,0.05,0.6949,0.0,0.0,0.0,-0.5
56,51773,10.67,1000,3.277,0.0,0.0,0.0,0.0,A,0.05,0.8367,0.0,0.0,0.0,-0.5
57,52773,5.32,1000,4.05,0.0,0.0,0.0,0.0,A,0.05,0.6417,0.0,0.0,0.0,-0.5
58,53773,14.54,1000,1.742,15.1,0.0591,-0.1909,0.0,A,0.05,0.7633,0.0285,0.0929,12.0,-0.4245
59,54773,6.21,1000,3.252,0.0,0.0,0.0,0.0,A,0.05,0.6717,0.0,0.0,0.0,-0.5
60,55773,17.38,1000,1.867,22.4,0.1015,-0.1485,0.0,A,0.05,0.6303,0.103,0.2175,12.0,-0.388
61,56502,4.03,729,3.449,0.0,0.0,0.0,0.0,A,0.05,0.6651,0.0,0.0,0.0,-0.5
62,57413,1.16,911,1.415,0.0,0.0,0.0,0.0,A,0.05,0.5071,0.0,0.0,0.0,-0.5
63,58413,6.06,1000,2.749,0.0,0.0,0.0,0.0,A,0.05,0.6707,0.0,0.0,0.0,-0.5
64,59157,6.15,744,1.408,0.0,0.0,0.0,0.0,A,0.05,0.7628,0.0,0.0,0.0,-0.5
65,60157,6.98,1000,1.609,0.0,0.0,0.0,0.0,A,0.05,0.7015,0.0,0.0,0.0,-0.5
66,61157,17.95,1000,2.737,19.1,0.0917,-0.1583,0.0,A,0.05,0.7146,0.1162,0.1684,6.0,-0.4045
67,62157,9.0,1000,2.18,0.0,0.0,0.0,0.0,A,0.05,0.7777,0.0,0.0,0.0,-0.5
68,63157,5.37,1000,2.303,0.0,0.0,0.0,0.0,A,0.05,0.6448,0.0,0.0,0.0,-0.5
69,64064,6.84,907,3.64,0.0,0.0,0.0,0.0,A,0.05,0.7332,0.0,0.0,0.0,-0.5
70,65064,10.71,1000,2.286,0.0,0.0,0.0,0.0,A,0.05,0.8339,0.0,0.0,0.0,-0.5
71,66064,8.0,1000,3.247,0.0,0.0,0.0,0.0,A,0.05,0.7351,0.0,0.0,0.0,-0.5
72,67064,5.72,1000,3.913,0.0,0.0,0.0,0.0,A,0.05,0.6528,0.0,0.0,0.0,-0.5
73,67834,3.08,770,1.386,0.0,0.0,0.0,0.0,A,0.05,0.6042,0.0,0.0,0.0,-0.5
74,68834,7.44,1000,4.641,0.0,0.0,0.0,0.0,A,0.05,0.7121,0.0,0.0,0.0,-0.5
75,69663,4.96,829,1.598,0.0,0.0,0.0,0.0,A,0.05,0.6721,0.0,0.0,0.0,-0.5
76,70501,4.54,838,3.958,0.0,0.0,0.0,0.0,A,0.05,0.6513,0.0,0.0,0.0,-0.5
77,71501,6.58,1000,3.462,0.0,0.0,0.0,0.0,A,0.05,0.6792,0.0,0.0,0.0,-0.5
78,72501,8.84,1000,4.209,0.0,0.0,0.0,0.0,A,0.05,0.7567,0.0,0.0,0.0,-0.5
79,73501,9.04,1000,3.28,0.0,0.0,0.0,0.0,A,0.05,0.7618,0.0,0.0,0.0,-0.5
80,74501,15.21,1000,1.962,13.8,0.0651,-0.1849,0.0,A,0.05,0.753,0.0434,0.0938,15.0,-0.431
81,75219,4.3,718,3.966,0.0,0.0,0.0,0.0,A,0.05,0.6701,0.0,0.0,0.0,-0.5
82,76219,7.75,1000,4.375,0.0,0.0,0.0,0.0,A,0.05,0.7156,0.0,0.0,0.0,-0.5
83,77103,5.48,884,4.198,0.0,0.0,0.0,0.0,A,0.05,0.6727,0.0,0.0,0.0,-0.5
84,78103,9.51,1000,1.433,0.0,0.0,0.0,0.0,A,0.05,0.7731,0.0,0.0,0.0,-0.5
85,78746,2.73,643,3.4,0.0,0.0,0.0,0.0,A,0.05,0.6095,0.0,0.0,0.0,-0.5
86,79746,11.1,1000,3.538,0.0,0.0,0.0,0.0,A,0.05,0.824,0.0,0.0,0.0,-0.5
87,80746,11.15,1000,0.782,0.0,0.0,0.0,0.0,A,0.05,0.8236,0.0,0.0,0.0,-0.5
88,81746,12.01,1000,1.563,0.0,0.0,0.0,0.0,A,0.05,0.8498,0.0,0.0,0.0,-0.5
89,82746,11.56,1000,1.079,0.0,0.0,0.0,0.0,A,0.05,0.833,0.0,0.0,0.0,-0.5
90,83365,11.3,619,2.255,24.9,0.0873,-0.1627,0.0,A,0.05,0.6158,0.1137,0.2119,3.0,-0.3756
91,84365,9.76,1000,3.578,0.0,0.0,0.0,0.0,A,0.05,0.775,0.0,0.0,0.0,-0.5
92,85365,10.93,1000,2.961,0.0,0.0,0.0,0.0,A,0.05,0.812,0.0,0.0,0.0,-0.5
93,86365,11.22,1000,0.853,0.0,0.0,0.0,0.0,A,0.05,0.8197,0.0,0.0,0.0,-0.5
94,87365,31.1,1000,1.723,26.6,0.0802,-0.1698,0.0,A,0.05,0.8824,0.2355,0.2151,18.0,-0.367
95,88365,12.55,1000,3.384,0.0,0.0,0.0,0.0,A,0.05,0.8724,0.0,0.0,0.0,-0.5
96,89365,12.47,1000,1.903,0.0,0.0,0.0,0.0,A,0.05,0.8675,0.0,0.0,0.0,-0.5
97,90365,12.11,1000,3.475,0.0,0.0,0.0,0.0,A,0.05,0.8532,0.0,0.0,0.0,-0.5
98,91365,34.29,1000,1.79,35.5,0.1024,-0.1476,0.0,A,0.05,0.8066,0.2732,0.3539,9.0,-0.3225
99,92365,19.89,1000,1.298,13.2,0.0997,-0.1503,0.0,A,0.05,0.8,0.1586,0.1193,12.0,-0.434
100,93365,24.42,1000,1.517,28.4,0.055,-0.195,0.0,A,0.05,0.8255,0.1818,0.1627,15.0,-0.358
101,94365,9.85,1000,3.137,0.0,0.0,0.0,0.0,A,0.05,0.8047,0.0,0.0,0.0,-0.5
102,95365,10.54,1000,2.256,0.0,0.0,0.0,0.0,A,0.05,0.8277,0.0,0.0,0.0,-0.5
103,96365,11.26,1000,2.058,0.0,0.0,0.0,0.0,A,0.05,0.8516,0.0,0.0,0.0,-0.5
104,97365,19.67,1000,2.267,14.1,0.1272,-0.1228,0.0,A,0.05,0.7337,0.1724,0.1719,6.0,-0.4295
105,98365,7.72,1000,2.347,0.0,0.0,0.0,0.0,A,0.05,0.7278,0.0,0.0,0.0,-0.5
106,99365,9.02,1000,3.009,0.0,0.0,0.0,0.0,A,0.05,0.7732,0.0,0.0,0.0,-0.5
107,99586,0.76,221,3.464,0.0,0.0,0.0,0.0,A,0.05,0.6174,0.0,0.0,0.0,-0.5
108,100586,17.94,1000,2.603,19.0,0.0905,-0.1595,0.0,A,0.05,0.7077,0.1131,0.1678,9.0,-0.405
109,101470,4.47,884,2.663,0.0,0.0,0.0,0.0,A,0.05,0.6425,0.0,0.0,0.0,-0.5
110,101952,0.83,482,3.128,0.0,0.0,0.0,0.0,A,0.05,0.5323,0.0,0.0,0.0,-0.5
111,102345,0.15,393,2.255,0.0,0.0,0.0,0.0,A,0.05,0.489,0.0,0.0,0.0,-0.5
112,102847,1.46,502,3.922,0.0,0.0,0.0,0.0,A,0.05,0.574,0.0,0.0,0.0,-0.5
113,103260,1.22,413,1.926,0.0,0.0,0.0,0.0,A,0.05,0.58,0.0,0.0,0.0,-0.5
114,103669,1.88,409,1.788,0.0,0.0,0.0,0.0,A,0.05,0.6387,0.0,0.0,0.0,-0.5
115,104047,0.16,378,2.115,0.0,0.0,0.0,0.0,A,0.05,0.4919,0.0,0.0,0.0,-0.5
116,104378,1.41,331,1.496,0.0,0.0,0.0,0.0,A,0.05,0.6319,0.0,0.0,0.0,-0.5
117,104563,-0.48,185,1.789,0.0,0.0,0.0,0.0,A,0.05,0.4125,0.0,0.0,0.0,-0.5
118,105563,6.35,1000,3.068,0.0,0.0,0.0,0.0,A,0.05,0.6758,0.0,0.0,0.0,-0.5
119,105892,6.49,329,3.296,34.3,0.0808,-0.1692,0.0,A,0.05,0.4595,0.2451,0.2772,9.0,-0.3283
120,106373,3.31,481,3.972,0.0,0.0,0.0,0.0,A,0.05,0.7151,0.0,0.0,0.0,-0.5
121,106599,0.92,226,3.074,0.0,0.0,0.0,0.0,A,0.05,0.6395,0.0,0.0,0.0,-0.5
122,106969,-0.11,370,2.311,0.0,0.0,0.0,0.0,A,0.05,0.4667,0.0,0.0,0.0,-0.5
123,107343,0.81,374,1.507,0.0,0.0,0.0,0.0,A,0.05,0.554,0.0,0.0,0.0,-0.5
124,107848,4.14,505,3.719,0.0,0.0,0.0,0.0,A,0.05,0.7601,0.0,0.0,0.0,-0.5
125,108428,3.71,580,1.882,0.0,0.0,0.0,0.0,A,0.05,0.6933,0.0,0.0,0.0,-0.5
126,108736,0.97,308,3.206,0.0,0.0,0.0,0.0,A,0.05,0.5939,0.0,0.0,0.0,-0.5
127,109138,1.78,402,1.806,3.7,0.0419,-0.2081,0.0,A,0.05,0.5788,0.0095,0.017,3.0,-0.4813
128,109572,0.95,434,3.206,0.0,0.0,0.0,0.0,A,0.05,0.55,0.0,0.0,0.0,-0.5
129,110017,1.78,445,3.911,0.0,0.0,0.0,0.0,A,0.05,0.6132,0.0,0.0,0.0,-0.5
130,110286,-0.17,269,3.124,0.0,0.0,0.0,0.0,A,0.05,0.4654,0.0,0.0,0.0,-0.5
131,110567,1.29,281,3.372,0.0,0.0,0.0,0.0,A,0.05,0.6471,0.0,0.0,0.0,-0.5
132,110869,0.01,302,1.903,0.0,0.0,0.0,0.0,A,0.05,0.4844,0.0,0.0,0.0,-0.5
133,111388,3.52,519,1.774,0.0,0.0,0.0,0.0,A,0.05,0.7073,0.0,0.0,0.0,-0.5
134,111700,0.7,312,3.007,0.0,0.0,0.0,0.0,A,0.05,0.5608,0.0,0.0,0.0,-0.5
135,112060,0.4,360,2.005,0.0,0.0,0.0,0.0,A,0.05,0.517,0.0,0.0,0.0,-0.5
136,112478,1.58,418,1.569,0.0,0.0,0.0,0.0,A,0.05,0.6063,0.0,0.0,0.0,-0.5
137,112914,4.13,436,3.663,10.3,0.0115,-0.2385,0.0,A,0.05,0.6982,0.0048,0.0287,9.0,-0.4484
138,113268,0.29,354,2.68,0.0,0.0,0.0,0.0,A,0.05,0.5065,0.0,0.0,0.0,-0.5
139,113718,9.94,450,2.627,33.8,0.0881,-0.1619,0.0,A,0.05,0.5985,0.1695,0.2937,6.0,-0.3311
140,113978,0.83,260,1.561,0.0,0.0,0.0,0.0,A,0.05,0.6002,0.0,0.0,0.0,-0.5
141,114546,10.53,568,2.178,19.5,0.0935,-0.1565,0.0,A,0.05,0.7351,0.0906,0.178,9.0,-0.4023
142,114999,2.86,453,4.151,0.0,0.0,0.0,0.0,A,0.05,0.6939,0.0,0.0,0.0,-0.5
143,115999,11.49,1000,1.342,0.0,0.0,0.0,0.0,A,0.05,0.8524,0.0,0.0,0.0,-0.5
144,116900,7.71,901,3.825,0.0,0.0,0.0,0.0,A,0.05,0.7598,0.0,0.0,0.0,-0.5
145,117670,3.13,770,3.372,0.0,0.0,0.0,0.0,A,0.05,0.6046,0.0,0.0,0.0,-0.5
146,118559,17.74,889,3.242,28.1,0.0815,-0.1685,0.0,A,0.05,0.5821,0.1872,0.2319,15.0,-0.3594
147,119559,12.3,1000,1.014,0.0,0.0,0.0,0.0,A,0.05,0.8819,0.0,0.0,0.0,-0.5
148,120559,12.35,1000,2.241,0.0,0.0,0.0,0.0,A,0.05,0.8819,0.0,0.0,0.0,-0.5
149,121559,11.03,1000,2.561,0.0,0.0,0.0,0.0,A,0.05,0.8344,0.0,0.0,0.0,-0.5
150,122138,6.42,579,3.325,0.0,0.0,0.0,0.0,A,0.05,0.8527,0.0,0.0,0.0,-0.5
151,122762,6.5,624,2.317,0.0,0.0,0.0,0.0,A,0.05,0.8269,0.0,0.0,0.0,-0.5
152,123762,35.96,1000,1.982,46.1,0.106,-0.144,0.0,A,0.05,0.7711,0.2436,0.4644,6.0,-0.2695
153,124762,9.67,1000,2.754,0.0,0.0,0.0,0.0,A,0.05,0.7983,0.0,0.0,0.0,-0.5
154,125762,21.6,1000,2.206,18.4,0.0841,-0.1659,0.0,A,0.05,0.8841,0.0969,0.1511,6.0,-0.408
155,126373,4.07,611,2.318,0.0,0.0,0.0,0.0,A,0.05,0.7075,0.0,0.0,0.0,-0.5
156,127373,10.52,1000,1.748,0.0,0.0,0.0,0.0,A,0.05,0.8295,0.0,0.0,0.0,-0.5
157,127972,3.3,599,2.421,0.0,0.0,0.0,0.0,A,0.05,0.6651,0.0,0.0,0.0,-0.5
158,128449,12.0,477,2.614,45.3,0.078,-0.172,0.0,A,0.05,0.5786,0.1942,0.3451,15.0,-0.2736
159,128979,3.37,530,1.96,0.0,0.0,0.0,0.0,A,0.05,0.6983,0.0,0.0,0.0,-0.5
160,129770,5.59,791,2.964,0.0,0.0,0.0,0.0,A,0.05,0.7171,0.0,0.0,0.0,-0.5
161,130770,9.87,1000,2.255,0.0,0.0,0.0,0.0,A,0.05,0.8039,0.0,0.0,0.0,-0.5
162,131469,2.45,699,3.425,0.0,0.0,0.0,0.0,A,0.05,0.5898,0.0,0.0,0.0,-0.5
163,132018,4.51,549,1.632,4.6,0.046,-0.204,0.0,A,0.05,0.6901,0.0158,0.0223,6.0,-0.4772
164,133018,8.99,1000,2.342,0.0,0.0,0.0,0.0,A,0.05,0.7704,0.0,0.0,0.0,-0.5
165,134018,9.79,1000,2.687,0.0,0.0,0.0,0.0,A,0.05,0.7981,0.0,0.0,0.0,-0.5
166,135015,5.51,997,2.371,0.1,0.0078,-0.2422,0.0,A,0.05,0.652,0.0,0.0003,3.0,-0.4995
167,136015,10.57,1000,2.095,0.0,0.0,0.0,0.0,A,0.05,0.8236,0.0,0.0,0.0,-0.5
168,137015,9.18,1000,2.258,0.0,0.0,0.0,0.0,A,0.05,0.7734,0.0,0.0,0.0,-0.5
169,138015,11.55,1000,1.717,11.8,0.0635,-0.1865,0.0,A,0.05,0.6802,0.0318,0.0763,9.0,-0.441
170,139015,9.81,1000,2.493,0.0,0.0,0.0,0.0,A,0.05,0.7941,0.0,0.0,0.0,-0.5
171,139974,6.53,959,2.396,1.0,0.0089,-0.2411,0.0,A,0.05,0.6871,0.0004,0.0028,3.0,-0.4948
172,140639,2.64,665,2.262,0.0,0.0,0.0,0.0,A,0.05,0.6037,0.0,0.0,0.0,-0.5
173,141549,5.22,910,3.047,0.0,0.0,0.0,0.0,A,0.05,0.6612,0.0,0.0,0.0,-0.5
174,142549,6.7,1000,2.602,0.0,0.0,0.0,0.0,A,0.05,0.6832,0.0,0.0,0.0,-0.5
175,142780,0.48,231,2.462,0.0,0.0,0.0,0.0,A,0.05,0.5657,0.0,0.0,0.0,-0.5
176,143780,8.36,1000,1.937,0.0,0.0,0.0,0.0,A,0.05,0.7399,0.0,0.0,0.0,-0.5
177,144780,7.69,1000,2.662,0.0,0.0,0.0,0.0,A,0.05,0.7159,0.0,0.0,0.0,-0.5
178,145443,3.83,663,2.963,0.0,0.0,0.0,0.0,A,0.05,0.6643,0.0,0.0,0.0,-0.5
179,146443,13.43,1000,1.712,5.7,0.1498,-0.1002,0.0,A,0.05,0.7427,0.0596,0.0794,3.0,-0.4715
180,147443,9.14,1000,3.055,0.0,0.0,0.0,0.0,A,0.05,0.7643,0.0,0.0,0.0,-0.5
181,148225,2.53,782,3.177,0.0,0.0,0.0,0.0,A,0.05,0.574,0.0,0.0,0.0,-0.5
182,149002,-0.94,777,2.283,0.0,0.0,0.0,0.0,A,0.05,0.4214,0.0,0.0,0.0,-0.5
183,150002,5.76,1000,3.351,0.0,0.0,0.0,0.0,A,0.05,0.6478,0.0,0.0,0.0,-0.5
184,150846,3.15,844,1.578,3.4,0.015,-0.235,0.0,A,0.05,0.553,0.0026,0.0101,6.0,-0.4828
185,151846,7.81,1000,2.493,0.0,0.0,0.0,0.0,A,0.05,0.7172,0.0,0.0,0.0,-0.5
186,152129,0.58,283,2.999,0.0,0.0,0.0,0.0,A,0.05,0.5556,0.0,0.0,0.0,-0.5
187,153129,2.67,1000,3.274,0.0,0.0,0.0,0.0,A,0.05,0.5411,0.0,0.0,0.0,-0.5
188,154129,10.42,1000,2.516,6.2,0.1366,-0.1134,0.0,A,0.05,0.6481,0.044,0.0799,3.0,-0.469
189,154364,5.59,235,2.268,34.5,0.0915,-0.1585,0.0,A,0.05,0.5476,0.2642,0.3063,3.0,-0.3277
190,154881,2.54,517,3.458,0.0,0.0,0.0,0.0,A,0.05,0.6369,0.0,0.0,0.0,-0.5
191,155097,-0.62,216,2.027,0.0,0.0,0.0,0.0,A,0.05,0.3986,0.0,0.0,0.0,-0.5
192,156097,8.38,1000,3.319,0.0,0.0,0.0,0.0,A,0.05,0.7355,0.0,0.0,0.0,-0.5
193,156552,-1.74,455,2.796,0.0,0.0,0.0,0.0,A,0.05,0.3414,0.0,0.0,0.0,-0.5
194,157552,12.97,1000,1.957,5.3,0.1347,-0.1153,0.0,A,0.05,0.7518,0.0431,0.0677,3.0,-0.4735
195,158552,13.15,1000,2.573,5.8,0.1259,-0.1241,0.0,A,0.05,0.7329,0.0638,0.069,3.0,-0.471
196,159552,12.22,1000,2.99,4.9,0.0856,-0.1644,0.0,A,0.05,0.7826,0.0148,0.04,3.0,-0.4755
197,160552,2.73,1000,2.994,0.0,0.0,0.0,0.0,A,0.05,0.5424,0.0,0.0,0.0,-0.5
198,161371,1.02,819,3.85,0.0,0.0,0.0,0.0,A,0.05,0.5044,0.0,0.0,0.0,-0.5
199,161736,-0.02,365,4.157,0.0,0.0,0.0,0.0,A,0.05,0.4759,0.0,0.0,0.0,-0.5
200,162126,2.32,390,3.702,9.7,0.092,-0.158,0.0,A,0.05,0.4175,0.1061,0.089,6.0,-0.4513
201,162492,-0.8,366,2.481,0.0,0.0,0.0,0.0,A,0.05,0.4035,0.0,0.0,0.0,-0.5
202,162728,6.15,236,3.141,23.7,0.142,-0.108,0.0,A,0.05,0.5586,0.3657,0.3192,3.0,-0.3814
203,163073,0.85,345,2.787,0.0,0.0,0.0,0.0,A,0.05,0.5628,0.0,0.0,0.0,-0.5
204,163527,2.46,454,4.043,0.0,0.0,0.0,0.0,A,0.05,0.6554,0.0,0.0,0.0,-0.5
205,163941,-0.03,414,3.973,0.0,0.0,0.0,0.0,A,0.05,0.4719,0.0,0.0,0.0,-0.5
206,164941,11.06,1000,3.107,0.0,0.0,0.0,0.0,A,0.05,0.8239,0.0,0.0,0.0,-0.5
207,165727,6.68,786,2.038,6.9,0.0801,-0.1699,0.0,A,0.05,0.6234,0.0328,0.0549,3.0,-0.4656
208,166651,6.43,924,4.12,0.0,0.0,0.0,0.0,A,0.05,0.6949,0.0,0.0,0.0,-0.5
209,167533,7.2,882,1.513,0.0,0.0,0.0,0.0,A,0.05,0.7357,0.0,0.0,0.0,-0.5
210,168090,1.29,557,1.707,0.0,0.0,0.0,0.0,A,0.05,0.5456,0.0,0.0,0.0,-0.5
211,168284,-2.06,194,3.43,0.0,0.0,0.0,0.0,A,0.05,0.1453,0.0,0.0,0.0,-0.5
212,168711,1.44,427,3.38,0.0,0.0,0.0,0.0,A,0.05,0.5863,0.0,0.0,0.0,-0.5
213,169711,4.51,1000,3.847,0.0,0.0,0.0,0.0,A,0.05,0.6012,0.0,0.0,0.0,-0.5
214,170243,3.38,532,1.883,2.3,0.0115,-0.2385,0.0,A,0.05,0.653,0.0052,0.0063,3.0,-0.4887
215,171243,12.31,1000,2.937,6.4,0.1438,-0.1062,0.0,A,0.05,0.6361,0.1041,0.0872,3.0,-0.468
216,172243,7.27,1000,1.518,0.0,0.0,0.0,0.0,A,0.05,0.6938,0.0,0.0,0.0,-0.5
217,172924,4.07,681,1.893,3.5,0.0385,-0.2115,0.0,A,0.05,0.6104,0.0172,0.0154,3.0,-0.4824
218,173924,6.98,1000,1.964,0.0,0.0,0.0,0.0,A,0.05,0.6831,0.0,0.0,0.0,-0.5
219,174592,2.11,668,3.08,0.0,0.0,0.0,0.0,A,0.05,0.5702,0.0,0.0,0.0,-0.5
220,175592,25.02,1000,2.28,15.3,0.1437,-0.1063,0.0,A,0.05,0.7898,0.2127,0.2033,6.0,-0.4235
221,176592,16.11,1000,2.562,10.6,0.0945,-0.1555,0.0,A,0.05,0.7973,0.0402,0.0962,6.0,-0.447
222,177512,7.95,920,1.549,0.0,0.0,0.0,0.0,A,0.05,0.7514,0.0,0.0,0.0,-0.5
223,178512,8.13,1000,1.998,0.0,0.0,0.0,0.0,A,0.05,0.7229,0.0,0.0,0.0,-0.5
224,179394,10.51,882,1.733,4.0,0.0926,-0.1574,0.0,A,0.05,0.7681,0.0331,0.0357,3.0,-0.4802
225,180394,11.79,1000,2.047,0.0,0.0,0.0,0.0,A,0.05,0.8437,0.0,0.0,0.0,-0.5
226,181394,13.02,1000,3.293,0.0,0.0,0.0,0.0,A,0.05,0.8838,0.0,0.0,0.0,-0.5
227,182394,9.48,1000,3.357,0.0,0.0,0.0,0.0,A,0.05,0.7652,0.0,0.0,0.0,-0.5
228,183394,13.73,1000,2.552,1.5,0.0105,-0.2395,0.0,A,0.05,0.8872,0.0034,0.0041,3.0,-0.4925
229,184394,24.24,1000,2.129,15.2,0.123,-0.127,0.0,A,0.05,0.8841,0.1112,0.1779,6.0,-0.424
230,185394,12.44,1000,3.085,0.0,0.0,0.0,0.0,A,0.05,0.8634,0.0,0.0,0.0,-0.5
231,186394,12.73,1000,1.569,0.0,0.0,0.0,0.0,A,0.05,0.8722,0.0,0.0,0.0,-0.5
232,187394,14.03,1000,1.981,0.0,0.0,0.0,0.0,A,0.05,0.914,0.0,0.0,0.0,-0.5
233,188394,12.81,1000,1.472,0.0,0.0,0.0,0.0,A,0.05,0.8728,0.0,0.0,0.0,-0.5
234,189394,13.76,1000,2.531,0.0,0.0,0.0,0.0,A,0.05,0.9029,0.0,0.0,0.0,-0.5
235,190394,14.71,1000,2.843,0.0,0.0,0.0,0.0,A,0.05,0.933,0.0,0.0,0.0,-0.5
236,191394,14.72,1000,1.621,0.0,0.0,0.0,0.0,A,0.05,0.9325,0.0,0.0,0.0,-0.5
237,192394,17.51,1000,2.261,4.0,0.0881,-0.1619,0.0,A,0.05,0.9494,0.0166,0.0338,3.0,-0.48
238,193394,14.65,1000,3.139,0.0,0.0,0.0,0.0,A,0.05,0.928,0.0,0.0,0.0,-0.5
239,194394,18.42,1000,1.692,5.0,0.0638,-0.1862,0.0,A,0.05,0.9262,0.0645,0.032,3.0,-0.475
240,195394,15.23,1000,1.904,0.0,0.0,0.0,0.0,A,0.05,0.9458,0.0,0.0,0.0,-0.5
241,196394,14.51,1000,3.308,0.0,0.0,0.0,0.0,A,0.05,0.9213,0.0,0.0,0.0,-0.5
242,197394,15.18,1000,1.828,0.0,0.0,0.0,0.0,A,0.05,0.942,0.0,0.0,0.0,-0.5
243,198394,17.56,1000,2.048,4.9,0.0695,-0.1805,0.0,A,0.05,0.9431,0.0096,0.0354,6.0,-0.4755
244,199394,13.84,1000,2.233,0.0,0.0,0.0,0.0,A,0.05,0.8969,0.0,0.0,0.0,-0.5
245,200394,15.54,1000,1.956,0.0,0.0,0.0,0.0,A,0.05,0.9508,0.0,0.0,0.0,-0.5
246,201394,15.94,1000,2.398,0.0,0.0,0.0,0.0,A,0.05,0.9629,0.0,0.0,0.0,-0.5
247,202394,15.84,1000,2.419,0.0,0.0,0.0,0.0,A,0.05,0.9584,0.0,0.0,0.0,-0.5
248,203394,24.55,1000,2.103,8.8,0.1372,-0.1128,0.0,A,0.05,0.9637,0.1146,0.1147,3.0,-0.456
249,204394,15.63,1000,2.499,0.0,0.0,0.0,0.0,A,0.05,0.9531,0.0,0.0,0.0,-0.5
250,205800,27.61,1406,2.361,4.1,0.1266,-0.1234,0.0,A,0.05,0.9497,0.0614,0.0488,3.0,-0.4797
251,206800,15.41,1000,2.361,0.0,0.0,0.0,0.0,A,0.05,0.9461,0.0,0.0,0.0,-0.5
252,207800,15.52,1000,2.513,0.0,0.0,0.0,0.0,A,0.05,0.9486,0.0,0.0,0.0,-0.5
253,208800,15.88,1000,2.476,0.0,0.0,0.0,0.0,A,0.05,0.9592,0.0,0.0,0.0,-0.5
254,209800,20.24,1000,2.274,4.9,0.1249,-0.1251,0.0,A,0.05,0.9537,0.0591,0.0584,3.0,-0.4755
255,210800,15.49,1000,3.379,0.0,0.0,0.0,0.0,A,0.05,0.9457,0.0,0.0,0.0,-0.5
256,211800,15.88,1000,3.183,0.0,0.0,0.0,0.0,A,0.05,0.957,0.0,0.0,0.0,-0.5
257,212800,15.49,1000,3.256,0.0,0.0,0.0,0.0,A,0.05,0.9437,0.0,0.0,0.0,-0.5
258,213800,22.38,1000,1.822,8.6,0.1385,-0.1115,0.0,A,0.05,0.953,0.0538,0.1109,3.0,-0.457
259,214800,15.67,1000,3.34,0.0,0.0,0.0,0.0,A,0.05,0.9495,0.0,0.0,0.0,-0.5
260,215800,15.94,1000,2.01,0.0,0.0,0.0,0.0,A,0.05,0.957,0.0,0.0,0.0,-0.5
261,216800,16.06,1000,3.582,0.0,0.0,0.0,0.0,A,0.05,0.9599,0.0,0.0,0.0,-0.5
262,217800,15.49,1000,3.573,0.0,0.0,0.0,0.0,A,0.05,0.9408,0.0,0.0,0.0,-0.5
263,218800,14.91,1000,2.989,0.0,0.0,0.0,0.0,A,0.05,0.9218,0.0,0.0,0.0,-0.5
264,219800,15.71,1000,3.711,0.0,0.0,0.0,0.0,A,0.05,0.9459,0.0,0.0,0.0,-0.5
265,220800,22.05,1000,2.002,8.6,0.1158,-0.1342,0.0,A,0.05,0.9423,0.0622,0.0959,3.0,-0.457
266,221800,15.52,1000,3.893,0.0,0.0,0.0,0.0,A,0.05,0.9397,0.0,0.0,0.0,-0.5
267,222800,16.27,1000,3.86,0.0,0.0,0.0,0.0,A,0.05,0.9625,0.0,0.0,0.0,-0.5
268,223800,16.11,1000,3.391,0.0,0.0,0.0,0.0,A,0.05,0.9564,0.0,0.0,0.0,-0.5
269,224800,25.88,1000,1.635,13.9,0.1071,-0.1429,0.0,A,0.05,0.9553,0.0978,0.1407,3.0,-0.4305
270,225800,16.07,1000,3.176,0.0,0.0,0.0,0.0,A,0.05,0.9575,0.0,0.0,0.0,-0.5
271,226800,16.17,1000,3.351,0.0,0.0,0.0,0.0,A,0.05,0.9598,0.0,0.0,0.0,-0.5
272,227800,15.93,1000,1.44,0.0,0.0,0.0,0.0,A,0.05,0.9511,0.0,0.0,0.0,-0.5
273,228800,16.19,1000,3.621,0.0,0.0,0.0,0.0,A,0.05,0.9584,0.0,0.0,0.0,-0.5
274,229800,16.46,1000,2.772,0.0,0.0,0.0,0.0,A,0.05,0.966,0.0,0.0,0.0,-0.5
275,230800,15.47,1000,3.389,0.0,0.0,0.0,0.0,A,0.05,0.9343,0.0,0.0,0.0,-0.5
276,231800,16.22,1000,1.26,0.0,0.0,0.0,0.0,A,0.05,0.9566,0.0,0.0,0.0,-0.5
277,232800,16.47,1000,1.749,0.0,0.0,0.0,0.0,A,0.05,0.9634,0.0,0.0,0.0,-0.5
278,233800,16.82,1000,2.291,3.2,0.0766,-0.1734,0.0,A,0.05,0.9214,0.0092,0.0238,3.0,-0.484
279,234800,16.5,1000,1.758,0.0,0.0,0.0,0.0,A,0.05,0.9627,0.0,0.0,0.0,-0.5
280,235800,29.42,1000,1.091,14.0,0.1416,-0.1084,0.0,A,0.05,0.9591,0.1552,0.1784,6.0,-0.43
281,236800,17.81,1000,2.183,2.6,0.062,-0.188,0.0,A,0.05,0.9683,0.0082,0.0159,3.0,-0.487
282,237800,15.96,1000,2.49,0.0,0.0,0.0,0.0,A,0.05,0.9495,0.0,0.0,0.0,-0.5
283,238800,15.91,1000,3.208,0.0,0.0,0.0,0.0,A,0.05,0.9472,0.0,0.0,0.0,-0.5
284,239800,19.24,1000,2.137,4.7,0.1068,-0.1432,0.0,A,0.05,0.9551,0.0203,0.0483,3.0,-0.4765
285,240800,16.16,1000,3.792,0.0,0.0,0.0,0.0,A,0.05,0.9534,0.0,0.0,0.0,-0.5
286,241800,16.35,1000,2.99,0.0,0.0,0.0,0.0,A,0.05,0.9583,0.0,0.0,0.0,-0.5
287,242800,17.98,1000,1.004,5.2,0.0178,-0.2322,0.0,A,0.05,0.9578,0.0053,0.0161,3.0,-0.474
288,243800,16.41,1000,3.902,0.0,0.0,0.0,0.0,A,0.05,0.9587,0.0,0.0,0.0,-0.5
289,244800,29.84,1000,1.587,18.7,0.1285,-0.1215,0.0,A,0.05,0.9465,0.1095,0.227,3.0,-0.4065
290,245800,15.7,1000,1.547,0.0,0.0,0.0,0.0,A,0.05,0.9411,0.0,0.0,0.0,-0.5
291,246800,16.07,1000,3.399,0.0,0.0,0.0,0.0,A,0.05,0.9517,0.0,0.0,0.0,-0.5
292,247800,23.74,1000,1.081,12.1,0.1073,-0.1427,0.0,A,0.05,0.9506,0.047,0.125,9.0,-0.4395
293,248800,15.76,1000,1.277,0.0,0.0,0.0,0.0,A,0.05,0.9427,0.0,0.0,0.0,-0.5
294,249800,15.43,1000,1.197,0.0,0.0,0.0,0.0,A,0.05,0.9315,0.0,0.0,0.0,-0.5
295,250372,4.27,572,3.975,0.0,0.0,0.0,0.0,A,0.05,0.7,0.0,0.0,0.0,-0.5
296,251372,22.11,1000,1.459,10.7,0.134,-0.116,0.0,A,0.05,0.9056,0.0431,0.1348,3.0,-0.4465
297,252372,11.29,1000,1.711,0.0,0.0,0.0,0.0,A,0.05,0.8024,0.0,0.0,0.0,-0.5
298,252843,5.99,471,1.814,0.0,0.0,0.0,0.0,A,0.05,0.8674,0.0,0.0,0.0,-0.5
299,253322,5.53,479,1.908,0.0,0.0,0.0,0.0,A,0.05,0.8305,0.0,0.0,0.0,-0.5
300,254322,16.06,1000,2.941,0.0,0.0,0.0,0.0,A,0.05,0.9496,0.0,0.0,0.0,-0.5
301,255322,19.39,1000,1.779,11.0,0.0611,-0.1889,0.0,A,0.05,0.904,0.015,0.0698,9.0,-0.445
302,255786,4.55,464,3.973,1.3,0.0047,-0.2453,0.0,A,0.05,0.7572,0.0027,0.0032,3.0,-0.4935
303,256786,16.29,1000,3.582,0.0,0.0,0.0,0.0,A,0.05,0.9554,0.0,0.0,0.0,-0.5
304,257786,16.22,1000,1.442,0.0,0.0,0.0,0.0,A,0.05,0.9525,0.0,0.0,0.0,-0.5
305,258756,14.22,970,2.046,6.1,0.0263,-0.2237,0.0,A,0.05,0.8429,0.0055,0.0225,12.0,-0.4696
306,259756,14.81,1000,3.923,0.0,0.0,0.0,0.0,A,0.05,0.9072,0.0,0.0,0.0,-0.5
307,260756,16.15,1000,2.047,0.0,0.0,0.0,0.0,A,0.05,0.9478,0.0,0.0,0.0,-0.5
308,261624,13.17,868,3.622,0.0,0.0,0.0,0.0,A,0.05,0.9285,0.0,0.0,0.0,-0.5
309,262591,14.61,967,5.213,0.0,0.0,0.0,0.0,A,0.05,0.9246,0.0,0.0,0.0,-0.5
310,263591,15.53,1000,3.621,0.0,0.0,0.0,0.0,A,0.05,0.9264,0.0,0.0,0.0,-0.5
311,264591,15.77,1000,4.204,0.0,0.0,0.0,0.0,A,0.05,0.9331,0.0,0.0,0.0,-0.5
312,265591,16.37,1000,4.487,0.0,0.0,0.0,0.0,A,0.05,0.9505,0.0,0.0,0.0,-0.5
313,266532,15.06,941,1.836,0.0,0.0,0.0,0.0,A,0.05,0.9492,0.0,0.0,0.0,-0.5
314,267532,14.19,1000,2.907,0.0,0.0,0.0,0.0,A,0.05,0.8828,0.0,0.0,0.0,-0.5
315,268479,19.18,947,1.695,5.9,0.077,-0.173,0.0,A,0.05,0.9495,0.0499,0.0455,3.0,-0.4704
316,269469,13.42,990,3.461,0.0,0.0,0.0,0.0,A,0.05,0.8726,0.0,0.0,0.0,-0.5
317,269956,5.3,487,1.83,0.0,0.0,0.0,0.0,A,0.05,0.8012,0.0,0.0,0.0,-0.5
318,270587,15.89,631,2.493,14.1,0.1388,-0.1112,0.0,A,0.05,0.8325,0.1322,0.1872,6.0,-0.4295
319,271587,17.04,1000,1.252,2.9,0.019,-0.231,0.0,A,0.05,0.9417,0.0008,0.0091,3.0,-0.4855
320,272494,13.17,907,3.792,0.0,0.0,0.0,0.0,A,0.05,0.9028,0.0,0.0,0.0,-0.5
321,272945,5.48,451,3.966,0.0,0.0,0.0,0.0,A,0.05,0.8414,0.0,0.0,0.0,-0.5
322,273539,14.06,594,3.144,19.5,0.1232,-0.1268,0.0,A,0.05,0.7478,0.1093,0.2267,3.0,-0.4024
323,273955,4.71,416,3.294,0.0,0.0,0.0,0.0,A,0.05,0.8194,0.0,0.0,0.0,-0.5
324,274353,4.08,398,3.445,0.0,0.0,0.0,0.0,A,0.05,0.7881,0.0,0.0,0.0,-0.5
325,275353,16.3,1000,4.29,0.0,0.0,0.0,0.0,A,0.05,0.9465,0.0,0.0,0.0,-0.5
326,275765,13.08,412,3.763,16.0,0.1361,-0.1139,0.0,A,0.05,0.8628,0.2848,0.2067,3.0,-0.4199
327,276700,14.72,935,3.773,0.0,0.0,0.0,0.0,A,0.05,0.9408,0.0,0.0,0.0,-0.5
328,277489,12.35,789,3.635,0.0,0.0,0.0,0.0,A,0.05,0.9395,0.0,0.0,0.0,-0.5
329,278381,14.12,892,3.509,0.0,0.0,0.0,0.0,A,0.05,0.9427,0.0,0.0,0.0,-0.5
330,279381,16.44,1000,2.619,0.0,0.0,0.0,0.0,A,0.05,0.9495,0.0,0.0,0.0,-0.5
331,280081,10.53,700,4.698,0.0,0.0,0.0,0.0,A,0.05,0.9206,0.0,0.0,0.0,-0.5
332,281081,18.61,1000,1.867,5.6,0.0626,-0.1874,0.0,A,0.05,0.9331,0.0113,0.0356,6.0,-0.472
333,281916,17.11,835,2.247,20.1,0.0275,-0.2225,0.0,A,0.05,0.8685,0.0129,0.0754,21.0,-0.3994
334,282514,7.38,598,3.497,0.0,0.0,0.0,0.0,A,0.05,0.8405,0.0,0.0,0.0,-0.5
335,283480,17.67,966,1.615,5.0,0.0554,-0.1946,0.0,A,0.05,0.905,0.0497,0.0281,6.0,-0.4752
336,284480,13.38,1000,3.963,0.0,0.0,0.0,0.0,A,0.05,0.8547,0.0,0.0,0.0,-0.5
337,285480,15.69,1000,4.389,0.0,0.0,0.0,0.0,A,0.05,0.9239,0.0,0.0,0.0,-0.5
338,286480,15.84,1000,2.95,0.0,0.0,0.0,0.0,A,0.05,0.9277,0.0,0.0,0.0,-0.5
339,287480,15.28,1000,3.798,0.0,0.0,0.0,0.0,A,0.05,0.9099,0.0,0.0,0.0,-0.5
340,288480,13.34,1000,5.031,0.0,0.0,0.0,0.0,A,0.05,0.8509,0.0,0.0,0.0,-0.5
341,289396,11.85,916,4.324,0.0,0.0,0.0,0.0,A,0.05,0.8493,0.0,0.0,0.0,-0.5
342,290396,14.68,1000,4.721,0.0,0.0,0.0,0.0,A,0.05,0.8899,0.0,0.0,0.0,-0.5
343,291057,11.87,661,2.798,5.7,0.0738,-0.1762,0.0,A,0.05,0.9179,0.01,0.0417,3.0,-0.4713
344,291359,3.8,302,4.007,0.0,0.0,0.0,0.0,A,0.05,0.86,0.0,0.0,0.0,-0.5
345,291689,4.37,330,3.866,0.0,0.0,0.0,0.0,A,0.05,0.8763,0.0,0.0,0.0,-0.5
346,292103,9.11,414,2.012,21.7,0.0405,-0.2095,0.0,A,0.05,0.8862,0.0317,0.0979,3.0,-0.3913
347,292515,6.04,412,3.034,0.0,0.0,0.0,0.0,A,0.05,0.9125,0.0,0.0,0.0,-0.5
348,292878,9.55,363,1.977,13.5,0.0975,-0.1525,0.0,A,0.05,0.8964,0.1612,0.1305,3.0,-0.4325
349,293541,13.78,663,2.389,13.4,0.0695,-0.1805,0.0,A,0.05,0.9094,0.014,0.0911,3.0,-0.4329
350,293945,4.89,404,3.915,0.0,0.0,0.0,0.0,A,0.05,0.8367,0.0,0.0,0.0,-0.5
351,294278,4.83,333,2.951,0.0,0.0,0.0,0.0,A,0.05,0.9132,0.0,0.0,0.0,-0.5
352,294778,7.29,500,3.891,0.0,0.0,0.0,0.0,A,0.05,0.9051,0.0,0.0,0.0,-0.5
353,295299,7.93,521,4.432,0.0,0.0,0.0,0.0,A,0.05,0.923,0.0,0.0,0.0,-0.5
354,295716,7.09,417,2.166,10.6,0.018,-0.232,0.0,A,0.05,0.8682,0.0051,0.0332,9.0,-0.4472
355,296166,5.86,450,3.313,0.0,0.0,0.0,0.0,A,0.05,0.8603,0.0,0.0,0.0,-0.5
356,296699,8.16,533,2.765,0.0,0.0,0.0,0.0,A,0.05,0.9244,0.0,0.0,0.0,-0.5
357,297235,8.32,536,2.269,0.0,0.0,0.0,0.0,A,0.05,0.9302,0.0,0.0,0.0,-0.5
358,297874,9.75,639,3.373,0.0,0.0,0.0,0.0,A,0.05,0.9192,0.0,0.0,0.0,-0.5
359,298287,5.98,413,3.23,0.0,0.0,0.0,0.0,A,0.05,0.9042,0.0,0.0,0.0,-0.5
360,299164,14.34,877,4.275,0.0,0.0,0.0,0.0,A,0.05,0.9465,0.0,0.0,0.0,-0.5
361,299981,13.27,817,4.81,0.0,0.0,0.0,0.0,A,0.05,0.9436,0.0,0.0,0.0,-0.5
362,300574,8.84,593,2.55,0.0,0.0,0.0,0.0,A,0.05,0.9079,0.0,0.0,0.0,-0.5
363,301340,12.66,766,5.458,0.0,0.0,0.0,0.0204,B,0.05,0.952,0.0,0.0,0.0,-0.5
364,302115,12.14,775,3.721,0.0,0.0,0.0,0.0204,B,0.05,0.9257,0.0,0.0,0.0,-0.5
365,302814,11.12,699,3.772,0.0,0.0,0.0,0.0204,B,0.05,0.9336,0.0,0.0,0.0,-0.5
366,303814,16.36,1000,6.745,0.0,0.0,0.0,0.0211,B,0.05,0.9322,0.0,0.0,0.0,-0.5
367,304629,13.39,815,5.663,0.0,0.0,0.0,0.0211,B,0.05,0.946,0.0,0.0,0.0,-0.5
368,305629,19.28,1000,2.252,7.8,0.0242,-0.2258,0.0218,B,0.05,0.9426,0.0025,0.0269,6.0,-0.461
369,306629,16.46,1000,6.107,0.0,0.0,0.0,0.0218,B,0.05,0.9334,0.0,0.0,0.0,-0.5
370,308200,27.01,1571,3.943,0.0,0.0,0.0,0.0225,B,0.05,0.9541,0.0,0.0,0.0,-0.5
371,309200,17.06,1000,4.021,0.0,0.0,0.0,0.0225,B,0.05,0.9492,0.0,0.0,0.0,-0.5
372,310200,17.22,1000,3.502,0.0,0.0,0.0,0.0232,B,0.05,0.9532,0.0,0.0,0.0,-0.5
373,311200,17.5,1000,6.803,0.0,0.0,0.0,0.0232,B,0.05,0.9606,0.0,0.0,0.0,-0.5
374,312200,26.57,1000,2.021,24.6,0.0288,-0.2212,0.024,B,0.05,0.9534,0.046,0.092,12.0,-0.377
375,313200,48.02,1000,3.044,32.6,0.0974,-0.1526,0.024,B,0.05,0.9402,0.4678,0.295,3.0,-0.337
376,313892,9.31,692,2.785,2.7,0.021,-0.229,0.0247,B,0.05,0.8416,0.0048,0.009,3.0,-0.4863
377,314585,25.54,693,2.956,37.5,0.0713,-0.1787,0.0247,B,0.05,0.8944,0.2484,0.2534,3.0,-0.3124
378,315585,16.41,1000,5.821,0.0,0.0,0.0,0.0254,B,0.05,0.9535,0.0,0.0,0.0,-0.5
379,316585,14.5,1000,4.482,0.0,0.0,0.0,0.0254,B,0.05,0.8942,0.0,0.0,0.0,-0.5
380,317025,9.35,440,5.048,14.8,0.0245,-0.2255,0.0254,B,0.05,0.8267,0.1652,0.0507,3.0,-0.4261
381,318025,28.88,1000,2.782,32.1,0.048,-0.202,0.0261,B,0.05,0.9426,0.0713,0.1594,3.0,-0.3395
382,318524,6.78,499,2.528,0.0,0.0,0.0,0.0261,B,0.05,0.8883,0.0,0.0,0.0,-0.5
383,319524,15.21,1000,6.71,0.0,0.0,0.0,0.0268,B,0.05,0.9177,0.0,0.0,0.0,-0.5
384,320153,18.38,629,4.66,25.4,0.0347,-0.2153,0.0268,B,0.05,0.8941,0.2366,0.1026,3.0,-0.3728
385,320578,5.36,425,6.492,0.0,0.0,0.0,0.0268,B,0.05,0.8626,0.0,0.0,0.0,-0.5
386,321223,6.66,645,5.022,0.0,0.0,0.0,0.0268,B,0.05,0.784,0.0,0.0,0.0,-0.5
387,321752,6.76,529,6.793,0.0,0.0,0.0,0.0275,B,0.05,0.8631,0.0,0.0,0.0,-0.5
388,322439,9.45,687,6.907,0.0,0.0,0.0,0.0275,B,0.05,0.8884,0.0,0.0,0.0,-0.5
389,323151,9.96,712,5.223,0.0,0.0,0.0,0.0275,B,0.05,0.8946,0.0,0.0,0.0,-0.5
390,323965,12.21,814,6.382,0.0,0.0,0.0,0.0283,B,0.05,0.9232,0.0,0.0,0.0,-0.5
391,324283,3.35,318,3.613,0.0,0.0,0.0,0.0283,B,0.05,0.8048,0.0,0.0,0.0,-0.5
392,324660,15.45,377,4.012,40.8,0.0415,-0.2085,0.0283,B,0.05,0.8636,0.4782,0.1826,3.0,-0.2958
393,325021,3.26,361,4.28,0.0,0.0,0.0,0.0283,B,0.05,0.7565,0.0,0.0,0.0,-0.5
394,325504,6.55,483,5.649,0.0,0.0,0.0,0.0283,B,0.05,0.8893,0.0,0.0,0.0,-0.5
395,326067,7.62,563,6.609,0.0,0.0,0.0,0.029,B,0.05,0.885,0.0,0.0,0.0,-0.5
396,326451,22.37,384,3.86,58.6,0.0469,-0.2031,0.029,B,0.05,0.7611,0.9325,0.2819,3.0,-0.207
397,326868,4.02,417,4.619,0.5,0.0029,-0.2471,0.029,B,0.05,0.7646,0.0001,0.0012,3.0,-0.4976
398,327165,2.18,297,4.822,0.0,0.0,0.0,0.029,B,0.05,0.7128,0.0,0.0,0.0,-0.5
399,327758,18.97,593,3.431,32.9,0.0602,-0.1898,0.0297,B,0.05,0.8404,0.2567,0.1956,6.0,-0.3356
400,328736,14.0,978,6.743,0.0,0.0,0.0,0.0297,B,0.05,0.9091,0.0,0.0,0.0,-0.5
401,329064,3.99,328,5.839,10.7,0.012,-0.238,0.0297,B,0.05,0.7499,0.0102,0.03,6.0,-0.4466
402,329511,5.2,447,3.553,0.0,0.0,0.0,0.0297,B,0.05,0.8365,0.0,0.0,0.0,-0.5
403,329846,2.87,335,3.965,0.0,0.0,0.0,0.0304,B,0.05,0.7477,0.0,0.0,0.0,-0.5
404,330280,5.94,434,5.529,0.0,0.0,0.0,0.0304,B,0.05,0.9011,0.0,0.0,0.0,-0.5
405,330849,24.55,569,4.562,54.7,0.0298,-0.2202,0.0304,B,0.05,0.8542,0.483,0.2045,3.0,-0.2267
406,331080,1.23,231,4.54,0.0,0.0,0.0,0.0304,B,0.05,0.6621,0.0,0.0,0.0,-0.5
407,331873,10.23,793,4.746,0.0,0.0,0.0,0.0311,B,0.05,0.8706,0.0,0.0,0.0,-0.5
408,332124,1.88,251,4.359,0.0,0.0,0.0,0.0311,B,0.05,0.726,0.0,0.0,0.0,-0.5
409,332424,1.99,300,5.123,0.0,0.0,0.0,0.0311,B,0.05,0.6927,0.0,0.0,0.0,-0.5
410,332686,1.9,262,2.793,0.0,0.0,0.0,0.0311,B,0.05,0.7171,0.0,0.0,0.0,-0.5
411,333213,16.4,527,4.663,25.4,0.0276,-0.2224,0.0311,B,0.05,0.9091,0.3186,0.0918,3.0,-0.3729
412,333598,3.28,385,4.004,0.0,0.0,0.0,0.0311,B,0.05,0.7462,0.0,0.0,0.0,-0.5
413,333819,0.64,221,3.541,0.0,0.0,0.0,0.0311,B,0.05,0.5873,0.0,0.0,0.0,-0.5
414,334157,3.09,338,3.026,0.0,0.0,0.0,0.0318,B,0.05,0.7695,0.0,0.0,0.0,-0.5
415,334700,29.68,543,3.169,43.3,0.0746,-0.1754,0.0318,B,0.05,0.9128,0.7722,0.3027,3.0,-0.2836
416,334961,1.56,261,3.868,0.0,0.0,0.0,0.0318,B,0.05,0.6817,0.0,0.0,0.0,-0.5
417,335694,23.44,733,4.185,31.5,0.0375,-0.2125,0.0318,B,0.05,0.925,0.2795,0.1332,3.0,-0.3424
418,335933,3.73,239,6.391,23.0,0.0098,-0.2402,0.0326,B,0.05,0.7135,0.0713,0.0622,9.0,-0.3849
419,336270,3.61,337,4.7,0.0,0.0,0.0,0.0326,B,0.05,0.8289,0.0,0.0,0.0,-0.5
420,336907,20.62,637,4.882,28.9,0.0286,-0.2214,0.0326,B,0.05,0.8864,0.3792,0.106,3.0,-0.3556
421,337234,3.81,327,5.346,8.3,0.0173,-0.2327,0.0326,B,0.05,0.7751,0.0116,0.0253,3.0,-0.4587
422,337865,7.54,631,3.689,0.0,0.0,0.0,0.0326,B,0.05,0.857,0.0,0.0,0.0,-0.5
423,338865,14.47,1000,5.484,0.0,0.0,0.0,0.0333,B,0.05,0.9233,0.0,0.0,0.0,-0.5
424,339851,29.23,986,3.62,33.3,0.0446,-0.2054,0.0333,B,0.05,0.8331,0.2731,0.1577,3.0,-0.3337
425,340849,13.98,998,3.863,0.0,0.0,0.0,0.034,B,0.05,0.923,0.0,0.0,0.0,-0.5
426,341569,10.29,720,6.835,0.0,0.0,0.0,0.034,B,0.05,0.9356,0.0,0.0,0.0,-0.5
427,342465,12.73,896,5.915,0.0,0.0,0.0,0.0347,B,0.05,0.9297,0.0,0.0,0.0,-0.5
428,343203,10.71,738,5.337,0.0,0.0,0.0,0.0347,B,0.05,0.9416,0.0,0.0,0.0,-0.5
429,344166,14.38,963,3.011,0.0,0.0,0.0,0.0354,B,0.05,0.9519,0.0,0.0,0.0,-0.5
430,344751,6.44,585,6.023,0.0,0.0,0.0,0.0354,B,0.05,0.8292,0.0,0.0,0.0,-0.5
431,345280,5.85,529,3.911,0.0,0.0,0.0,0.0354,B,0.05,0.8321,0.0,0.0,0.0,-0.5
432,346090,9.69,810,3.607,0.0,0.0,0.0,0.0354,B,0.05,0.8551,0.0,0.0,0.0,-0.5
433,346406,3.05,316,4.089,0.0,0.0,0.0,0.0361,B,0.05,0.7979,0.0,0.0,0.0,-0.5
434,347120,17.66,714,3.81,19.2,0.0375,-0.2125,0.0361,B,0.05,0.9313,0.1537,0.0826,9.0,-0.4041
435,347880,30.35,760,4.144,46.7,0.0364,-0.2136,0.0361,B,0.05,0.8651,0.4796,0.1955,6.0,-0.2664
436,348880,20.78,1000,3.145,14.5,0.0576,-0.1924,0.0369,B,0.05,0.8819,0.1045,0.0821,3.0,-0.4275
437,349356,6.78,476,6.654,0.0,0.0,0.0,0.0369,B,0.05,0.9472,0.0,0.0,0.0,-0.5
438,349837,6.69,481,4.674,0.0,0.0,0.0,0.0369,B,0.05,0.9356,0.0,0.0,0.0,-0.5
439,350448,8.25,611,6.742,0.0,0.0,0.0,0.0376,B,0.05,0.9169,0.0,0.0,0.0,-0.5
440,351034,8.16,586,4.072,0.0,0.0,0.0,0.0376,B,0.05,0.9317,0.0,0.0,0.0,-0.5
441,351736,14.4,702,2.316,13.1,0.0584,-0.1916,0.0376,B,0.05,0.9239,0.0793,0.0752,3.0,-0.4345
442,352650,12.8,914,3.687,13.8,0.0452,-0.2048,0.0383,B,0.05,0.6309,0.1599,0.0652,3.0,-0.4311
443,353127,6.76,477,5.881,0.0,0.0,0.0,0.0383,B,0.05,0.9454,0.0,0.0,0.0,-0.5
444,353874,8.96,747,5.992,0.0,0.0,0.0,0.0383,B,0.05,0.8645,0.0,0.0,0.0,-0.5
445,354554,10.19,680,4.079,10.1,0.0271,-0.2229,0.039,B,0.05,0.8542,0.0103,0.0371,9.0,-0.4493
446,355114,5.51,560,4.879,0.0,0.0,0.0,0.039,B,0.05,0.7963,0.0,0.0,0.0,-0.5
447,355738,12.21,624,3.793,10.7,0.0747,-0.1753,0.039,B,0.05,0.7889,0.1958,0.0761,3.0,-0.4463
448,356512,8.99,774,6.015,0.0,0.0,0.0,0.0397,B,0.05,0.8511,0.0,0.0,0.0,-0.5
449,357311,9.66,799,6.831,0.0,0.0,0.0,0.0397,B,0.05,0.866,0.0,0.0,0.0,-0.5
450,357728,3.9,417,4.428,0.0,0.0,0.0,0.0397,B,0.05,0.7857,0.0,0.0,0.0,-0.5
451,358529,10.38,801,6.938,0.0,0.0,0.0,0.0404,B,0.05,0.8944,0.0,0.0,0.0,-0.5
452,359294,9.63,765,5.716,0.0,0.0,0.0,0.0404,B,0.05,0.8823,0.0,0.0,0.0,-0.5
453,360235,20.95,941,2.493,13.6,0.0685,-0.1815,0.0404,B,0.05,0.8617,0.1809,0.0891,3.0,-0.432
454,361064,10.33,829,6.835,0.0,0.0,0.0,0.0412,B,0.05,0.878,0.0,0.0,0.0,-0.5
455,361873,10.13,809,4.743,0.0,0.0,0.0,0.0412,B,0.05,0.8801,0.0,0.0,0.0,-0.5
456,362597,10.1,724,5.794,0.0,0.0,0.0,0.0419,B,0.05,0.9287,0.0,0.0,0.0,-0.5
457,363149,6.44,552,6.512,0.0,0.0,0.0,0.0419,B,0.05,0.8568,0.0,0.0,0.0,-0.5
458,363531,5.19,382,6.753,0.0,0.0,0.0,0.0419,B,0.05,0.9281,0.0,0.0,0.0,-0.5
459,363941,5.81,410,7.126,0.0,0.0,0.0,0.0419,B,0.05,0.9456,0.0,0.0,0.0,-0.5
460,364418,6.28,477,5.962,0.0,0.0,0.0,0.0419,B,0.05,0.9085,0.0,0.0,0.0,-0.5
461,364842,6.04,424,3.115,0.0,0.0,0.0,0.0426,B,0.05,0.9467,0.0,0.0,0.0,-0.5
462,365339,11.07,497,2.605,18.9,0.0513,-0.1987,0.0426,B,0.05,0.9564,0.0536,0.0998,3.0,-0.4054
463,365729,9.07,390,3.263,24.1,0.0471,-0.2029,0.0426,B,0.05,0.9328,0.0679,0.1193,3.0,-0.3795
464,366658,39.03,929,3.786,44.8,0.0359,-0.2141,0.0433,B,0.05,0.9447,0.5053,0.1859,6.0,-0.2761
465,367165,7.05,507,6.493,0.0,0.0,0.0,0.0433,B,0.05,0.9398,0.0,0.0,0.0,-0.5
466,367671,7.09,506,6.161,0.0,0.0,0.0,0.0433,B,0.05,0.9434,0.0,0.0,0.0,-0.5
467,368096,11.33,425,3.098,24.9,0.0736,-0.1764,0.0433,B,0.05,0.9483,0.1157,0.1779,3.0,-0.3753
468,368628,21.74,532,3.339,36.8,0.054,-0.196,0.0433,B,0.05,0.9209,0.5455,0.1971,3.0,-0.3158
469,369101,6.42,473,2.83,0.0,0.0,0.0,0.044,B,0.05,0.9338,0.0,0.0,0.0,-0.5
470,369559,6.21,458,5.471,0.0,0.0,0.0,0.044,B,0.05,0.9338,0.0,0.0,0.0,-0.5
471,369987,5.62,428,6.644,0.0,0.0,0.0,0.044,B,0.05,0.9204,0.0,0.0,0.0,-0.5
472,370485,6.92,498,2.845,0.0,0.0,0.0,0.044,B,0.05,0.943,0.0,0.0,0.0,-0.5
473,371000,7.02,515,4.829,0.0,0.0,0.0,0.0447,B,0.05,0.9334,0.0,0.0,0.0,-0.5
474,371466,6.35,466,6.816,0.0,0.0,0.0,0.0447,B,0.05,0.935,0.0,0.0,0.0,-0.5
475,372039,8.2,573,3.99,0.0,0.0,0.0,0.0447,B,0.05,0.9539,0.0,0.0,0.0,-0.5
476,372615,7.81,576,3.141,0.0,0.0,0.0,0.0447,B,0.05,0.9281,0.0,0.0,0.0,-0.5
477,373123,13.16,508,2.863,20.7,0.0531,-0.1969,0.0455,B,0.05,0.9366,0.1934,0.1102,3.0,-0.3967
478,373891,13.35,768,2.977,10.5,0.0346,-0.2154,0.0455,B,0.05,0.9333,0.017,0.043,6.0,-0.4473
479,374800,13.14,909,5.674,0.0,0.0,0.0,0.0462,B,0.05,0.9519,0.0,0.0,0.0,-0.5
480,375297,6.79,497,5.534,0.0,0.0,0.0,0.0462,B,0.05,0.9337,0.0,0.0,0.0,-0.5
481,375736,6.07,439,5.61,0.0,0.0,0.0,0.0462,B,0.05,0.9417,0.0,0.0,0.0,-0.5
482,376238,20.23,502,2.336,36.5,0.0897,-0.1603,0.0462,B,0.05,0.9523,0.3914,0.3068,3.0,-0.3177
483,376734,6.79,496,6.034,0.0,0.0,0.0,0.0462,B,0.05,0.9372,0.0,0.0,0.0,-0.5
484,377219,6.81,485,6.809,0.0,0.0,0.0,0.0469,B,0.05,0.9494,0.0,0.0,0.0,-0.5
485,377713,17.47,494,2.996,34.2,0.0679,-0.1821,0.0469,B,0.05,0.94,0.3337,0.2262,3.0,-0.3289
486,378321,8.06,608,5.449,0.0,0.0,0.0,0.0469,B,0.05,0.9204,0.0,0.0,0.0,-0.5
487,378852,28.57,531,3.033,49.3,0.0907,-0.1593,0.0469,B,0.05,0.9419,0.7068,0.4157,3.0,-0.2533
488,379594,10.33,742,3.251,0.0,0.0,0.0,0.0476,B,0.05,0.9475,0.0,0.0,0.0,-0.5
489,380121,8.55,527,4.418,17.5,0.0219,-0.2281,0.0476,B,0.05,0.8524,0.0293,0.0581,3.0,-0.4127
490,380748,27.31,627,2.749,50.4,0.096,-0.154,0.0476,B,0.05,0.9552,0.3162,0.4555,3.0,-0.248
491,381233,6.3,485,6.942,0.0,0.0,0.0,0.0483,B,0.05,0.9273,0.0,0.0,0.0,-0.5
492,381870,24.78,637,2.742,36.6,0.0856,-0.1644,0.0483,B,0.05,0.9529,0.3952,0.2997,3.0,-0.3171
493,382870,16.57,1000,3.203,7.4,0.0274,-0.2226,0.0483,B,0.05,0.9571,0.0132,0.0272,3.0,-0.463
494,383616,10.28,746,4.229,0.0,0.0,0.0,0.049,B,0.05,0.9513,0.0,0.0,0.0,-0.5
495,384222,24.49,606,2.658,39.3,0.1158,-0.1342,0.049,B,0.05,0.9378,0.3205,0.4352,6.0,-0.3036
496,384680,4.89,458,3.807,0.0,0.0,0.0,0.049,B,0.05,0.853,0.0,0.0,0.0,-0.5
497,385311,8.53,631,6.239,0.0,0.0,0.0,0.0498,B,0.05,0.9488,0.0,0.0,0.0,-0.5
498,386311,13.9,1000,5.975,0.0,0.0,0.0,0.0498,B,0.05,0.9459,0.0,0.0,0.0,-0.5
499,387113,10.9,802,5.2,0.0,0.0,0.0,0.0505,B,0.05,0.9467,0.0,0.0,0.0,-0.5
500,387724,7.93,611,6.421,0.0,0.0,0.0,0.0505,B,0.05,0.9283,0.0,0.0,0.0,-0.5
501,388370,8.54,646,5.889,0.0,0.0,0.0,0.0505,B,0.05,0.9359,0.0,0.0,0.0,-0.5
502,389370,8.06,1000,6.169,0.0,0.0,0.0,0.0512,B,0.05,0.7368,0.0,0.0,0.0,-0.5
503,390370,14.34,1000,3.283,0.0,0.0,0.0,0.0512,B,0.05,0.9595,0.0,0.0,0.0,-0.5
504,391370,14.58,1000,5.525,0.0,0.0,0.0,0.0519,B,0.05,0.9675,0.0,0.0,0.0,-0.5
505,392370,14.15,1000,3.578,0.0,0.0,0.0,0.0519,B,0.05,0.9516,0.0,0.0,0.0,-0.5
506,393370,14.53,1000,3.375,0.0,0.0,0.0,0.0526,B,0.05,0.9645,0.0,0.0,0.0,-0.5
507,394370,23.1,1000,2.289,28.4,0.0305,-0.2195,0.0526,B,0.05,0.9616,0.0494,0.1087,6.0,-0.358
508,395370,14.45,1000,3.143,0.0,0.0,0.0,0.0533,B,0.05,0.9614,0.0,0.0,0.0,-0.5
509,396370,18.16,1000,1.858,7.9,0.0457,-0.2043,0.0533,B,0.05,0.9575,0.0514,0.0381,6.0,-0.4605
510,397370,22.35,1000,2.048,18.2,0.0432,-0.2068,0.0541,B,0.05,0.9536,0.0942,0.0868,15.0,-0.409
511,398370,14.5,1000,2.734,0.0,0.0,0.0,0.0541,B,0.05,0.9627,0.0,0.0,0.0,-0.5
512,399370,14.3,1000,5.337,0.0,0.0,0.0,0.0548,B,0.05,0.9551,0.0,0.0,0.0,-0.5
513,400370,24.78,1000,2.928,28.4,0.0445,-0.2055,0.0548,B,0.05,0.957,0.0857,0.1349,6.0,-0.358
514,401370,14.48,1000,5.059,0.0,0.0,0.0,0.0548,B,0.05,0.962,0.0,0.0,0.0,-0.5
515,402370,14.58,1000,3.468,0.0,0.0,0.0,0.0555,B,0.05,0.9649,0.0,0.0,0.0,-0.5
516,403370,14.24,1000,3.376,0.0,0.0,0.0,0.0555,B,0.05,0.9523,0.0,0.0,0.0,-0.5
517,404370,13.96,1000,4.248,0.0,0.0,0.0,0.0562,B,0.05,0.942,0.0,0.0,0.0,-0.5
518,405370,14.73,1000,5.653,0.0,0.0,0.0,0.0562,B,0.05,0.9686,0.0,0.0,0.0,-0.5
519,406370,13.85,1000,3.215,0.0,0.0,0.0,0.0569,B,0.05,0.9369,0.0,0.0,0.0,-0.5
520,407370,14.39,1000,5.427,0.0,0.0,0.0,0.0569,B,0.05,0.9555,0.0,0.0,0.0,-0.5
521,407868,5.71,498,6.646,0.0,0.0,0.0,0.0576,B,0.05,0.8728,0.0,0.0,0.0,-0.5
522,408868,20.24,1000,2.538,13.0,0.0477,-0.2023,0.0576,B,0.05,0.9467,0.0817,0.0641,3.0,-0.435
523,410600,35.17,1732,2.551,13.2,0.0455,-0.2045,0.0584,B,0.05,0.9362,0.0936,0.064,6.0,-0.4339
524,411173,7.57,573,4.258,0.0,0.0,0.0,0.0584,B,0.05,0.9325,0.0,0.0,0.0,-0.5
525,412173,14.63,1000,4.015,0.0,0.0,0.0,0.0591,B,0.05,0.9644,0.0,0.0,0.0,-0.5
526,412806,8.41,633,3.877,0.0,0.0,0.0,0.0591,B,0.05,0.9327,0.0,0.0,0.0,-0.5
527,413458,9.04,652,2.906,0.0,0.0,0.0,0.0591,B,0.05,0.9523,0.0,0.0,0.0,-0.5
528,414043,7.83,585,5.649,0.0,0.0,0.0,0.0598,B,0.05,0.9369,0.0,0.0,0.0,-0.5
529,414771,9.6,728,2.903,0.0,0.0,0.0,0.0598,B,0.05,0.9262,0.0,0.0,0.0,-0.5
530,415411,8.32,640,6.569,0.0,0.0,0.0,0.0598,B,0.05,0.9211,0.0,0.0,0.0,-0.5
531,415988,7.7,577,5.158,0.0,0.0,0.0,0.0605,B,0.05,0.9346,0.0,0.0,0.0,-0.5
532,416747,10.25,759,5.569,0.0,0.0,0.0,0.0605,B,0.05,0.9359,0.0,0.0,0.0,-0.5
533,417534,10.51,787,6.353,0.0,0.0,0.0,0.0605,B,0.05,0.9296,0.0,0.0,0.0,-0.5
534,418329,38.48,795,2.806,51.6,0.0743,-0.1757,0.0612,B,0.05,0.9451,0.5757,0.3769,6.0,-0.2421
535,419052,11.35,723,2.338,8.7,0.0426,-0.2074,0.0612,B,0.05,0.9184,0.0165,0.0403,3.0,-0.4564
536,419781,9.37,729,3.317,0.0,0.0,0.0,0.0612,B,0.05,0.9211,0.0,0.0,0.0,-0.5
537,420698,12.65,917,3.283,0.0,0.0,0.0,0.0619,B,0.05,0.9513,0.0,0.0,0.0,-0.5
538,421698,13.93,1000,3.363,0.0,0.0,0.0,0.0619,B,0.05,0.9446,0.0,0.0,0.0,-0.5
539,422698,14.35,1000,3.328,0.0,0.0,0.0,0.0627,B,0.05,0.9591,0.0,0.0,0.0,-0.5
540,423495,14.37,797,2.826,8.5,0.0356,-0.2144,0.0627,B,0.05,0.9388,0.082,0.0349,3.0,-0.4573
541,424300,13.71,805,2.694,8.6,0.0498,-0.2002,0.0634,B,0.05,0.9492,0.0246,0.0454,3.0,-0.4571
542,425291,13.39,991,2.48,0.0,0.0,0.0,0.0634,B,0.05,0.9385,0.0,0.0,0.0,-0.5
543,426291,14.09,1000,5.337,0.0,0.0,0.0,0.0641,B,0.05,0.9486,0.0,0.0,0.0,-0.5
544,427291,14.39,1000,2.884,0.0,0.0,0.0,0.0641,B,0.05,0.9584,0.0,0.0,0.0,-0.5
545,428291,19.06,1000,1.865,15.1,0.0291,-0.2209,0.0648,B,0.05,0.9644,0.0174,0.0571,9.0,-0.4245
546,429291,14.43,1000,4.235,0.0,0.0,0.0,0.0648,B,0.05,0.9592,0.0,0.0,0.0,-0.5
547,430291,21.58,1000,2.997,16.4,0.0818,-0.1682,0.0655,B,0.05,0.968,0.0276,0.1303,3.0,-0.418
548,431291,18.23,1000,2.376,13.9,0.0385,-0.2115,0.0655,B,0.05,0.9338,0.0274,0.0601,3.0,-0.4305
549,432291,14.4,1000,5.654,0.0,0.0,0.0,0.0662,B,0.05,0.958,0.0,0.0,0.0,-0.5
550,433291,14.55,1000,5.073,0.0,0.0,0.0,0.0662,B,0.05,0.9627,0.0,0.0,0.0,-0.5
551,434291,37.21,1000,2.377,43.8,0.0849,-0.1651,0.067,B,0.05,0.967,0.2187,0.3576,3.0,-0.281
552,435229,13.9,938,2.562,3.7,0.028,-0.222,0.067,B,0.05,0.9359,0.0167,0.0138,3.0,-0.4813
553,436193,12.94,964,3.798,0.0,0.0,0.0,0.067,B,0.05,0.938,0.0,0.0,0.0,-0.5
554,437193,14.13,1000,4.026,0.0,0.0,0.0,0.0677,B,0.05,0.9522,0.0,0.0,0.0,-0.5
555,438193,37.11,1000,2.475,32.6,0.1025,-0.1475,0.0677,B,0.05,0.9525,0.3556,0.3004,3.0,-0.337
556,439149,14.72,956,2.769,6.1,0.0315,-0.2185,0.0684,B,0.05,0.9481,0.0094,0.0238,3.0,-0.4697
557,440149,14.09,1000,2.696,0.0,0.0,0.0,0.0684,B,0.05,0.9566,0.0,0.0,0.0,-0.5
558,441087,12.44,938,4.374,0.0,0.0,0.0,0.0691,B,0.05,0.937,0.0,0.0,0.0,-0.5
559,442087,14.19,1000,4.993,0.0,0.0,0.0,0.0691,B,0.05,0.9592,0.0,0.0,0.0,-0.5
560,443087,13.78,1000,5.594,0.0,0.0,0.0,0.0698,B,0.05,0.9442,0.0,0.0,0.0,-0.5
561,444032,12.65,945,5.838,0.0,0.0,0.0,0.0698,B,0.05,0.94,0.0,0.0,0.0,-0.5
562,444743,9.59,711,6.411,0.0,0.0,0.0,0.0705,B,0.05,0.9468,0.0,0.0,0.0,-0.5
563,445743,20.96,1000,2.332,25.1,0.0279,-0.2221,0.0705,B,0.05,0.9444,0.0224,0.0927,15.0,-0.3745
564,446506,9.41,763,6.846,0.0,0.0,0.0,0.0713,B,0.05,0.9045,0.0,0.0,0.0,-0.5
565,447185,9.15,679,6.709,0.0,0.0,0.0,0.0713,B,0.05,0.9467,0.0,0.0,0.0,-0.5
566,447982,10.61,797,5.403,0.0,0.0,0.0,0.0713,B,0.05,0.9382,0.0,0.0,0.0,-0.5
567,448838,11.37,856,2.818,0.0,0.0,0.0,0.072,B,0.05,0.9359,0.0,0.0,0.0,-0.5
568,449838,26.78,1000,2.147,35.2,0.0525,-0.1975,0.072,B,0.05,0.9569,0.0819,0.1888,3.0,-0.324
569,450355,7.65,517,2.344,7.7,0.0101,-0.2399,0.072,B,0.05,0.9198,0.0074,0.021,6.0,-0.4613
570,451355,15.76,1000,2.287,4.7,0.0217,-0.2283,0.0727,B,0.05,0.9629,0.0051,0.0158,6.0,-0.4765
571,452153,28.24,798,2.764,42.2,0.0724,-0.1776,0.0727,B,0.05,0.9558,0.2713,0.2878,3.0,-0.2888
572,452949,10.57,796,6.211,0.0,0.0,0.0,0.0734,B,0.05,0.9404,0.0,0.0,0.0,-0.5
573,453873,28.56,924,2.62,30.2,0.0684,-0.1816,0.0734,B,0.05,0.9452,0.2642,0.2022,12.0,-0.349
574,454501,21.65,628,2.722,44.1,0.0768,-0.1732,0.0734,B,0.05,0.9522,0.2119,0.325,3.0,-0.2795
575,455501,13.93,1000,4.43,0.0,0.0,0.0,0.0741,B,0.05,0.9558,0.0,0.0,0.0,-0.5
576,456501,17.6,1000,1.979,7.0,0.0962,-0.1538,0.0741,B,0.05,0.9625,0.0238,0.0644,3.0,-0.465
577,457501,14.2,1000,2.099,0.0,0.0,0.0,0.0748,B,0.05,0.965,0.0,0.0,0.0,-0.5
578,458501,29.29,1000,3.024,35.3,0.0638,-0.1862,0.0748,B,0.05,0.9652,0.1457,0.2217,3.0,-0.3235
579,459476,29.3,975,2.834,33.2,0.0614,-0.1886,0.0756,B,0.05,0.9464,0.2363,0.2014,6.0,-0.3338
580,460421,15.43,945,2.724,10.1,0.0296,-0.2204,0.0756,B,0.05,0.9566,0.0061,0.0383,6.0,-0.4497
581,461244,18.26,823,2.768,16.8,0.1026,-0.1474,0.0763,B,0.05,0.9497,0.064,0.1683,6.0,-0.4162
582,462244,16.17,1000,2.048,5.8,0.0761,-0.1739,0.0763,B,0.05,0.9486,0.0188,0.0424,3.0,-0.471
583,463244,27.91,1000,2.551,40.4,0.048,-0.202,0.077,B,0.05,0.9646,0.0739,0.2107,21.0,-0.298
584,464244,20.26,1000,2.236,20.1,0.0421,-0.2079,0.077,B,0.05,0.9677,0.0298,0.0927,3.0,-0.3995
585,465244,13.94,1000,5.339,0.0,0.0,0.0,0.0777,B,0.05,0.9616,0.0,0.0,0.0,-0.5
586,466244,23.45,1000,2.097,25.2,0.0599,-0.1901,0.0777,B,0.05,0.9623,0.0707,0.1488,3.0,-0.374
587,467244,21.3,1000,2.858,21.5,0.0501,-0.1999,0.0784,B,0.05,0.9586,0.0362,0.1179,12.0,-0.3925
588,468244,13.86,1000,4.969,0.0,0.0,0.0,0.0784,B,0.05,0.9595,0.0,0.0,0.0,-0.5
589,469244,13.79,1000,5.49,0.0,0.0,0.0,0.0791,B,0.05,0.9563,0.0,0.0,0.0,-0.5
590,470244,13.85,1000,3.461,0.0,0.0,0.0,0.0791,B,0.05,0.9579,0.0,0.0,0.0,-0.5
591,471244,16.51,1000,2.603,8.4,0.0266,-0.2234,0.0799,B,0.05,0.9632,0.0044,0.0305,15.0,-0.458
592,472244,14.06,1000,3.427,0.0,0.0,0.0,0.0799,B,0.05,0.965,0.0,0.0,0.0,-0.5
593,473244,13.72,1000,3.199,0.0,0.0,0.0,0.0806,B,0.05,0.9519,0.0,0.0,0.0,-0.5
594,474244,19.37,1000,2.18,18.4,0.0317,-0.2183,0.0806,B,0.05,0.9627,0.0296,0.0709,3.0,-0.408
595,475244,13.99,1000,4.326,0.0,0.0,0.0,0.0813,B,0.05,0.9614,0.0,0.0,0.0,-0.5
596,475821,7.77,577,4.636,0.0,0.0,0.0,0.0813,B,0.05,0.9589,0.0,0.0,0.0,-0.5
597,476821,23.82,1000,1.997,24.2,0.0712,-0.1788,0.0813,B,0.05,0.9688,0.0551,0.1664,9.0,-0.379
598,477821,13.92,1000,2.853,0.0,0.0,0.0,0.082,B,0.05,0.9588,0.0,0.0,0.0,-0.5
599,478821,14.78,1000,2.599,3.1,0.0323,-0.2177,0.082,B,0.05,0.9554,0.0036,0.0121,3.0,-0.4845
600,479821,14.05,1000,3.528,0.0,0.0,0.0,0.0827,B,0.05,0.9626,0.0,0.0,0.0,-0.5
601,480821,14.27,1000,5.313,0.0,0.0,0.0,0.0827,B,0.05,0.97,0.0,0.0,0.0,-0.5
602,481821,14.14,1000,3.307,0.0,0.0,0.0,0.0834,B,0.05,0.965,0.0,0.0,0.0,-0.5
603,482821,22.2,1000,2.367,24.2,0.0477,-0.2023,0.0834,B,0.05,0.9676,0.0321,0.1228,15.0,-0.379
604,483821,21.11,1000,2.538,22.5,0.0458,-0.2042,0.0842,B,0.05,0.9604,0.0236,0.1138,9.0,-0.3875
605,484821,26.44,1000,2.005,24.4,0.08,-0.17,0.0842,B,0.05,0.9656,0.1373,0.1877,3.0,-0.378
606,485821,24.01,1000,2.48,29.8,0.0484,-0.2016,0.0849,B,0.05,0.9665,0.0505,0.1538,9.0,-0.351
607,486821,22.69,1000,3.058,27.3,0.0328,-0.2172,0.0849,B,0.05,0.9684,0.0433,0.1152,18.0,-0.3635
608,487821,14.23,1000,4.632,0.0,0.0,0.0,0.0856,B,0.05,0.9719,0.0,0.0,0.0,-0.5
609,488821,14.05,1000,4.401,0.0,0.0,0.0,0.0856,B,0.05,0.9648,0.0,0.0,0.0,-0.5
610,489821,14.18,1000,2.988,0.0,0.0,0.0,0.0863,B,0.05,0.9688,0.0,0.0,0.0,-0.5
611,490821,30.88,1000,2.573,47.5,0.0539,-0.1961,0.0863,B,0.05,0.9644,0.1101,0.2663,3.0,-0.2625
612,491821,14.2,1000,1.952,0.0,0.0,0.0,0.087,B,0.05,0.9717,0.0,0.0,0.0,-0.5
613,492821,22.67,1000,2.552,27.1,0.0354,-0.2146,0.087,B,0.05,0.9752,0.0342,0.1168,21.0,-0.3645
614,493821,22.05,1000,1.97,20.7,0.0569,-0.1931,0.0877,B,0.05,0.9699,0.0585,0.1202,9.0,-0.3965
615,494821,14.02,1000,2.303,0.0,0.0,0.0,0.0877,B,0.05,0.9655,0.0,0.0,0.0,-0.5
616,495821,14.27,1000,2.026,0.0,0.0,0.0,0.0885,B,0.05,0.9745,0.0,0.0,0.0,-0.5
617,496821,21.82,1000,2.148,21.6,0.0476,-0.2024,0.0885,B,0.05,0.9698,0.0602,0.1105,3.0,-0.392
618,497821,24.17,1000,3.017,26.7,0.0606,-0.1894,0.0892,B,0.05,0.9705,0.0727,0.1589,3.0,-0.3665
619,498821,14.36,1000,3.069,0.0,0.0,0.0,0.0892,B,0.05,0.9785,0.0,0.0,0.0,-0.5
620,499821,22.86,1000,1.973,20.7,0.0691,-0.1809,0.0899,B,0.05,0.9756,0.0719,0.1378,3.0,-0.3965
621,500821,14.15,1000,3.132,0.0,0.0,0.0,0.0899,B,0.05,0.9712,0.0,0.0,0.0,-0.5
622,501821,20.08,1000,3.222,21.6,0.0198,-0.2302,0.0906,B,0.05,0.9711,0.0162,0.0695,24.0,-0.392
623,502821,14.2,1000,4.705,0.0,0.0,0.0,0.0906,B,0.05,0.9725,0.0,0.0,0.0,-0.5
624,503821,14.14,1000,4.269,0.0,0.0,0.0,0.0913,B,0.05,0.9699,0.0,0.0,0.0,-0.5
625,504821,13.66,1000,3.569,0.0,0.0,0.0,0.0913,B,0.05,0.9519,0.0,0.0,0.0,-0.5
626,505821,14.16,1000,2.707,0.0,0.0,0.0,0.0913,B,0.05,0.9696,0.0,0.0,0.0,-0.5
627,506821,24.4,1000,2.926,22.2,0.0835,-0.1665,0.092,B,0.05,0.9741,0.0791,0.1778,3.0,-0.389
628,507821,25.33,1000,2.203,21.3,0.0798,-0.1702,0.092,B,0.05,0.9647,0.1476,0.1607,3.0,-0.3935
629,508821,14.22,1000,4.829,0.0,0.0,0.0,0.0928,B,0.05,0.9738,0.0,0.0,0.0,-0.5
630,509821,18.95,1000,2.657,12.0,0.0741,-0.1759,0.0928,B,0.05,0.9652,0.0327,0.0869,3.0,-0.44
631,510821,19.81,1000,2.702,16.9,0.0561,-0.1939,0.0935,B,0.05,0.9668,0.0291,0.0961,3.0,-0.4155
632,511821,23.7,1000,2.353,20.5,0.0836,-0.1664,0.0935,B,0.05,0.9713,0.0845,0.1626,3.0,-0.3975
633,513000,19.85,1179,4.772,9.0,0.045,-0.205,0.0942,B,0.05,0.9641,0.0164,0.0431,3.0,-0.455
634,514000,21.56,1000,2.532,13.0,0.1107,-0.1393,0.0942,B,0.05,0.9647,0.0778,0.1346,3.0,-0.435
635,515000,14.1,1000,4.598,0.0,0.0,0.0,0.0949,B,0.05,0.9702,0.0,0.0,0.0,-0.5
636,516000,13.81,1000,3.007,0.0,0.0,0.0,0.0949,B,0.05,0.9594,0.0,0.0,0.0,-0.5
637,517000,21.43,1000,2.381,16.5,0.0806,-0.1694,0.0956,B,0.05,0.9722,0.0517,0.1307,3.0,-0.4175
638,518000,14.19,1000,3.085,0.0,0.0,0.0,0.0956,B,0.05,0.9733,0.0,0.0,0.0,-0.5
639,519000,19.86,1000,2.759,12.7,0.0845,-0.1655,0.0964,B,0.05,0.9656,0.0465,0.1037,3.0,-0.4365
640,520000,14.04,1000,2.255,0.0,0.0,0.0,0.0964,B,0.05,0.9672,0.0,0.0,0.0,-0.5
641,521000,20.38,1000,2.562,14.6,0.0829,-0.1671,0.0971,B,0.05,0.9646,0.0355,0.1214,6.0,-0.427
642,522000,14.02,1000,4.813,0.0,0.0,0.0,0.0971,B,0.05,0.9664,0.0,0.0,0.0,-0.5
643,523000,14.03,1000,3.663,0.0,0.0,0.0,0.0978,B,0.05,0.9665,0.0,0.0,0.0,-0.5
644,524000,14.1,1000,2.756,0.0,0.0,0.0,0.0978,B,0.05,0.9684,0.0,0.0,0.0,-0.5
645,525000,14.24,1000,4.768,0.0,0.0,0.0,0.0985,B,0.05,0.973,0.0,0.0,0.0,-0.5
646,526000,20.06,1000,2.426,12.8,0.0763,-0.1737,0.0985,B,0.05,0.9695,0.0527,0.0974,3.0,-0.436
647,527000,20.44,1000,2.281,15.5,0.0582,-0.1918,0.0992,B,0.05,0.9606,0.0657,0.0945,3.0,-0.4225
648,528000,14.06,1000,4.761,0.0,0.0,0.0,0.0992,B,0.05,0.9668,0.0,0.0,0.0,-0.5
649,529000,23.41,1000,2.402,17.5,0.1057,-0.1443,0.0999,B,0.05,0.971,0.0649,0.1777,9.0,-0.4125
650,530000,17.73,1000,2.271,12.8,0.0404,-0.2096,0.0999,B,0.05,0.9669,0.0117,0.0567,3.0,-0.436
651,531000,14.18,1000,4.738,0.0,0.0,0.0,0.1007,B,0.05,0.9713,0.0,0.0,0.0,-0.5
652,532000,20.55,1000,2.49,17.8,0.0569,-0.1931,0.1007,B,0.05,0.9707,0.039,0.1038,3.0,-0.411
653,533000,14.19,1000,2.935,0.0,0.0,0.0,0.1014,B,0.05,0.9717,0.0,0.0,0.0,-0.5
654,534000,14.1,1000,2.13,0.0,0.0,0.0,0.1014,B,0.05,0.968,0.0,0.0,0.0,-0.5
655,535000,14.1,1000,2.394,0.0,0.0,0.0,0.1021,B,0.05,0.9674,0.0,0.0,0.0,-0.5
656,536000,14.24,1000,3.637,0.0,0.0,0.0,0.1021,B,0.05,0.9723,0.0,0.0,0.0,-0.5
657,537000,14.32,1000,2.257,0.0,0.0,0.0,0.1028,B,0.05,0.9746,0.0,0.0,0.0,-0.5
658,538000,24.53,1000,2.116,19.6,0.1095,-0.1405,0.1028,B,0.05,0.9698,0.0712,0.207,3.0,-0.402
659,539000,26.85,1000,2.555,23.2,0.097,-0.153,0.1035,B,0.05,0.9795,0.1218,0.2159,3.0,-0.384
660,540000,17.01,1000,2.42,7.6,0.0733,-0.1767,0.1035,B,0.05,0.9681,0.0119,0.0556,3.0,-0.462
661,541000,23.36,1000,2.228,19.2,0.0929,-0.1571,0.1042,B,0.05,0.9711,0.0682,0.1724,3.0,-0.404
662,542000,14.35,1000,2.047,0.0,0.0,0.0,0.1042,B,0.05,0.9791,0.0,0.0,0.0,-0.5
663,543000,14.4,1000,4.019,0.0,0.0,0.0,0.105,B,0.05,0.9803,0.0,0.0,0.0,-0.5
664,544000,14.3,1000,2.774,0.0,0.0,0.0,0.105,B,0.05,0.9763,0.0,0.0,0.0,-0.5
665,545000,13.96,1000,2.02,0.0,0.0,0.0,0.1057,B,0.05,0.9633,0.0,0.0,0.0,-0.5
666,546000,14.32,1000,2.85,0.0,0.0,0.0,0.1057,B,0.05,0.9763,0.0,0.0,0.0,-0.5
667,547000,22.07,1000,2.618,12.3,0.1102,-0.1398,0.1064,B,0.05,0.9771,0.0908,0.129,3.0,-0.4385
668,548000,14.25,1000,1.951,0.0,0.0,0.0,0.1064,B,0.05,0.9739,0.0,0.0,0.0,-0.5
669,549000,14.43,1000,2.248,0.0,0.0,0.0,0.1071,B,0.05,0.9799,0.0,0.0,0.0,-0.5
670,550000,27.05,1000,2.284,21.6,0.1047,-0.1453,0.1071,B,0.05,0.9705,0.152,0.2109,3.0,-0.392
671,551000,14.21,1000,2.083,0.0,0.0,0.0,0.1078,B,0.05,0.9735,0.0,0.0,0.0,-0.5
672,552000,24.98,1000,2.63,18.6,0.1072,-0.1428,0.1078,B,0.05,0.9785,0.1038,0.1917,3.0,-0.407
673,553000,17.51,1000,2.632,8.0,0.069,-0.181,0.1085,B,0.05,0.979,0.0209,0.0535,3.0,-0.46
674,554000,14.16,1000,3.381,0.0,0.0,0.0,0.1085,B,0.05,0.9722,0.0,0.0,0.0,-0.5
675,555000,19.57,1000,2.392,16.6,0.0552,-0.1948,0.1085,B,0.05,0.9749,0.0192,0.0912,3.0,-0.417
676,556000,17.46,1000,2.754,9.0,0.0597,-0.1903,0.1093,B,0.05,0.977,0.0141,0.0542,3.0,-0.455
677,557000,14.17,1000,2.43,0.0,0.0,0.0,0.1093,B,0.05,0.972,0.0,0.0,0.0,-0.5
678,558000,20.73,1000,2.642,15.0,0.0714,-0.1786,0.11,B,0.05,0.972,0.0608,0.1028,3.0,-0.425
679,559000,17.58,1000,2.618,10.7,0.0476,-0.2024,0.11,B,0.05,0.9771,0.0105,0.053,3.0,-0.4465
680,560000,14.25,1000,3.023,0.0,0.0,0.0,0.1107,B,0.05,0.9741,0.0,0.0,0.0,-0.5
681,561000,14.13,1000,3.841,0.0,0.0,0.0,0.1107,B,0.05,0.9694,0.0,0.0,0.0,-0.5
682,562000,14.16,1000,2.887,0.0,0.0,0.0,0.1114,B,0.05,0.9702,0.0,0.0,0.0,-0.5
683,563000,29.63,1000,2.435,23.7,0.1071,-0.1429,0.1114,B,0.05,0.9775,0.2018,0.2394,3.0,-0.3815
684,564000,14.18,1000,4.093,0.0,0.0,0.0,0.1121,B,0.05,0.9732,0.0,0.0,0.0,-0.5
685,565000,14.17,1000,3.8,0.0,0.0,0.0,0.1121,B,0.05,0.9722,0.0,0.0,0.0,-0.5
686,566000,14.21,1000,4.292,0.0,0.0,0.0,0.1128,B,0.05,0.9734,0.0,0.0,0.0,-0.5
687,567000,27.86,1000,2.519,30.2,0.0745,-0.1755,0.1128,B,0.05,0.9759,0.1295,0.2178,3.0,-0.349
688,568000,26.55,1000,2.476,16.2,0.1286,-0.1214,0.1136,B,0.05,0.9696,0.1934,0.1851,3.0,-0.419
689,569000,14.35,1000,3.919,0.0,0.0,0.0,0.1136,B,0.05,0.9821,0.0,0.0,0.0,-0.5
690,570000,19.74,1000,2.773,8.1,0.1261,-0.1239,0.1143,B,0.05,0.9758,0.0661,0.0966,3.0,-0.4595
691,571000,14.18,1000,3.248,0.0,0.0,0.0,0.1143,B,0.05,0.9754,0.0,0.0,0.0,-0.5
692,572000,27.09,1000,2.598,16.6,0.134,-0.116,0.115,B,0.05,0.9675,0.2039,0.1967,3.0,-0.417
693,573000,14.16,1000,2.073,0.0,0.0,0.0,0.115,B,0.05,0.9767,0.0,0.0,0.0,-0.5
694,574000,20.62,1000,2.638,18.3,0.0496,-0.2004,0.1157,B,0.05,0.9764,0.0512,0.0947,3.0,-0.4085
695,575000,17.16,1000,2.86,8.2,0.0648,-0.1852,0.1157,B,0.05,0.9714,0.0203,0.0524,3.0,-0.459
696,576000,14.01,1000,2.707,0.0,0.0,0.0,0.1164,B,0.05,0.9705,0.0,0.0,0.0,-0.5
697,577000,14.22,1000,3.595,0.0,0.0,0.0,0.1164,B,0.05,0.9779,0.0,0.0,0.0,-0.5
698,578000,14.1,1000,2.205,0.0,0.0,0.0,0.1171,B,0.05,0.9731,0.0,0.0,0.0,-0.5
699,579000,14.27,1000,3.057,0.0,0.0,0.0,0.1171,B,0.05,0.9787,0.0,0.0,0.0,-0.5
700,580000,14.24,1000,2.802,0.0,0.0,0.0,0.1179,B,0.05,0.9775,0.0,0.0,0.0,-0.5
701,581000,13.95,1000,3.74,0.0,0.0,0.0,0.1179,B,0.05,0.9663,0.0,0.0,0.0,-0.5
702,582000,20.39,1000,2.716,11.2,0.0797,-0.1703,0.1186,B,0.05,0.9753,0.0812,0.0888,3.0,-0.444
703,583000,14.32,1000,3.462,0.0,0.0,0.0,0.1186,B,0.05,0.9798,0.0,0.0,0.0,-0.5
704,584000,27.38,1000,2.746,21.2,0.1112,-0.1388,0.1193,B,0.05,0.9722,0.1644,0.2178,3.0,-0.394
705,585000,14.18,1000,3.8,0.0,0.0,0.0,0.1193,B,0.05,0.9762,0.0,0.0,0.0,-0.5
706,586000,14.26,1000,2.36,0.0,0.0,0.0,0.12,B,0.05,0.9787,0.0,0.0,0.0,-0.5
707,587000,23.08,1000,2.501,13.6,0.127,-0.123,0.12,B,0.05,0.9801,0.103,0.1518,3.0,-0.432
708,588000,14.17,1000,3.869,0.0,0.0,0.0,0.1207,B,0.05,0.9758,0.0,0.0,0.0,-0.5
709,589000,13.97,1000,2.758,0.0,0.0,0.0,0.1207,B,0.05,0.9682,0.0,0.0,0.0,-0.5
710,590000,22.21,1000,2.55,13.2,0.1216,-0.1284,0.1214,B,0.05,0.9782,0.0834,0.1433,3.0,-0.434
711,591000,27.2,1000,2.505,23.3,0.0996,-0.1504,0.1214,B,0.05,0.9798,0.1463,0.2155,3.0,-0.3835
712,592000,14.17,1000,3.675,0.0,0.0,0.0,0.1222,B,0.05,0.9777,0.0,0.0,0.0,-0.5
713,593000,32.93,1000,2.681,29.5,0.083,-0.167,0.1222,B,0.05,0.9759,0.3152,0.2372,3.0,-0.3525
714,594000,23.15,1000,2.728,15.2,0.1146,-0.1354,0.1229,B,0.05,0.9802,0.0982,0.1603,3.0,-0.424
715,595000,21.28,1000,2.736,15.1,0.076,-0.174,0.1229,B,0.05,0.9659,0.0859,0.1125,9.0,-0.4245
716,596000,24.01,1000,2.546,17.3,0.1107,-0.1393,0.1236,B,0.05,0.9812,0.1098,0.1722,3.0,-0.4135
717,597000,27.45,1000,2.61,27.0,0.085,-0.165,0.1236,B,0.05,0.977,0.1493,0.2204,3.0,-0.365
718,598000,13.98,1000,3.006,0.0,0.0,0.0,0.1236,B,0.05,0.978,0.0,0.0,0.0,-0.5
719,599000,14.06,1000,2.26,0.0,0.0,0.0,0.1243,B,0.05,0.9807,0.0,0.0,0.0,-0.5
720,600000,24.54,1000,2.568,15.9,0.1234,-0.1266,0.1243,B,0.05,0.9819,0.138,0.1739,3.0,-0.4205
721,601000,14.07,1000,2.965,0.0,0.0,0.0,0.125,B,0.05,0.9817,0.0,0.0,0.0,-0.5
722,602000,21.0,1000,2.677,17.5,0.0694,-0.1806,0.125,B,0.05,0.9757,0.0615,0.1159,3.0,-0.4125
723,603000,14.06,1000,2.338,0.0,0.0,0.0,0.1257,B,0.05,0.9814,0.0,0.0,0.0,-0.5
724,604000,24.66,1000,2.712,19.5,0.0973,-0.1527,0.1257,B,0.05,0.9786,0.1273,0.1755,3.0,-0.4025
