episode,timestep,reward,steps,visibility_pct,mean_centering_dist,mean_fraction,mean_action_mag,mean_action_jerk,r_stability,r_centering,r_scale,r_vel_damp,r_smooth,phase,target_speed,target_offset,init_pos,init_vel,init_ang
1,112,-164.86,112,32.1,0.7304,0.0952,0.5092,0.6638,0.5688,0.2734,0.1466,0.2158,-0.7859,A,0.0565,0.214,0.207,0.104,0.031
2,242,-177.34,130,46.2,1.0072,0.0894,0.5038,0.6742,0.469,0.0088,0.2002,0.146,-0.8123,A,0.0973,0.232,0.216,0.108,0.033
3,301,-90.28,59,66.1,0.8472,0.1155,0.5035,0.6953,0.4654,0.0442,0.3592,0.277,-0.8266,A,0.0729,0.24,0.22,0.11,0.034
4,369,-40.4,68,75.0,0.6275,0.1998,0.507,0.6793,0.6006,0.509,0.636,0.2792,-0.8358,A,0.0801,0.249,0.225,0.112,0.035
5,481,-168.57,112,27.7,0.7308,0.1942,0.4921,0.6508,0.2685,0.0934,0.2179,0.1673,-0.7569,A,0.0825,0.264,0.232,0.116,0.036
6,596,-205.96,115,0.0,0.0,0.0,0.5083,0.6777,0.6396,0.0,0.0,0.3057,-0.8276,A,0.1016,0.279,0.239,0.12,0.038
7,652,-139.98,56,0.0,0.0,0.0,0.4941,0.6694,0.4855,0.0,0.0,0.2798,-0.7917,A,0.112,0.286,0.243,0.122,0.039
8,725,-109.47,73,49.3,1.052,0.0348,0.489,0.6119,0.5236,0.0074,0.1001,0.2945,-0.6695,A,0.1227,0.297,0.248,0.124,0.04
9,838,-241.73,113,0.0,0.0,0.0,0.5212,0.7334,0.4538,0.0,0.0,0.1785,-0.945,A,0.0897,0.311,0.256,0.128,0.041
10,934,-172.62,96,32.3,0.7818,0.0609,0.4972,0.6295,0.2833,0.0698,0.0977,0.1479,-0.736,A,0.1004,0.324,0.262,0.131,0.042
11,996,-145.79,62,0.0,0.0,0.0,0.4824,0.6254,0.4174,0.0,0.0,0.2764,-0.7271,A,0.1194,0.332,0.266,0.133,0.043
12,1064,-97.18,68,47.1,1.0091,0.0911,0.4831,0.6385,0.6029,0.0068,0.2047,0.3376,-0.7326,A,0.0972,0.341,0.271,0.135,0.044
13,1219,-270.45,155,13.5,0.8865,0.0963,0.4943,0.669,0.3977,0.0146,0.0623,0.1111,-0.7996,A,0.1003,0.362,0.281,0.141,0.046
14,1401,-287.35,182,8.8,1.1194,0.0176,0.4947,0.6484,0.4751,0.0005,0.0136,0.2099,-0.75,A,0.1125,0.387,0.293,0.147,0.049
15,1552,-206.05,151,28.5,0.66,0.1992,0.5057,0.6762,0.2833,0.1444,0.2416,0.1254,-0.8213,B,0.1453,0.406,0.304,0.153,0.051
16,1646,-173.37,94,24.5,1.0432,0.0231,0.4908,0.6805,0.4062,0.0019,0.0413,0.2405,-0.8089,B,0.1052,0.419,0.313,0.16,0.053
17,1709,-51.98,63,71.4,0.7381,0.1848,0.4755,0.6516,0.5246,0.3735,0.5578,0.3304,-0.7449,B,0.1286,0.428,0.318,0.164,0.055
18,1786,-60.2,77,63.6,0.6742,0.1839,0.4982,0.6911,0.4637,0.5379,0.4419,0.2344,-0.8396,B,0.1203,0.438,0.325,0.169,0.056
19,1953,-296.93,167,13.2,1.2009,0.0199,0.4993,0.6764,0.3419,0.0002,0.0214,0.1237,-0.82,B,0.1325,0.46,0.34,0.18,0.06
20,2007,-132.15,54,0.0,0.0,0.0,0.5198,0.6723,0.5741,0.0,0.0,0.3345,-0.7921,B,0.1666,0.467,0.345,0.184,0.061
21,2074,-162.17,67,0.0,0.0,0.0,0.4947,0.6553,0.3366,0.0,0.0,0.1968,-0.7605,B,0.1304,0.476,0.351,0.188,0.063
22,2172,-52.12,98,67.3,0.6056,0.1876,0.4952,0.6709,0.4378,0.6527,0.527,0.2037,-0.7947,B,0.1729,0.489,0.359,0.195,0.065
23,2320,-234.67,148,30.4,0.7453,0.1215,0.4991,0.6663,0.2058,0.1623,0.1773,0.0985,-0.7924,B,0.1221,0.509,0.373,0.204,0.068
24,2509,-280.27,189,16.9,1.0938,0.045,0.5042,0.6646,0.6681,0.0007,0.0405,0.1236,-0.8006,B,0.1492,0.534,0.39,0.217,0.072
25,2632,-234.27,123,0.0,0.0,0.0,0.5074,0.696,0.6198,0.0,0.0,0.2041,-0.8693,B,0.1811,0.55,0.4,0.225,0.075
26,2740,-186.52,108,0.0,0.0,0.0,0.4873,0.6621,0.683,0.0,0.0,0.3191,-0.7592,B,0.1814,0.565,0.41,0.232,0.077
27,2790,-133.33,50,0.0,0.0,0.0,0.5029,0.6178,0.3298,0.0,0.0,0.2498,-0.7008,B,0.1835,0.572,0.414,0.236,0.079
28,2938,-194.16,148,63.5,0.7215,0.0317,0.4994,0.6634,0.2621,0.3626,0.1244,0.1381,-0.7818,B,0.1442,0.591,0.428,0.246,0.082
29,3070,-228.68,132,24.2,0.8337,0.0575,0.49,0.63,0.236,0.0938,0.0693,0.1246,-0.7179,B,0.1731,0.609,0.439,0.255,0.085
30,3154,-150.03,84,33.3,0.6578,0.0589,0.4824,0.6813,0.5276,0.3548,0.096,0.2104,-0.8094,B,0.1392,0.62,0.447,0.26,0.087
31,3287,-245.4,133,0.0,0.0,0.0,0.4964,0.6328,0.487,0.0,0.0,0.1445,-0.7267,B,0.1528,0.638,0.459,0.269,0.09
32,3350,-103.37,63,54.0,0.9382,0.0833,0.5161,0.6878,0.5117,0.0125,0.2181,0.3226,-0.8613,B,0.1842,0.646,0.464,0.273,0.091
33,3417,-160.96,67,0.0,0.0,0.0,0.4969,0.679,0.4615,0.0,0.0,0.1921,-0.8002,B,0.2235,0.655,0.47,0.278,0.093
34,3527,-196.99,110,13.6,1.2447,0.0262,0.4759,0.6039,0.3893,0.0001,0.0242,0.1461,-0.6745,B,0.1955,0.67,0.48,0.285,0.095
35,3694,-254.76,167,23.4,0.892,0.1107,0.5056,0.6851,0.5718,0.0259,0.1244,0.1108,-0.8348,B,0.2066,0.692,0.495,0.296,0.099
36,3808,-45.13,114,76.3,0.7046,0.1648,0.4902,0.6227,0.5755,0.3638,0.5704,0.1695,-0.7165,C,0.2399,0.722,0.513,0.313,0.102
37,3997,-362.19,189,0.0,0.0,0.0,0.5219,0.7297,0.5521,0.0,0.0,0.0878,-0.9298,C,0.189,0.798,0.559,0.359,0.11
38,4154,-182.75,157,62.4,1.0231,0.0499,0.5148,0.684,0.5344,0.0343,0.1708,0.1289,-0.8579,C,0.2233,0.861,0.596,0.396,0.116
39,4334,-266.19,180,33.9,0.7948,0.0688,0.5131,0.6878,0.4482,0.0454,0.1114,0.1342,-0.8505,C,0.1887,0.933,0.64,0.44,0.123
40,4407,-42.85,73,58.9,0.6294,0.1951,0.4936,0.6507,0.5004,0.6785,0.4406,0.2703,-0.7584,C,0.2163,0.962,0.657,0.457,0.126
41,4545,-193.38,138,43.5,0.8924,0.0605,0.5006,0.6648,0.4285,0.0305,0.1328,0.1143,-0.7788,C,0.2338,1.018,0.691,0.491,0.132
42,4740,-239.9,195,43.1,0.8116,0.1036,0.4972,0.6819,0.4957,0.1352,0.2125,0.078,-0.8232,C,0.2445,1.094,0.737,0.537,0.139
43,4810,-81.94,70,67.1,0.7866,0.1573,0.475,0.6063,0.4389,0.2255,0.483,0.1225,-0.6577,C,0.2168,1.123,0.754,0.554,0.142
44,4897,-171.23,87,17.2,0.9123,0.024,0.5268,0.667,0.5547,0.007,0.0297,0.1879,-0.822,C,0.2174,1.158,0.775,0.575,0.146
45,4988,-200.2,91,0.0,0.0,0.0,0.5058,0.6455,0.3138,0.0,0.0,0.1429,-0.7504,C,0.2084,1.194,0.796,0.596,0.149
