episode,timestep,reward,steps,visibility_pct,mean_centering_dist,mean_fraction,mean_action_mag,r_stability,r_centering,r_scale
1,113,152.27,113,61.9,0.4276,0.239,0.5109,0.5911,0.7306,0.4947
2,246,133.93,133,59.4,0.5402,0.1955,0.5011,0.5223,0.5346,0.4313
3,304,60.21,58,62.1,0.5392,0.2157,0.5007,0.5124,0.5981,0.4794
4,379,94.44,75,62.7,0.4339,0.2131,0.5027,0.5834,0.7343,0.4482
5,519,81.93,140,64.3,0.7465,0.1079,0.5,0.3728,0.3567,0.2843
6,596,34.75,77,42.9,0.566,0.2077,0.5086,0.4337,0.4117,0.3072
7,653,54.92,57,57.9,0.4869,0.2317,0.4944,0.4933,0.6006,0.466
8,715,64.57,62,54.8,0.4072,0.2446,0.4827,0.5173,0.6819,0.4552
9,827,182.71,112,92.0,0.6076,0.1339,0.5236,0.5692,0.7792,0.4526
10,940,82.89,113,67.3,0.7917,0.1204,0.4963,0.4118,0.4165,0.3212
11,1027,35.4,87,47.1,0.6768,0.1713,0.4823,0.3903,0.3418,0.3185
12,1081,29.32,54,46.3,0.5166,0.2063,0.4987,0.4468,0.4632,0.3552
13,1143,82.89,62,64.5,0.4308,0.2282,0.5019,0.5364,0.8101,0.5066
14,1261,18.65,118,39.8,0.6563,0.1438,0.4771,0.304,0.3235,0.2169
15,1439,3.85,178,23.0,0.489,0.2324,0.5066,0.4256,0.248,0.1739
16,1490,28.81,51,47.1,0.4816,0.204,0.489,0.4217,0.5166,0.352
17,1658,117.17,168,60.7,0.7045,0.1535,0.5028,0.4362,0.3443,0.3693
18,1711,41.36,53,56.6,0.5773,0.2055,0.4604,0.4793,0.5063,0.4174
19,1796,86.03,85,64.7,0.5728,0.1716,0.4919,0.5457,0.5377,0.3992
20,1894,83.4,98,62.2,0.6365,0.163,0.5082,0.4764,0.4556,0.3986
21,2043,-33.4,149,24.8,0.7072,0.1354,0.5006,0.3129,0.1408,0.1408
22,2125,11.91,82,32.9,0.519,0.2177,0.499,0.3566,0.3286,0.2527
23,2294,277.88,169,82.2,0.54,0.2103,0.4939,0.4931,0.7407,0.6471
24,2384,52.11,90,52.2,0.6653,0.1801,0.4898,0.4254,0.4034,0.339
25,2489,41.43,105,57.1,0.8111,0.1111,0.5133,0.3924,0.2658,0.2602
26,2575,37.07,86,43.0,0.5144,0.2118,0.5263,0.3649,0.459,0.2932
27,2644,71.03,69,62.3,0.5803,0.1914,0.487,0.5166,0.56,0.4744
28,2726,94.62,82,74.4,0.7055,0.1648,0.4856,0.5981,0.4317,0.5022
29,2781,63.37,55,56.4,0.3345,0.2425,0.4856,0.4963,0.7964,0.4778
30,2868,22.56,87,50.6,0.7346,0.1105,0.5185,0.3697,0.2824,0.2165
31,2996,194.1,128,64.1,0.3215,0.1813,0.4856,0.6235,0.9279,0.4025
32,3078,86.24,82,54.9,0.3978,0.2261,0.4999,0.4974,0.7117,0.4158
33,3151,80.44,73,57.5,0.4376,0.2182,0.4767,0.5636,0.6817,0.4182
34,3276,150.12,125,64.0,0.5626,0.2158,0.4936,0.5986,0.5442,0.4982
35,3349,41.78,73,57.5,0.7598,0.1444,0.5213,0.4138,0.4016,0.3186
36,3410,24.87,61,37.7,0.4471,0.2014,0.4994,0.4823,0.4249,0.2875
37,3542,218.11,132,78.0,0.5622,0.2132,0.4736,0.6272,0.6835,0.6371
38,3657,130.91,115,74.8,0.6454,0.1601,0.5155,0.4803,0.5157,0.4814
39,3706,30.11,49,53.1,0.5878,0.1937,0.4968,0.4211,0.4744,0.3925
40,3828,200.24,122,65.6,0.3238,0.2649,0.5045,0.6003,0.9475,0.5198
41,3903,54.2,75,60.0,0.6943,0.1869,0.5003,0.4445,0.3967,0.4148
42,3961,23.04,58,48.3,0.7033,0.2012,0.5149,0.4249,0.3032,0.3588
43,4063,105.22,102,66.7,0.692,0.1837,0.5309,0.5114,0.5104,0.4412
44,4121,36.22,58,46.6,0.4711,0.2216,0.4944,0.4542,0.5039,0.3732
45,4172,18.78,51,43.1,0.5174,0.2207,0.5087,0.3511,0.4523,0.3296
46,4350,150.46,178,62.9,0.7023,0.1245,0.5165,0.5446,0.4103,0.3174
47,4407,30.52,57,47.4,0.5678,0.2147,0.4909,0.4502,0.4213,0.3656
48,4568,43.39,161,38.5,0.5864,0.1772,0.4997,0.3641,0.3287,0.2537
49,4774,207.3,206,56.3,0.5058,0.1531,0.4905,0.5633,0.5764,0.352
50,4883,124.59,109,63.3,0.5869,0.2071,0.5109,0.5364,0.5541,0.5113
51,4940,35.41,57,50.9,0.5737,0.1917,0.5047,0.455,0.4556,0.3773
52,5055,4.86,115,39.1,0.8069,0.1158,0.5385,0.3576,0.1898,0.1905
53,5136,75.43,81,72.8,0.7577,0.1434,0.5233,0.4949,0.4358,0.3956
54,5189,18.96,53,37.7,0.4256,0.2214,0.5271,0.42,0.4507,0.2983
55,5347,17.27,158,37.3,0.7338,0.1187,0.5088,0.3972,0.2298,0.1721
56,5494,165.6,147,93.2,0.7659,0.1281,0.5024,0.3703,0.4056,0.4868
57,5554,55.4,60,51.7,0.3768,0.2239,0.5506,0.4943,0.6575,0.4216
58,5638,43.69,84,48.8,0.6194,0.1946,0.5189,0.4004,0.3741,0.3767
59,5693,57.31,55,61.8,0.4844,0.2087,0.5365,0.5142,0.6734,0.418
60,5994,79.25,301,23.3,0.4883,0.2316,0.5333,0.6293,0.2319,0.2027
61,6226,109.92,232,40.1,0.4784,0.1886,0.5375,0.4263,0.4219,0.2679
62,6591,341.18,365,42.5,0.3574,0.1528,0.5319,0.7025,0.5994,0.2356
63,7048,199.36,457,37.2,0.6605,0.168,0.524,0.5803,0.256,0.2498
64,7363,566.05,315,67.0,0.37,0.152,0.5209,0.8192,0.9005,0.4392
65,7646,689.23,283,100.0,0.4439,0.0913,0.5148,0.8629,1.1851,0.4229
66,7919,755.4,273,100.0,0.3372,0.1041,0.5258,0.941,1.4006,0.4621
67,8198,724.71,279,100.0,0.3894,0.0958,0.5036,0.9343,1.2618,0.4373
68,8466,706.43,268,100.0,0.4283,0.1121,0.5237,0.9575,1.2279,0.4879
69,8710,664.55,244,100.0,0.3754,0.1054,0.5374,0.9679,1.3246,0.4721
70,8960,561.32,250,89.2,0.5186,0.1207,0.5527,0.9459,0.9832,0.4642
71,9237,583.25,277,78.0,0.2965,0.1124,0.5483,0.7841,1.1876,0.3902
72,9485,618.76,248,96.0,0.404,0.0959,0.5456,0.9567,1.1978,0.4211
73,9751,627.53,266,96.6,0.5294,0.0916,0.529,0.9674,1.0566,0.4065
74,10037,609.1,286,86.4,0.4336,0.0916,0.5469,0.8747,1.0603,0.3661
75,10265,559.67,228,100.0,0.4283,0.0904,0.5504,0.9154,1.1621,0.4211
76,10495,654.44,230,100.0,0.2957,0.0936,0.5581,0.9625,1.4962,0.4301
77,10735,670.17,240,100.0,0.2876,0.088,0.5612,0.9333,1.4939,0.4069
78,10980,615.13,245,98.4,0.3844,0.0907,0.5656,0.8924,1.2634,0.4121
79,11215,617.0,235,100.0,0.3629,0.088,0.5523,0.9104,1.3486,0.4091
80,11448,636.87,233,100.0,0.2908,0.0889,0.556,0.8389,1.5247,0.4126
81,11654,588.73,206,100.0,0.281,0.0915,0.5852,0.9606,1.5276,0.4182
82,11852,564.21,198,100.0,0.2861,0.0917,0.5945,0.9475,1.531,0.4215
83,12054,518.43,202,100.0,0.4086,0.0877,0.5947,0.9675,1.2393,0.4091
84,12260,531.55,206,98.1,0.3821,0.0961,0.6021,0.962,1.2568,0.4295
85,12470,607.91,210,100.0,0.2739,0.0906,0.5855,0.9495,1.5738,0.4191
86,12669,480.74,199,100.0,0.4522,0.1002,0.6137,0.9215,1.097,0.4475
87,12894,611.16,225,100.0,0.3456,0.0931,0.5565,0.9637,1.3691,0.428
88,13156,691.17,262,100.0,0.36,0.0841,0.5421,0.9605,1.3238,0.392
89,13389,336.81,233,63.9,0.4519,0.1321,0.5622,0.7494,0.7356,0.364
90,13627,345.66,238,68.9,0.5308,0.1205,0.5528,0.7451,0.6942,0.3659
91,13896,331.4,269,58.4,0.4545,0.1254,0.5212,0.6928,0.6694,0.3233
92,14192,318.45,296,58.4,0.6087,0.1235,0.5193,0.7099,0.4958,0.3195
93,14439,377.33,247,70.0,0.5732,0.1247,0.5622,0.7985,0.681,0.3882
94,14769,268.75,330,49.7,0.6263,0.1257,0.5365,0.6245,0.4437,0.2795
95,15116,245.76,347,43.8,0.5661,0.1426,0.5379,0.6106,0.4136,0.2748
96,15509,280.88,393,46.3,0.5306,0.1171,0.58,0.569,0.4657,0.2423
97,16009,183.8,500,29.8,0.5707,0.1518,0.5418,0.5789,0.2951,0.1957
98,16509,326.16,500,29.6,0.5311,0.1523,0.4877,0.8616,0.2979,0.1968
99,16763,386.5,254,63.8,0.4286,0.1467,0.6218,0.7672,0.7477,0.4084
100,16995,400.73,232,70.7,0.461,0.1488,0.6273,0.8391,0.7664,0.458
101,17267,376.12,272,60.7,0.4689,0.1522,0.5828,0.7541,0.6502,0.4087
102,17767,427.15,500,38.6,0.4174,0.1602,0.6071,0.7181,0.4725,0.2777
103,18051,412.92,284,55.3,0.4494,0.1842,0.5263,0.856,0.634,0.4463
104,18358,481.58,307,59.9,0.4167,0.1991,0.5355,0.7295,0.7551,0.5174
105,18617,460.76,259,64.1,0.3482,0.2036,0.5173,0.7202,0.8904,0.5661
106,18899,477.43,282,60.6,0.2837,0.1884,0.5103,0.6925,0.9257,0.5039
107,19128,641.31,229,93.0,0.3435,0.221,0.4521,0.7552,1.2926,0.8662
108,19465,391.91,337,46.0,0.2601,0.2254,0.5554,0.6015,0.7153,0.4158
109,19829,471.15,364,48.9,0.2883,0.1804,0.5165,0.6974,0.743,0.3924
110,20329,745.6,500,50.6,0.2539,0.1744,0.5025,0.7669,0.8249,0.3934
111,20650,489.93,321,54.8,0.3429,0.1765,0.4666,0.8257,0.7661,0.4173
112,20942,514.18,292,59.2,0.3172,0.1728,0.4702,0.8979,0.851,0.4537
113,21303,613.49,361,69.0,0.4353,0.1426,0.4881,0.7789,0.8185,0.4399
114,21645,808.73,342,74.6,0.2443,0.1539,0.4694,0.9195,1.2214,0.5075
115,21943,601.9,298,70.8,0.3915,0.1544,0.5064,0.9227,0.9364,0.4862
116,22282,585.72,339,60.2,0.3675,0.151,0.491,0.9479,0.81,0.3976
117,22595,501.26,313,54.0,0.3073,0.1611,0.5223,0.9294,0.78,0.3841
118,22923,702.05,328,85.7,0.4502,0.1269,0.5064,0.8495,0.9757,0.4889
119,23214,523.82,291,64.6,0.3823,0.1586,0.5717,0.9137,0.8217,0.4529
120,23548,596.05,334,76.3,0.5637,0.1198,0.5105,0.8686,0.7611,0.4214
121,23855,424.43,307,67.1,0.5601,0.1264,0.4851,0.7484,0.6081,0.3876
122,24327,653.38,472,60.0,0.4529,0.1415,0.4854,0.7335,0.6907,0.3817
123,24753,856.11,426,82.9,0.5069,0.1143,0.4532,0.9072,0.8558,0.4416
124,25169,863.1,416,77.6,0.4381,0.1459,0.4682,0.8906,0.9211,0.5106
125,25536,469.65,367,49.0,0.3944,0.1699,0.5075,0.8026,0.6514,0.3624
126,25910,761.08,374,75.1,0.4247,0.1513,0.5053,0.8769,0.9206,0.5129
127,26255,478.03,345,58.0,0.5247,0.142,0.5413,0.8662,0.6017,0.3671
128,26607,330.8,352,41.2,0.4835,0.1881,0.4939,0.7835,0.4348,0.3379
129,26983,664.99,376,66.5,0.4527,0.1392,0.4809,0.8964,0.8162,0.4177
130,27318,439.43,335,42.7,0.228,0.1799,0.5157,0.8606,0.7189,0.3352
131,27709,460.09,391,47.6,0.4502,0.1671,0.4879,0.8263,0.5519,0.3484
132,28095,476.75,386,43.5,0.3271,0.1704,0.4647,0.8813,0.616,0.3284
133,28438,414.87,343,41.1,0.2742,0.1881,0.4954,0.8385,0.653,0.3362
134,28748,401.04,310,46.1,0.3123,0.1787,0.5054,0.8162,0.6927,0.3558
135,29130,515.42,382,66.2,0.5229,0.1396,0.516,0.6355,0.669,0.4087
136,29481,428.79,351,58.7,0.5665,0.1609,0.5489,0.6676,0.5824,0.4132
137,29876,546.67,395,50.9,0.4495,0.1762,0.423,0.8915,0.6157,0.3933
138,30203,611.64,327,73.7,0.5412,0.1801,0.4541,0.8461,0.7482,0.5698
139,30598,552.8,395,68.9,0.6973,0.1417,0.4784,0.7711,0.5353,0.4298
140,30833,460.45,235,74.5,0.41,0.1628,0.5177,0.8068,0.9342,0.5162
141,31318,396.52,485,38.4,0.2996,0.1396,0.5158,0.628,0.592,0.2346
142,31625,428.89,307,58.3,0.4117,0.1731,0.5027,0.6716,0.7414,0.4335
143,32120,580.76,495,49.5,0.419,0.1344,0.4886,0.7839,0.6281,0.2865
144,32415,610.48,295,66.4,0.2838,0.2073,0.4575,0.8392,1.0192,0.5805
145,32642,561.3,227,92.1,0.4199,0.1722,0.4787,0.7427,1.1656,0.6877
146,32898,590.27,256,84.0,0.3798,0.176,0.4794,0.7202,1.1381,0.6467
147,33213,468.62,315,56.8,0.3018,0.1849,0.4834,0.654,0.8389,0.4582
148,33442,438.98,229,74.2,0.3574,0.1472,0.5367,0.6942,1.0452,0.4789
149,33687,653.8,245,94.7,0.3337,0.1632,0.4721,0.7591,1.3234,0.68
150,33947,579.1,260,87.3,0.4347,0.151,0.4915,0.7559,1.0618,0.575
151,34203,678.43,256,100.0,0.4125,0.1597,0.474,0.7614,1.2131,0.7147
152,34481,543.26,278,73.0,0.3473,0.164,0.4987,0.7114,1.0263,0.5222
153,34796,854.21,315,81.9,0.1823,0.1774,0.4537,0.8542,1.4266,0.6437
154,35058,680.23,262,100.0,0.3242,0.1264,0.5098,0.6571,1.4102,0.5671
155,35262,515.58,204,95.1,0.3725,0.1798,0.5033,0.6191,1.2772,0.7291
156,35680,472.86,418,49.5,0.2592,0.1562,0.4928,0.5421,0.7827,0.3352
157,35888,511.96,208,83.2,0.2832,0.1979,0.4831,0.6999,1.2798,0.6979
158,36110,582.88,222,100.0,0.3913,0.1654,0.5091,0.6875,1.2537,0.7295
159,36377,699.7,267,84.6,0.1897,0.1678,0.4793,0.7248,1.4544,0.6324
160,36645,669.09,268,83.2,0.2185,0.15,0.5181,0.7734,1.3762,0.5522
161,36907,611.76,262,91.2,0.4208,0.1502,0.5151,0.7052,1.1554,0.6003
162,37148,547.81,241,72.6,0.2045,0.191,0.4928,0.7497,1.2329,0.6058
163,37408,576.26,260,71.5,0.2282,0.1971,0.4976,0.7501,1.1793,0.61
164,37640,465.81,232,65.1,0.2395,0.1981,0.4958,0.7882,1.0528,0.5591
165,38009,935.06,369,80.5,0.2318,0.1609,0.4686,0.8404,1.3386,0.5773
166,38305,678.64,296,74.3,0.2588,0.182,0.4717,0.8009,1.1861,0.5962
167,38621,753.1,316,73.7,0.1996,0.1864,0.4857,0.833,1.2421,0.6025
168,38875,511.37,254,63.4,0.2478,0.1989,0.4917,0.8569,1.02,0.5419
169,39130,472.69,255,59.6,0.2618,0.2158,0.4908,0.8401,0.9331,0.5236
170,39490,819.18,360,81.1,0.3749,0.1541,0.4702,0.8327,1.097,0.5624
171,39801,706.07,311,75.9,0.3634,0.2035,0.4822,0.8561,1.0292,0.6583
172,40146,708.57,345,76.8,0.4111,0.1527,0.489,0.7691,1.0156,0.53
173,40428,580.04,282,68.1,0.3355,0.2077,0.487,0.8456,0.959,0.6068
174,40762,795.62,334,73.1,0.2382,0.1972,0.4886,0.8614,1.196,0.6241
175,41262,1000.7,500,71.0,0.359,0.1699,0.509,0.7959,0.9549,0.5406
176,41543,572.78,281,66.2,0.29,0.2153,0.4942,0.8184,1.0045,0.5892
177,41840,546.27,297,61.3,0.2881,0.1979,0.4988,0.8095,0.9341,0.5165
178,42112,500.73,272,62.5,0.2803,0.1867,0.5063,0.794,0.9495,0.5092
179,42485,925.84,373,76.1,0.2342,0.191,0.4822,0.853,1.254,0.6406
180,42985,1041.86,500,71.6,0.3886,0.1693,0.4452,0.875,0.955,0.5377
181,43399,813.67,414,67.1,0.3007,0.1823,0.4689,0.777,0.994,0.5471
182,43899,1622.02,500,94.2,0.2037,0.1701,0.4344,0.9902,1.593,0.7188
183,44399,1256.13,500,78.4,0.2312,0.1578,0.4467,0.8782,1.2878,0.5622
184,44833,896.23,434,71.9,0.397,0.1907,0.4562,0.8552,0.9139,0.6
185,45333,699.82,500,50.4,0.3385,0.1991,0.4662,0.7637,0.7026,0.4293
186,45833,1327.92,500,78.6,0.1981,0.2066,0.4511,0.8173,1.3373,0.7152
187,46333,861.22,500,57.6,0.3555,0.174,0.4391,0.9064,0.7972,0.4429
188,46819,1157.43,486,86.0,0.436,0.1602,0.4644,0.8624,1.0647,0.615
189,47312,742.61,493,48.7,0.2623,0.2339,0.4484,0.8092,0.7659,0.4646
190,47812,1829.71,500,100.0,0.1593,0.1837,0.4334,0.9958,1.8344,0.8292
191,48312,594.74,500,50.2,0.4495,0.174,0.4564,0.7278,0.5771,0.3826
192,48811,864.44,499,67.9,0.51,0.1813,0.4425,0.8383,0.7093,0.5255
193,49311,1162.01,500,80.0,0.4477,0.1924,0.4397,0.9285,0.9282,0.6673
194,49683,642.77,372,72.8,0.5447,0.155,0.4366,0.8486,0.679,0.4987
195,50143,884.36,460,68.0,0.3925,0.1882,0.4359,0.8528,0.8574,0.5536
196,50643,1483.66,500,89.2,0.3224,0.2226,0.4333,0.9832,1.2672,0.825
197,51065,867.51,422,72.5,0.3907,0.1869,0.4265,0.8525,0.9316,0.5702
198,51522,852.76,457,68.3,0.3935,0.1834,0.4183,0.8333,0.8306,0.5412
199,52022,942.63,500,70.0,0.5253,0.2001,0.4164,0.9548,0.6796,0.5509
200,52522,1834.39,500,100.0,0.178,0.1998,0.3948,0.9941,1.7814,0.8932
201,53022,1518.05,500,100.0,0.4335,0.2085,0.437,0.9825,1.1447,0.9089
202,53522,1579.74,500,100.0,0.3739,0.2333,0.4038,0.9889,1.285,0.8856
203,53939,749.47,417,68.3,0.4849,0.2019,0.4658,0.8897,0.7208,0.5273
204,54439,542.45,500,41.2,0.4357,0.2088,0.4503,0.8664,0.4857,0.3208
205,54939,1021.93,500,65.4,0.3666,0.2037,0.4262,0.9668,0.8727,0.5503
206,55439,647.9,500,44.8,0.445,0.2149,0.4435,0.9708,0.5052,0.3717
207,55939,685.96,500,45.6,0.4055,0.1918,0.4428,0.983,0.561,0.372
208,56439,692.72,500,46.2,0.3583,0.1902,0.4357,0.9298,0.6157,0.3779
209,56939,977.84,500,65.8,0.385,0.1842,0.4635,0.9142,0.8564,0.527
210,57439,1276.33,500,80.0,0.3296,0.1926,0.4493,0.9345,1.1407,0.6774
211,57939,754.17,500,47.2,0.3378,0.2173,0.4272,0.9623,0.6586,0.4155
212,58439,600.06,500,41.4,0.4417,0.2019,0.429,0.9675,0.4713,0.3473
213,58939,1461.93,500,99.8,0.4679,0.2045,0.4217,0.9932,1.1073,0.8254
214,59439,738.63,500,52.8,0.4778,0.1589,0.4226,0.9725,0.6059,0.3709
215,59939,674.41,500,59.4,0.628,0.1447,0.4559,0.8912,0.4945,0.3691
216,60439,763.97,500,57.2,0.4809,0.176,0.463,0.8918,0.6374,0.4268
217,60939,1499.92,500,92.6,0.3428,0.2088,0.4162,0.9878,1.2687,0.8173
218,61439,688.24,500,49.2,0.4428,0.1831,0.4671,0.9111,0.5824,0.3909
219,61939,788.63,500,49.0,0.309,0.1916,0.4031,0.9698,0.712,0.4055
220,62439,771.71,500,52.6,0.3738,0.1926,0.4655,0.892,0.6969,0.4285
221,62715,521.97,276,75.7,0.4068,0.1832,0.4109,0.7401,0.9576,0.4725
222,63028,824.86,313,100.0,0.468,0.2117,0.4104,0.8022,1.1054,0.7597
223,63528,704.33,500,47.8,0.4146,0.183,0.4514,0.9415,0.614,0.3752
224,63975,627.07,447,52.1,0.4524,0.2235,0.4534,0.8693,0.583,0.4517
225,64475,818.72,500,54.6,0.4102,0.2052,0.4426,0.9643,0.6582,0.4689
226,64975,1044.63,500,75.4,0.4613,0.1621,0.4543,0.9473,0.86,0.528
227,65475,916.81,500,57.6,0.3152,0.227,0.4238,0.8753,0.8521,0.5302
228,65794,432.45,319,53.9,0.4864,0.2287,0.4419,0.8257,0.5665,0.4556
229,66294,737.8,500,66.4,0.5848,0.1339,0.4775,0.8949,0.5463,0.3704
230,66653,383.41,359,47.6,0.5038,0.2379,0.4868,0.7707,0.4653,0.3835
231,66985,451.7,332,50.3,0.4565,0.2191,0.4469,0.8684,0.5825,0.4367
232,67485,617.37,500,53.6,0.4712,0.1432,0.517,0.7764,0.5927,0.3296
233,67904,589.52,419,46.3,0.2606,0.2252,0.4532,0.8565,0.7418,0.3695
234,68200,429.33,296,56.1,0.4212,0.2522,0.4677,0.7864,0.6804,0.4566
235,68472,569.43,272,79.0,0.3784,0.2102,0.5306,0.6833,1.0295,0.627
236,68754,724.6,282,89.4,0.3605,0.2054,0.5201,0.7682,1.1794,0.7638
237,68969,473.0,215,81.9,0.3756,0.1979,0.5031,0.6962,1.0639,0.6678
238,69257,444.85,288,54.2,0.2492,0.2284,0.4916,0.773,0.8722,0.3925
239,69499,425.21,242,64.9,0.3346,0.2379,0.4904,0.6664,0.9136,0.5695
240,69743,566.73,244,82.4,0.357,0.2112,0.4927,0.7024,1.1099,0.7276
241,70000,414.9,257,61.9,0.3772,0.2289,0.46,0.7826,0.8174,0.4346
242,70282,590.51,282,66.7,0.2522,0.2115,0.4463,0.8549,1.0543,0.5537
243,70519,440.32,237,66.2,0.3319,0.2242,0.4559,0.7049,0.9442,0.5885
244,70727,472.05,208,88.5,0.3756,0.2063,0.5302,0.6333,1.152,0.6476
245,70953,379.0,226,61.1,0.2934,0.2149,0.472,0.7109,0.9265,0.4733
246,71178,317.68,225,50.2,0.1939,0.2368,0.4434,0.7173,0.8716,0.3652
247,71486,619.63,308,59.4,0.1632,0.225,0.4368,0.8435,1.0747,0.5319
248,71719,370.24,233,61.4,0.2774,0.227,0.4672,0.6296,0.9421,0.4465
249,71963,365.51,244,50.8,0.2209,0.2375,0.4498,0.7949,0.8553,0.3806
250,72211,487.08,248,74.2,0.318,0.1905,0.4484,0.6586,1.0799,0.5239
251,72440,388.33,229,65.1,0.3013,0.2351,0.4785,0.6065,0.9561,0.5262
252,72622,394.36,182,85.2,0.424,0.2243,0.4633,0.6964,1.0097,0.6639
253,72846,430.57,224,69.2,0.2902,0.2366,0.4408,0.696,1.0291,0.5498
254,73164,658.94,318,67.0,0.2606,0.2385,0.4558,0.805,1.0518,0.577
255,73664,503.98,500,33.2,0.2195,0.2068,0.4253,0.8868,0.5556,0.2336
256,74164,506.6,500,38.2,0.409,0.2155,0.4883,0.8532,0.4747,0.3032
257,74664,564.67,500,38.6,0.3064,0.2313,0.4819,0.8476,0.5738,0.3219
258,75164,445.04,500,32.6,0.3752,0.2353,0.4648,0.8597,0.4382,0.2661
259,75664,390.61,500,26.4,0.2132,0.2399,0.4463,0.8716,0.4452,0.2003
260,76164,1191.15,500,81.6,0.3678,0.1686,0.4716,0.8662,1.1041,0.596
261,76664,867.28,500,66.8,0.5108,0.1823,0.4427,0.8871,0.6608,0.5186
262,77164,786.4,500,66.4,0.5311,0.157,0.4693,0.8345,0.6488,0.4255
263,77664,977.19,500,83.2,0.6048,0.148,0.4414,0.9278,0.6484,0.5462
264,78164,883.91,500,74.4,0.549,0.1263,0.4639,0.9136,0.6963,0.414
265,78664,1072.88,500,90.2,0.502,0.1206,0.469,0.8397,0.9057,0.4983
266,79164,1203.32,500,94.4,0.4674,0.1169,0.4768,0.9092,1.0639,0.4895
267,79511,743.01,347,90.5,0.526,0.148,0.4632,0.8442,0.8422,0.5788
268,79957,1009.5,446,86.5,0.4305,0.1483,0.4793,0.8374,1.0308,0.5522
269,80457,836.66,500,71.4,0.4603,0.1313,0.4665,0.7182,0.8184,0.4227
270,80957,724.15,500,56.4,0.5157,0.1455,0.4252,0.9614,0.5615,0.3614
271,81444,589.75,487,67.1,0.6574,0.1061,0.4905,0.7683,0.4667,0.3251
272,81834,640.2,390,74.6,0.5578,0.1348,0.4571,0.8005,0.6701,0.4505
273,82334,1150.33,500,82.6,0.365,0.1389,0.4616,0.8542,1.1225,0.498
274,82800,834.63,466,66.7,0.4117,0.1653,0.4505,0.809,0.8616,0.4746
275,83300,535.43,500,45.2,0.5445,0.155,0.423,0.8866,0.4163,0.316
276,83800,526.67,500,44.6,0.5427,0.1566,0.4406,0.8767,0.4116,0.3191
277,84300,594.38,500,49.0,0.515,0.1458,0.4367,0.8839,0.4933,0.3216
278,84800,793.96,500,55.8,0.4041,0.1713,0.3981,0.9203,0.7024,0.4072
279,85300,1234.13,500,85.4,0.4088,0.1572,0.4238,0.9513,1.0661,0.5968
280,85800,1531.73,500,100.0,0.4187,0.2584,0.4043,0.9902,1.1684,0.9048
281,86300,1714.78,500,100.0,0.2974,0.2523,0.4038,0.9781,1.4841,0.9674
282,86800,1732.92,500,100.0,0.2604,0.1992,0.4206,0.9882,1.5881,0.8895
283,87300,1528.83,500,100.0,0.4303,0.2069,0.415,0.9873,1.1535,0.9169
284,87800,1685.04,500,100.0,0.3,0.2071,0.4102,0.9849,1.4766,0.9086
285,88300,1342.53,500,89.6,0.3671,0.1996,0.4702,0.8648,1.2122,0.712
286,88800,1672.68,500,100.0,0.3102,0.2016,0.4101,0.9913,1.467,0.8871
287,89300,1582.74,500,100.0,0.3925,0.2197,0.4045,0.9898,1.2472,0.9285
288,89800,1550.86,500,97.4,0.3619,0.1945,0.4248,0.9782,1.3207,0.8288
289,90300,1698.34,500,100.0,0.3013,0.2166,0.4043,0.9871,1.4802,0.9294
290,90800,1573.53,500,96.2,0.314,0.1874,0.4256,0.9765,1.4108,0.7978
291,91288,1175.1,488,86.9,0.3461,0.1742,0.492,0.7628,1.2121,0.5847
292,91788,1458.02,500,100.0,0.4697,0.1956,0.4254,0.9739,1.1029,0.8393
293,92235,717.13,447,58.2,0.3794,0.2275,0.4885,0.7613,0.7672,0.5165
294,92735,1366.12,500,84.8,0.334,0.2433,0.4322,0.934,1.2078,0.7424
295,93223,873.91,488,68.6,0.4169,0.1922,0.4958,0.7326,0.8344,0.5577
296,93610,729.04,387,64.9,0.3152,0.2353,0.4672,0.6937,0.9557,0.6116
297,94110,1030.85,500,69.6,0.3426,0.2063,0.4603,0.7714,0.97,0.6243
298,94604,1244.83,494,83.4,0.3621,0.2166,0.4314,0.8235,1.1039,0.7787
299,95104,1650.8,500,95.6,0.2421,0.1948,0.4172,0.9506,1.5586,0.8364
300,95604,1577.85,500,100.0,0.3604,0.1937,0.4042,0.9851,1.3222,0.8484
301,96104,917.37,500,63.2,0.3103,0.1827,0.452,0.7345,0.9565,0.5117
302,96604,1113.01,500,75.2,0.3733,0.2088,0.4574,0.8301,1.0098,0.6341
303,97104,1448.97,500,100.0,0.4839,0.2145,0.4068,0.9863,0.9983,0.9133
304,97604,1292.08,500,80.8,0.2974,0.1737,0.4407,0.9119,1.2245,0.6398
305,98104,1588.34,500,100.0,0.3454,0.1856,0.4412,0.9773,1.3645,0.835
306,98604,1628.74,500,100.0,0.3058,0.1818,0.42,0.9814,1.4635,0.8126
307,99104,1027.69,500,69.4,0.3229,0.1849,0.458,0.7869,1.0131,0.5614
308,99509,845.47,405,72.8,0.384,0.2186,0.4674,0.7884,0.9899,0.6056
309,100009,1682.91,500,100.0,0.2481,0.1694,0.4284,0.9838,1.6159,0.7661
310,100509,1711.01,500,100.0,0.3178,0.2455,0.4268,0.9846,1.4514,0.986
311,101009,1629.99,500,100.0,0.3322,0.1904,0.4274,0.9729,1.431,0.8561
312,101509,1630.86,500,100.0,0.3239,0.1859,0.4243,0.9822,1.4297,0.8498
313,102009,1318.2,500,88.0,0.4085,0.1975,0.4253,0.956,1.0982,0.7022
314,102509,1618.07,500,100.0,0.3519,0.2178,0.4308,0.9802,1.3572,0.8988
315,103009,1514.39,500,100.0,0.3931,0.2058,0.4297,0.9756,1.2304,0.8227
316,103509,1538.4,500,100.0,0.4058,0.2259,0.4175,0.9818,1.2042,0.8908
317,104009,1521.34,500,100.0,0.2601,0.1011,0.4083,0.9919,1.6177,0.433
318,104509,1597.53,500,100.0,0.3851,0.2375,0.4536,0.9728,1.2736,0.9486
319,105009,1687.06,500,100.0,0.2833,0.2645,0.4198,0.9885,1.5261,0.8596
320,105509,1611.31,500,100.0,0.3022,0.1898,0.4268,0.9819,1.4717,0.769
321,106009,1459.75,500,100.0,0.467,0.2405,0.4436,0.9726,1.073,0.874
322,106509,1169.52,500,94.0,0.5885,0.1734,0.4276,0.9672,0.7508,0.6811
323,107009,1153.4,500,88.2,0.5387,0.1897,0.4227,0.9506,0.7815,0.6926
324,107509,1026.37,500,83.2,0.5933,0.1894,0.4558,0.9093,0.6421,0.6693
325,108009,1282.26,500,94.0,0.4013,0.1117,0.4199,0.9757,1.2136,0.4352
326,108509,1151.78,500,100.0,0.6962,0.1558,0.411,0.9844,0.6855,0.6337
327,109009,1083.15,500,89.6,0.5044,0.095,0.4143,0.9812,0.9358,0.3533
328,109509,1064.77,500,83.8,0.4867,0.1204,0.4313,0.9788,0.9058,0.407
329,110009,1450.55,500,89.4,0.3364,0.2385,0.4308,0.9736,1.2614,0.772
330,110509,1200.71,500,85.6,0.4633,0.1854,0.4312,0.956,0.9912,0.5982
331,111009,1126.39,500,83.6,0.3648,0.086,0.4451,0.9729,1.1217,0.3223
332,111509,1071.01,500,80.4,0.4927,0.1752,0.4467,0.944,0.8655,0.5285
333,112009,816.55,500,72.4,0.5066,0.0606,0.4717,0.9787,0.7226,0.2078
334,112509,1052.62,500,75.0,0.3136,0.1024,0.4402,0.9545,1.0914,0.3094
335,113009,822.94,500,57.2,0.2656,0.0791,0.4704,0.9873,0.8889,0.1977
336,113509,1279.46,500,87.2,0.2622,0.0954,0.4218,0.9737,1.3613,0.352
337,114009,896.17,500,60.4,0.2671,0.1054,0.4233,0.9828,0.952,0.2535
338,114509,1298.02,500,92.8,0.4492,0.1911,0.4292,0.9808,1.0101,0.6772
339,115009,589.12,500,35.6,0.1361,0.1112,0.3999,0.9919,0.6653,0.1651
340,115509,875.66,500,88.0,0.7156,0.1016,0.4591,0.9867,0.5102,0.3744
341,116009,1668.97,500,100.0,0.3141,0.2061,0.4228,0.9949,1.4391,0.904
342,116443,575.77,434,55.5,0.4934,0.187,0.4841,0.8556,0.5618,0.3771
343,116943,1290.32,500,95.2,0.5171,0.1678,0.4226,0.9875,0.9677,0.6734
344,117443,1440.42,500,100.0,0.4648,0.1801,0.42,0.9876,1.0961,0.7971
345,117943,1324.98,500,100.0,0.4702,0.1472,0.4405,0.9592,1.0844,0.6063
346,118443,1375.6,500,100.0,0.5064,0.1846,0.4184,0.9858,0.9501,0.8153
347,118943,1246.95,500,100.0,0.6191,0.1882,0.4115,0.9863,0.7127,0.7949
348,119443,1217.87,500,100.0,0.6178,0.1757,0.417,0.987,0.6935,0.7553
349,119943,1183.0,500,100.0,0.6254,0.1513,0.4152,0.9721,0.743,0.6509
350,120443,1095.46,500,100.0,0.6728,0.1218,0.4178,0.9601,0.688,0.5429
351,120871,732.55,428,77.1,0.5765,0.1518,0.4354,0.803,0.6462,0.5147
352,121371,1511.26,500,100.0,0.4028,0.1991,0.4148,0.9809,1.2091,0.8324
353,121871,879.67,500,80.6,0.6907,0.1394,0.4238,0.9637,0.4996,0.49
354,122371,1110.59,500,77.0,0.4036,0.1799,0.4256,0.9071,0.9358,0.6083
355,122802,706.37,431,67.7,0.537,0.1681,0.4265,0.8907,0.6339,0.46
356,123302,1633.72,500,100.0,0.3379,0.201,0.4107,0.9896,1.3802,0.8976
357,123802,1036.25,500,83.0,0.5464,0.1505,0.444,0.913,0.7745,0.555
358,124302,1505.96,500,100.0,0.4116,0.1809,0.4166,0.9944,1.1989,0.8186
359,124802,1639.69,500,100.0,0.3277,0.1867,0.3985,0.9947,1.4319,0.8529
360,125302,1043.93,500,76.8,0.4571,0.1736,0.4534,0.883,0.8493,0.5875
361,125802,1256.88,500,98.6,0.5689,0.1537,0.419,0.9607,0.8857,0.6814
362,126302,1799.06,500,100.0,0.2111,0.2014,0.4103,0.9873,1.7062,0.9046
363,126802,1305.93,500,100.0,0.5603,0.17,0.3833,0.9775,0.8775,0.7569
364,127302,1080.29,500,100.0,0.6869,0.1267,0.3822,0.9853,0.6099,0.5655
365,127802,1261.58,500,89.4,0.451,0.1663,0.4145,0.9742,0.9863,0.6687
366,128302,1316.92,500,100.0,0.5403,0.1684,0.387,0.9822,0.8975,0.7542
367,128802,1740.71,500,100.0,0.1971,0.1602,0.4005,0.9939,1.7597,0.7279
368,129302,1232.51,500,100.0,0.5706,0.1351,0.3852,0.9932,0.8647,0.607
369,129802,1846.26,500,100.0,0.1233,0.1747,0.4066,0.9956,1.8998,0.7971
370,130302,1254.3,500,100.0,0.5537,0.1298,0.3838,0.991,0.934,0.5837
371,130802,1689.45,500,100.0,0.2627,0.1734,0.3884,0.9867,1.5981,0.7941
372,131302,1687.62,500,100.0,0.2545,0.17,0.4169,0.9942,1.6122,0.7688
373,131802,1754.05,500,100.0,0.2085,0.1685,0.3906,0.9964,1.7434,0.7683
374,132302,1145.98,500,88.6,0.5661,0.1667,0.3995,0.9656,0.7927,0.6477
375,132802,1726.5,500,100.0,0.2757,0.1993,0.3827,0.986,1.5718,0.8952
376,133302,1291.31,500,97.8,0.5388,0.1557,0.3821,0.984,0.9493,0.6713
377,133802,1786.79,500,100.0,0.1904,0.1762,0.3863,0.995,1.7782,0.8004
378,134302,1144.54,500,89.2,0.5661,0.1387,0.392,0.9777,0.8628,0.5565
379,134802,1840.17,500,100.0,0.1979,0.2105,0.3937,0.9919,1.7572,0.9312
380,135302,1725.38,500,100.0,0.246,0.1845,0.4018,0.9944,1.6221,0.8342
381,135802,1122.31,500,79.2,0.472,0.1619,0.4146,0.9784,0.8983,0.5759
382,136302,1712.73,500,100.0,0.2283,0.167,0.3978,0.996,1.6735,0.756
383,136802,1560.07,500,100.0,0.3756,0.191,0.3954,0.9952,1.2706,0.8544
384,137302,1552.81,500,100.0,0.3952,0.1985,0.404,0.9957,1.2226,0.8873
385,137802,1209.22,500,78.8,0.4013,0.1915,0.4222,0.974,1.0269,0.6295
386,138302,1665.47,500,100.0,0.3149,0.194,0.3807,0.9959,1.4663,0.8687
387,138802,1697.94,500,100.0,0.3075,0.2103,0.3873,0.9959,1.4795,0.9205
388,139302,933.22,500,67.6,0.5331,0.1793,0.4407,0.9538,0.7115,0.5252
389,139802,1780.94,500,100.0,0.2432,0.2177,0.3935,0.9944,1.6262,0.9413
390,140302,1833.61,500,100.0,0.192,0.2073,0.3965,0.9963,1.7584,0.9126
391,140802,1161.49,500,80.4,0.4801,0.1719,0.4222,0.9734,0.9274,0.6182
392,141302,1616.07,500,100.0,0.3642,0.2091,0.4007,0.9943,1.3192,0.9186
393,141802,1806.93,500,100.0,0.238,0.248,0.3946,0.9933,1.6504,0.9702
394,142302,1664.37,500,100.0,0.3221,0.2068,0.3924,0.9954,1.4241,0.9092
395,142802,1125.79,500,78.2,0.4499,0.1823,0.4361,0.9318,0.905,0.6328
396,143302,851.35,500,76.2,0.6947,0.1401,0.4413,0.9635,0.5117,0.4655
397,143802,1541.56,500,100.0,0.4309,0.2389,0.4002,0.9923,1.1434,0.9474
398,144302,720.97,500,65.0,0.7352,0.1327,0.4554,0.9603,0.4478,0.3838
399,144802,1901.85,500,100.0,0.165,0.2594,0.4117,0.9957,1.8269,0.9812
400,145302,1632.78,500,100.0,0.3539,0.2129,0.4102,0.9941,1.3418,0.9296
401,145802,1273.26,500,96.8,0.5751,0.1923,0.4363,0.9878,0.7996,0.7911
402,146302,1631.34,500,100.0,0.3435,0.2068,0.4038,0.9939,1.3596,0.9092
403,146802,1356.94,500,82.2,0.3399,0.2502,0.4193,0.9702,1.1567,0.7649
404,147126,573.22,324,74.7,0.5761,0.1992,0.4674,0.8055,0.6437,0.6039
405,147626,1693.6,500,100.0,0.3279,0.2389,0.42,0.991,1.4179,0.9782
406,148126,883.25,500,61.4,0.4172,0.1894,0.4178,0.9648,0.7463,0.4414
407,148626,1615.34,500,100.0,0.3756,0.2257,0.4103,0.9934,1.2852,0.952
408,149126,1432.32,500,100.0,0.4632,0.1814,0.4114,0.99,1.071,0.8037
409,149626,752.85,500,52.2,0.4831,0.197,0.4229,0.9678,0.5998,0.4161
410,150126,690.63,500,41.0,0.304,0.2327,0.3994,0.9678,0.6196,0.3838
411,150626,1736.22,500,100.0,0.2549,0.2044,0.3998,0.9934,1.5817,0.8973
412,151126,1750.84,500,100.0,0.279,0.2289,0.4145,0.9903,1.5472,0.9642
413,151626,1397.33,500,100.0,0.5323,0.2251,0.3912,0.9864,0.9221,0.8862
414,152126,1494.52,500,100.0,0.4575,0.2413,0.3986,0.9889,1.1102,0.89
415,152626,1191.76,500,100.0,0.6275,0.1419,0.4103,0.9891,0.7744,0.62
416,153126,1238.02,500,70.8,0.2216,0.2713,0.4154,0.9681,1.1765,0.6234
417,153626,786.32,500,45.8,0.2823,0.2398,0.4099,0.9773,0.7011,0.4362
418,154126,1783.13,500,100.0,0.2478,0.2157,0.4329,0.994,1.6314,0.9408
419,154626,1197.37,500,88.6,0.5366,0.1864,0.4058,0.9847,0.8086,0.7154
420,155126,1562.27,500,100.0,0.3687,0.1812,0.4088,0.9844,1.3335,0.8067
421,155626,1249.13,500,100.0,0.6242,0.1822,0.4046,0.9907,0.7392,0.7684
422,156126,901.89,500,85.6,0.7515,0.1244,0.394,0.9776,0.5001,0.4701
423,156626,1586.28,500,100.0,0.398,0.2545,0.4256,0.9938,1.227,0.9518
424,157126,761.07,500,74.6,0.7767,0.1122,0.3878,0.9719,0.4366,0.3676
425,157626,991.05,500,77.0,0.5758,0.1431,0.3802,0.967,0.757,0.4882
426,158126,1022.02,500,92.2,0.6799,0.1262,0.3876,0.9826,0.6239,0.5156
427,158626,1316.93,500,100.0,0.5743,0.1985,0.382,0.986,0.8114,0.8364
428,159126,740.53,500,71.2,0.7267,0.1225,0.3924,0.9464,0.4398,0.3829
429,159626,1339.44,500,100.0,0.5392,0.1747,0.3874,0.9909,0.9218,0.7663
430,160126,1380.36,500,100.0,0.5112,0.1757,0.3868,0.9913,1.0028,0.7666
431,160626,1698.7,500,100.0,0.3013,0.212,0.4089,0.9945,1.4763,0.9266
432,161126,1137.73,500,94.6,0.6268,0.1501,0.3938,0.9823,0.7417,0.6055
433,161626,1048.34,500,79.4,0.544,0.1738,0.3916,0.9649,0.7835,0.5543
434,162126,896.37,500,75.8,0.6311,0.1527,0.4038,0.9629,0.6133,0.4586
435,162626,822.43,500,72.2,0.6393,0.1458,0.4158,0.9771,0.4946,0.4512
436,163126,823.74,500,70.2,0.6302,0.1506,0.4105,0.9667,0.5644,0.4143
437,163626,1063.52,500,84.8,0.5862,0.1646,0.4111,0.973,0.7398,0.5663
438,164126,987.61,500,86.2,0.6458,0.1503,0.4005,0.9743,0.5985,0.5404
439,164626,532.88,500,51.6,0.6835,0.1321,0.4108,0.9744,0.3033,0.272
440,165126,1128.14,500,100.0,0.6943,0.1667,0.4057,0.9862,0.5901,0.6799
441,165626,1094.22,500,94.6,0.6411,0.1628,0.4038,0.982,0.5789,0.6816
442,166126,734.08,500,67.4,0.712,0.1627,0.4098,0.9746,0.3755,0.4441
443,166626,714.05,500,54.0,0.4428,0.1482,0.394,0.9741,0.6248,0.2891
444,167126,666.0,500,50.8,0.4483,0.143,0.3743,0.9785,0.5952,0.2503
445,167626,980.8,500,79.4,0.5969,0.1759,0.4015,0.9659,0.645,0.5567
446,168126,788.14,500,61.2,0.5731,0.1996,0.4121,0.9647,0.5338,0.4658
447,168626,839.59,500,75.0,0.6695,0.1608,0.4026,0.9484,0.4605,0.5203
448,169126,659.09,500,60.2,0.662,0.1562,0.4092,0.9575,0.3625,0.3962
449,169626,898.84,500,69.6,0.5698,0.1923,0.4122,0.9616,0.5959,0.5443
450,170126,633.4,500,56.6,0.6922,0.1668,0.4226,0.9449,0.3468,0.4091
451,170626,628.6,500,60.2,0.7066,0.1301,0.4175,0.9716,0.3328,0.3508
452,171126,1415.53,500,100.0,0.5031,0.2226,0.4051,0.9918,0.9463,0.893
453,171626,1023.33,500,80.2,0.5803,0.1842,0.4381,0.9819,0.6574,0.6053
454,172126,785.66,500,48.0,0.3374,0.2245,0.4004,0.986,0.6828,0.4225
455,172626,419.0,500,30.0,0.4618,0.2209,0.3812,0.9542,0.3249,0.2589
456,173126,1624.14,500,100.0,0.3629,0.2294,0.3905,0.994,1.3222,0.9321
457,173626,893.95,500,68.4,0.5172,0.1837,0.4387,0.958,0.6869,0.459
458,174126,1461.92,500,99.0,0.4436,0.2424,0.4039,0.9858,1.1018,0.8463
459,174626,801.95,500,49.4,0.351,0.2478,0.3949,0.9816,0.6739,0.4545
460,175126,1559.91,500,99.4,0.392,0.2213,0.4032,0.9849,1.2701,0.8709
461,175626,814.33,500,57.2,0.4781,0.2251,0.3988,0.9731,0.6129,0.4706
462,176126,535.2,500,39.6,0.4989,0.1941,0.4559,0.9661,0.3867,0.3217
463,176626,1834.3,500,100.0,0.1923,0.2733,0.404,0.9965,1.7749,0.8972
464,177126,1884.69,500,100.0,0.1714,0.2332,0.4274,0.9967,1.8263,0.9464
465,177626,1885.94,500,100.0,0.1203,0.2285,0.4326,0.9968,1.9016,0.8736
466,178126,1796.07,500,100.0,0.229,0.2112,0.3944,0.9954,1.6848,0.9119
467,178626,806.7,500,61.0,0.5385,0.1747,0.4281,0.9792,0.5551,0.4691
468,179126,1811.29,500,100.0,0.2331,0.2241,0.4289,0.9932,1.6723,0.9571
469,179626,1900.9,500,100.0,0.0924,0.2814,0.418,0.9961,1.9365,0.8692
470,180126,1814.0,500,100.0,0.2437,0.2465,0.4046,0.9944,1.6439,0.9897
471,180626,1843.41,500,100.0,0.1724,0.2014,0.4024,0.9954,1.8107,0.8807
472,181126,1798.01,500,100.0,0.2298,0.2061,0.402,0.9955,1.6957,0.9048
473,181626,1614.0,500,100.0,0.3333,0.281,0.4046,0.9938,1.3954,0.8388
474,182126,1744.77,500,100.0,0.2629,0.2044,0.4059,0.9942,1.5924,0.903
475,182626,1917.66,500,100.0,0.0961,0.2046,0.4105,0.9967,1.9375,0.901
476,183126,1931.24,500,100.0,0.0733,0.2071,0.4005,0.9969,1.958,0.9075
477,183626,1743.28,500,100.0,0.2175,0.2863,0.4177,0.9925,1.6662,0.8278
478,184126,1796.48,500,100.0,0.2348,0.2344,0.4101,0.9905,1.6316,0.9709
479,184626,1884.89,500,100.0,0.1716,0.2585,0.4056,0.9955,1.8017,0.9725
480,185126,1899.42,500,100.0,0.0994,0.1984,0.4179,0.9962,1.9247,0.8779
481,185626,1766.82,500,100.0,0.2174,0.2852,0.4205,0.9949,1.7013,0.8374
482,186126,1833.93,500,100.0,0.2171,0.2325,0.4134,0.9927,1.7014,0.9737
483,186626,1765.79,500,100.0,0.2676,0.2515,0.3957,0.9909,1.557,0.9837
484,187126,1949.06,500,100.0,0.1026,0.2508,0.4338,0.9963,1.9253,0.9765
485,187626,1755.75,500,100.0,0.2474,0.1979,0.3795,0.9943,1.6314,0.8859
486,188126,1814.24,500,100.0,0.2074,0.2,0.3783,0.9969,1.7373,0.8943
487,188626,1887.72,500,100.0,0.1158,0.193,0.3873,0.9967,1.9147,0.864
488,189126,1520.99,500,100.0,0.3928,0.1802,0.3946,0.9866,1.2643,0.7911
489,189626,1933.79,500,100.0,0.1032,0.2166,0.4111,0.997,1.9297,0.9409
490,190126,1909.55,500,100.0,0.1216,0.2088,0.4167,0.997,1.9068,0.9153
491,190626,1895.6,500,100.0,0.1685,0.2309,0.408,0.9969,1.828,0.9662
492,191126,1753.8,500,100.0,0.2637,0.2112,0.3893,0.9962,1.5872,0.9242
493,191626,1879.23,500,100.0,0.1035,0.1867,0.4116,0.9972,1.9215,0.8398
494,192126,1586.68,500,100.0,0.3439,0.1836,0.4026,0.9904,1.3735,0.8094
495,192626,1892.41,500,100.0,0.14,0.2082,0.4075,0.997,1.8718,0.916
496,193126,1914.82,500,100.0,0.1229,0.2222,0.4102,0.9966,1.8875,0.9455
497,193626,1867.54,500,100.0,0.1871,0.2197,0.4133,0.9968,1.7838,0.9546
498,194126,1854.97,500,100.0,0.1788,0.2074,0.4137,0.9965,1.8004,0.9131
499,194626,1957.88,500,100.0,0.0773,0.2318,0.4149,0.9967,1.9515,0.9676
500,195126,1915.52,500,100.0,0.129,0.2227,0.4129,0.9969,1.8885,0.9456
501,195626,1858.04,500,100.0,0.1765,0.2078,0.3904,0.9973,1.801,0.9178
502,196126,1678.78,500,100.0,0.312,0.2221,0.3817,0.997,1.447,0.9135
503,196626,1676.32,500,100.0,0.3044,0.2367,0.406,0.985,1.4678,0.8998
504,197126,1906.43,500,100.0,0.1089,0.2073,0.4215,0.9964,1.9044,0.912
505,197626,1895.74,500,100.0,0.1351,0.214,0.4,0.996,1.8693,0.9262
506,198126,1851.19,500,100.0,0.1833,0.2219,0.3955,0.9968,1.7952,0.9103
507,198626,1524.87,500,99.6,0.3981,0.1921,0.4263,0.9592,1.2726,0.8219
508,199126,1729.77,500,100.0,0.2128,0.1747,0.428,0.9943,1.6812,0.784
509,199626,1574.27,500,91.4,0.2665,0.2009,0.4192,0.9916,1.4428,0.8001
