tier,episode,steps,terminated_early,target_offset,init_vel_range,init_ang_range,total_reward,mean_reward,std_reward,visibility_pct,mean_centering_dist,std_centering_dist,mean_fraction,std_fraction,mean_action_mag,mean_action_jerk,mean_r_stability,mean_r_centering,mean_r_scale
easy,1,2000,False,0.2,0.1,0.05,3836.03,1.918,0.5862,100.0,0.7492,0.2139,0.09579,0.04417,0.0751,0.0417,0.9944,0.4703,0.4533
easy,2,2000,False,0.2,0.1,0.05,3262.99,1.6315,0.49,100.0,0.8323,0.1647,0.06577,0.03617,0.0337,0.0264,0.9985,0.312,0.321
easy,3,2000,False,0.2,0.1,0.05,3388.7,1.6943,0.5015,100.0,0.842,0.1806,0.08384,0.03509,0.0427,0.0293,0.9971,0.3048,0.3924
easy,4,2000,False,0.2,0.1,0.05,5570.88,2.7854,0.3213,100.0,0.4955,0.1217,0.17413,0.01426,0.0671,0.0272,0.9956,0.9746,0.8152
easy,5,666,True,0.2,0.1,0.05,1398.36,2.0996,0.8927,100.0,0.6334,0.2758,0.10134,0.05908,0.184,0.1393,0.8942,0.7317,0.4887
easy,6,2000,False,0.2,0.1,0.05,6089.02,3.0445,0.362,100.0,0.4212,0.1389,0.18843,0.01469,0.073,0.0421,0.9951,1.1778,0.8716
easy,7,2000,False,0.2,0.1,0.05,6138.41,3.0692,0.37,100.0,0.4313,0.1343,0.20524,0.01754,0.0535,0.0279,0.9959,1.1492,0.9241
easy,8,2000,False,0.2,0.1,0.05,3770.75,1.8854,0.7276,97.3,0.7238,0.2458,0.08372,0.04966,0.0825,0.043,0.9933,0.5251,0.394
easy,9,2000,False,0.2,0.1,0.05,5014.18,2.5071,0.6243,100.0,0.4953,0.2295,0.10595,0.02528,0.0423,0.0352,0.9976,1.0202,0.4893
easy,10,790,True,0.2,0.1,0.05,1964.04,2.4861,0.782,100.0,0.4613,0.1978,0.10631,0.04637,0.1036,0.0382,0.9143,1.0848,0.4997
easy,11,595,True,0.2,0.1,0.05,1539.33,2.5871,0.9078,100.0,0.4243,0.1957,0.11536,0.05894,0.1128,0.0493,0.8987,1.1605,0.5447
easy,12,642,True,0.2,0.1,0.05,1565.2,2.438,0.8841,100.0,0.4432,0.2624,0.09543,0.04825,0.1625,0.1126,0.8837,1.1171,0.4528
easy,13,1633,True,0.2,0.1,0.05,3178.34,1.9463,0.6084,100.0,0.6879,0.2437,0.08079,0.04021,0.1269,0.045,0.9731,0.595,0.3844
easy,14,1950,True,0.2,0.1,0.05,3368.23,1.7273,0.6041,99.3,0.7471,0.2178,0.06437,0.04061,0.1017,0.0668,0.9535,0.4682,0.3179
easy,15,1020,True,0.2,0.1,0.05,2002.23,1.963,0.7666,100.0,0.6684,0.2391,0.0861,0.04681,0.1926,0.2491,0.9336,0.6291,0.4101
easy,16,2000,False,0.2,0.1,0.05,3986.33,1.9932,0.4415,100.0,0.7369,0.1635,0.11969,0.02535,0.0837,0.0267,0.9961,0.4412,0.5559
easy,17,2000,False,0.2,0.1,0.05,4442.91,2.2215,0.8932,95.8,0.5485,0.3344,0.07778,0.05523,0.1344,0.1583,0.9922,0.9107,0.361
easy,18,673,True,0.2,0.1,0.05,1813.73,2.695,0.9082,100.0,0.4142,0.2161,0.13049,0.06013,0.1682,0.1651,0.8955,1.2011,0.6132
easy,19,623,True,0.2,0.1,0.05,1517.15,2.4352,0.8541,100.0,0.4719,0.2054,0.10641,0.05505,0.1246,0.0486,0.8955,1.0551,0.5007
easy,20,2000,False,0.2,0.1,0.05,4821.46,2.4107,0.3064,100.0,0.5518,0.1139,0.12759,0.03291,0.0748,0.0548,0.998,0.8242,0.5885
easy,21,2000,False,0.2,0.1,0.05,3693.06,1.8465,0.5631,100.0,0.7323,0.2261,0.07013,0.03467,0.0525,0.0375,0.9966,0.5107,0.3392
easy,22,2000,False,0.2,0.1,0.05,4635.15,2.3176,0.4465,100.0,0.5255,0.1575,0.08788,0.02953,0.0653,0.0534,0.9977,0.915,0.4049
easy,23,815,True,0.2,0.1,0.05,1932.73,2.3714,0.8428,100.0,0.5086,0.224,0.11045,0.05359,0.1333,0.0727,0.9083,0.9583,0.5171
easy,24,2000,False,0.2,0.1,0.05,3841.18,1.9206,0.5903,100.0,0.7573,0.1835,0.1062,0.04893,0.0624,0.0327,0.9967,0.4356,0.4882
easy,25,2000,False,0.2,0.1,0.05,3864.68,1.9323,0.782,92.6,0.6766,0.2077,0.10688,0.04355,0.1355,0.0534,0.988,0.554,0.4644
easy,26,2000,False,0.2,0.1,0.05,5253.96,2.627,0.57,100.0,0.5282,0.1961,0.15009,0.03393,0.0648,0.0308,0.9957,0.9285,0.7028
easy,27,617,True,0.2,0.1,0.05,1692.68,2.7434,0.8978,100.0,0.4048,0.1826,0.13853,0.0636,0.1335,0.083,0.8884,1.2227,0.6485
easy,28,2000,False,0.2,0.1,0.05,3987.04,1.9935,0.6475,100.0,0.6841,0.2409,0.08572,0.03653,0.0488,0.0366,0.9955,0.5985,0.3994
easy,29,2000,False,0.2,0.1,0.05,6203.57,3.1018,0.2269,100.0,0.3935,0.0948,0.18159,0.01377,0.0528,0.0363,0.9977,1.258,0.846
easy,30,2000,False,0.2,0.1,0.05,3307.12,1.6536,0.5023,100.0,0.8614,0.199,0.07526,0.03163,0.0375,0.0229,0.9975,0.301,0.355
easy,31,2000,False,0.2,0.1,0.05,4342.23,2.1711,0.5933,100.0,0.6162,0.2063,0.10176,0.03614,0.0637,0.0485,0.996,0.7051,0.47
easy,32,2000,False,0.2,0.1,0.05,5146.65,2.5733,0.715,100.0,0.5612,0.233,0.15786,0.05446,0.0765,0.0303,0.9954,0.8616,0.7163
easy,33,2000,False,0.2,0.1,0.05,3959.59,1.9798,0.6775,100.0,0.7216,0.2554,0.09299,0.04508,0.058,0.0431,0.9936,0.5487,0.4375
easy,34,2000,False,0.2,0.1,0.05,5964.56,2.9823,0.3777,100.0,0.464,0.1409,0.20557,0.01705,0.0731,0.0264,0.9947,1.062,0.9255
easy,35,2000,False,0.2,0.1,0.05,5088.91,2.5445,0.6017,100.0,0.5693,0.1893,0.15677,0.04852,0.0663,0.0325,0.996,0.8242,0.7243
easy,36,2000,False,0.2,0.1,0.05,6048.03,3.024,0.3133,100.0,0.3952,0.1185,0.16601,0.01375,0.0614,0.0236,0.9973,1.247,0.7798
easy,37,599,True,0.2,0.1,0.05,1437.04,2.3991,0.8575,100.0,0.4725,0.2144,0.09988,0.05229,0.1298,0.0784,0.9009,1.0413,0.4737
easy,38,2000,False,0.2,0.1,0.05,3996.98,1.9985,0.7018,99.2,0.6898,0.2571,0.08865,0.04735,0.0868,0.0455,0.9938,0.5957,0.4174
easy,39,2000,False,0.2,0.1,0.05,5865.49,2.9327,0.3413,100.0,0.4283,0.1308,0.16509,0.01019,0.0619,0.0276,0.996,1.1598,0.777
easy,40,1192,True,0.2,0.1,0.05,2014.62,1.6901,0.8269,89.8,0.7205,0.2157,0.08376,0.05666,0.2194,0.1218,0.9531,0.4732,0.3746
easy,41,2000,False,0.2,0.1,0.05,6330.88,3.1654,0.3289,100.0,0.403,0.1241,0.21116,0.01193,0.0675,0.0472,0.9962,1.2245,0.9448
easy,42,2000,False,0.2,0.1,0.05,3889.25,1.9446,0.7705,93.7,0.6734,0.2005,0.10546,0.04365,0.1434,0.1077,0.9849,0.5589,0.4638
easy,43,2000,False,0.2,0.1,0.05,3394.51,1.6973,0.5164,100.0,0.8385,0.192,0.08169,0.03465,0.0417,0.0281,0.9972,0.3162,0.3838
easy,44,2000,False,0.2,0.1,0.05,3948.31,1.9742,0.546,100.0,0.6885,0.1976,0.08816,0.03084,0.069,0.0307,0.997,0.5681,0.409
easy,45,667,True,0.2,0.1,0.05,1796.83,2.6939,0.8953,100.0,0.4239,0.212,0.13905,0.05997,0.1037,0.0284,0.8842,1.1715,0.6531
easy,46,2000,False,0.2,0.1,0.05,3754.01,1.877,0.4931,100.0,0.7404,0.2077,0.08487,0.0288,0.0589,0.0455,0.9954,0.4863,0.3953
easy,47,2000,False,0.2,0.1,0.05,3564.27,1.7821,0.5111,100.0,0.7863,0.172,0.08587,0.04002,0.0474,0.0279,0.9978,0.3838,0.4006
easy,48,2000,False,0.2,0.1,0.05,4050.49,2.0252,0.6652,100.0,0.6692,0.2674,0.07824,0.03979,0.0598,0.0496,0.9944,0.6585,0.3724
easy,49,757,True,0.2,0.1,0.05,1891.92,2.4992,0.889,100.0,0.4798,0.2422,0.12425,0.06072,0.1351,0.0886,0.8916,1.0413,0.5795
easy,50,2000,False,0.2,0.1,0.05,3604.31,1.8022,0.6899,100.0,0.7857,0.234,0.08313,0.04432,0.0455,0.0236,0.9965,0.4126,0.393
medium,51,747,True,0.6,0.25,0.1,1324.1,1.7726,0.5798,100.0,0.7039,0.2663,0.04529,0.02144,0.1308,0.0871,0.9297,0.6158,0.2404
medium,52,2000,False,0.6,0.25,0.1,4218.56,2.1093,0.5892,100.0,0.6121,0.2465,0.07845,0.01415,0.0543,0.0521,0.9968,0.7499,0.3626
medium,53,2000,False,0.6,0.25,0.1,2852.28,1.4261,0.4631,95.3,0.8746,0.1584,0.04726,0.03062,0.1225,0.0779,0.99,0.2406,0.2421
medium,54,1834,True,0.6,0.25,0.1,3724.0,2.0305,0.6958,99.2,0.6707,0.2359,0.0972,0.04828,0.1164,0.055,0.9594,0.6245,0.4597
medium,55,682,True,0.6,0.25,0.1,1304.67,1.913,0.5961,100.0,0.6612,0.2403,0.07541,0.02518,0.2781,0.38,0.905,0.6667,0.356
medium,56,450,True,0.6,0.25,0.1,530.61,1.1791,1.1217,70.7,0.6423,0.4097,0.02578,0.01924,0.4065,0.0803,0.7705,0.5969,0.1273
medium,57,475,True,0.6,0.25,0.1,829.21,1.7457,0.5818,100.0,0.6958,0.1873,0.06745,0.02627,0.1883,0.1312,0.8917,0.5507,0.3243
medium,58,797,True,0.6,0.25,0.1,1581.93,1.9849,0.7007,100.0,0.6651,0.2637,0.08444,0.03425,0.2127,0.2507,0.9188,0.6774,0.4012
medium,59,2000,False,0.6,0.25,0.1,2919.3,1.4597,0.212,98.2,0.8824,0.0285,0.06185,0.01145,0.0732,0.0778,0.9969,0.1916,0.2892
medium,60,488,True,0.6,0.25,0.1,688.88,1.4116,0.9387,83.6,0.7057,0.2819,0.01919,0.01428,0.2497,0.0666,0.9473,0.5147,0.134
medium,61,2000,False,0.6,0.25,0.1,3550.34,1.7752,0.6271,98.9,0.7731,0.2379,0.07344,0.03643,0.0799,0.0688,0.9928,0.4424,0.3509
medium,62,1624,True,0.6,0.25,0.1,3339.68,2.0565,0.5811,99.6,0.6008,0.1806,0.07946,0.02025,0.0847,0.0323,0.9695,0.7285,0.3683
medium,63,1131,True,0.6,0.25,0.1,1918.83,1.6966,0.7395,93.8,0.6898,0.2117,0.05654,0.03668,0.1986,0.1809,0.9442,0.5496,0.2736
medium,64,650,True,0.6,0.25,0.1,1376.18,2.1172,0.6323,100.0,0.5676,0.2031,0.07705,0.02878,0.1966,0.1878,0.9143,0.8531,0.3652
medium,65,1563,True,0.6,0.25,0.1,3344.95,2.1401,0.4957,100.0,0.5902,0.173,0.08378,0.0256,0.0979,0.0634,0.9917,0.7636,0.3912
medium,66,499,True,0.6,0.25,0.1,1094.43,2.1933,0.7918,100.0,0.6013,0.1975,0.11908,0.05726,0.1709,0.0805,0.888,0.7595,0.5658
medium,67,579,True,0.6,0.25,0.1,1297.65,2.2412,0.6895,100.0,0.5943,0.2327,0.12158,0.0505,0.1443,0.0962,0.8722,0.8081,0.5782
medium,68,1238,True,0.6,0.25,0.1,2215.61,1.7897,0.6481,100.0,0.7413,0.2778,0.07051,0.02927,0.2145,0.3067,0.9363,0.5226,0.3388
medium,69,283,True,0.6,0.25,0.1,460.26,1.6264,0.9104,100.0,0.6793,0.3434,0.01474,0.00378,0.259,0.0782,0.8047,0.7104,0.1465
medium,70,545,True,0.6,0.25,0.1,916.94,1.6825,0.5885,100.0,0.6765,0.2152,0.03537,0.01212,0.1708,0.0731,0.8818,0.6147,0.2043
medium,71,2000,False,0.6,0.25,0.1,4584.08,2.292,0.2218,100.0,0.5266,0.0997,0.08749,0.00659,0.016,0.0142,0.9992,0.8926,0.4003
medium,72,2000,False,0.6,0.25,0.1,4300.93,2.1505,0.5259,99.8,0.5533,0.202,0.06388,0.00671,0.0598,0.0386,0.9965,0.8555,0.3004
medium,73,2000,False,0.6,0.25,0.1,3743.82,1.8719,0.369,100.0,0.7098,0.1632,0.07995,0.01916,0.0885,0.045,0.995,0.5062,0.3707
medium,74,2000,False,0.6,0.25,0.1,3223.18,1.6116,0.4161,100.0,0.8432,0.1718,0.06632,0.03399,0.0918,0.1209,0.9948,0.2939,0.3229
medium,75,2000,False,0.6,0.25,0.1,3987.73,1.9939,0.5041,100.0,0.6968,0.2048,0.09588,0.03313,0.1131,0.119,0.9931,0.5509,0.4498
medium,76,630,True,0.6,0.25,0.1,1356.44,2.1531,0.6181,100.0,0.5598,0.1777,0.08764,0.0376,0.1877,0.1758,0.9059,0.847,0.416
medium,77,833,True,0.6,0.25,0.1,1525.65,1.8315,0.6125,100.0,0.6915,0.2225,0.07343,0.03428,0.1542,0.1147,0.8992,0.5896,0.3547
medium,78,1671,True,0.6,0.25,0.1,3757.96,2.2489,0.4249,100.0,0.5523,0.1284,0.09138,0.03017,0.0999,0.0646,0.9948,0.8344,0.4257
medium,79,2000,False,0.6,0.25,0.1,4123.92,2.062,0.4969,100.0,0.6226,0.2014,0.07845,0.01575,0.0793,0.0833,0.9958,0.7029,0.3633
medium,80,2000,False,0.6,0.25,0.1,3281.85,1.6409,0.9243,79.5,0.6324,0.1457,0.09263,0.02787,0.1671,0.2293,0.9934,0.5095,0.343
medium,81,2000,False,0.6,0.25,0.1,3905.64,1.9528,0.2656,100.0,0.6699,0.1304,0.08548,0.01645,0.0559,0.0466,0.9967,0.5621,0.3939
medium,82,780,True,0.6,0.25,0.1,1191.18,1.5272,0.6699,91.3,0.7155,0.1542,0.04203,0.01587,0.1702,0.0569,0.9785,0.4418,0.2068
medium,83,792,True,0.6,0.25,0.1,1385.53,1.7494,0.9088,92.4,0.6598,0.2802,0.06615,0.03153,0.1693,0.0845,0.9063,0.6326,0.2989
medium,84,2000,False,0.6,0.25,0.1,3559.49,1.7797,0.4107,100.0,0.7423,0.1814,0.06829,0.02816,0.0779,0.0853,0.9967,0.4542,0.3289
medium,85,2000,False,0.6,0.25,0.1,3556.53,1.7783,0.3923,100.0,0.7209,0.1672,0.06163,0.01652,0.0696,0.085,0.9963,0.4863,0.2956
medium,86,2000,False,0.6,0.25,0.1,5537.69,2.7688,0.7842,100.0,0.4627,0.2583,0.15178,0.04918,0.0657,0.0632,0.9968,1.0897,0.6824
medium,87,1553,True,0.6,0.25,0.1,3356.06,2.161,0.864,98.1,0.6403,0.2258,0.12382,0.07663,0.1141,0.0626,0.9581,0.6833,0.5447
medium,88,780,True,0.6,0.25,0.1,1724.02,2.2103,0.755,100.0,0.5442,0.2298,0.08221,0.03149,0.1043,0.0451,0.9424,0.8916,0.3892
medium,89,855,True,0.6,0.25,0.1,1977.76,2.3132,0.903,100.0,0.5335,0.3277,0.08997,0.04392,0.1018,0.0474,0.9169,0.9752,0.4328
medium,90,346,True,0.6,0.25,0.1,551.11,1.5928,0.7236,100.0,0.7124,0.3148,0.01115,0.00538,0.2636,0.1261,0.8299,0.6534,0.1384
medium,91,2000,False,0.6,0.25,0.1,3726.75,1.8634,0.635,100.0,0.7691,0.2435,0.08996,0.03217,0.0909,0.0947,0.995,0.4479,0.4204
medium,92,2000,False,0.6,0.25,0.1,3909.67,1.9548,0.1051,100.0,0.6333,0.0708,0.07348,0.01767,0.0274,0.0139,0.999,0.6132,0.3426
medium,93,1121,True,0.6,0.25,0.1,2663.99,2.3764,0.6264,99.6,0.4838,0.202,0.0861,0.02255,0.124,0.04,0.9857,1.0047,0.3985
medium,94,1098,True,0.6,0.25,0.1,1602.76,1.4597,1.0725,78.8,0.7134,0.2234,0.07793,0.04222,0.1652,0.1255,0.9525,0.4309,0.2976
medium,95,2000,False,0.6,0.25,0.1,3742.03,1.871,0.7012,100.0,0.7509,0.2665,0.07924,0.03886,0.0827,0.088,0.9942,0.496,0.3809
medium,96,2000,False,0.6,0.25,0.1,4856.2,2.4281,0.2411,100.0,0.4852,0.1144,0.09177,0.03099,0.0807,0.0299,0.997,1.0066,0.4245
medium,97,313,True,0.6,0.25,0.1,512.07,1.636,0.7404,100.0,0.6849,0.3232,0.01634,0.00698,0.2527,0.1011,0.8055,0.7115,0.1509
medium,98,1683,True,0.6,0.25,0.1,3088.17,1.8349,0.5739,100.0,0.6995,0.1977,0.0727,0.02876,0.0857,0.0742,0.9535,0.5409,0.3464
medium,99,2000,False,0.6,0.25,0.1,3826.5,1.9132,0.6302,93.8,0.6212,0.1853,0.07276,0.02066,0.1068,0.0581,0.9943,0.6611,0.3204
medium,100,1846,True,0.6,0.25,0.1,4154.95,2.2508,0.5494,100.0,0.5382,0.185,0.08417,0.02041,0.1255,0.1609,0.9704,0.8954,0.3904
hard,101,635,True,1.0,0.35,0.15,650.89,1.025,0.9426,74.0,0.8414,0.2979,0.03441,0.01398,0.3365,0.0855,0.8566,0.2945,0.1496
hard,102,959,True,1.0,0.35,0.15,1756.55,1.8317,0.5674,98.6,0.7076,0.2259,0.0814,0.02992,0.1331,0.1112,0.9261,0.55,0.3796
hard,103,660,True,1.0,0.35,0.15,1437.23,2.1776,0.7424,97.3,0.5735,0.201,0.09356,0.03274,0.1884,0.0697,0.9815,0.811,0.4275
hard,104,312,True,1.0,0.35,0.15,334.38,1.0717,1.3786,61.9,0.4704,0.2583,0.02378,0.00573,0.3916,0.0454,0.6974,0.6829,0.1049
hard,105,415,True,1.0,0.35,0.15,435.41,1.0492,1.5459,52.5,0.2936,0.2485,0.01847,0.00909,0.3119,0.0596,0.6634,0.8022,0.0823
hard,106,553,True,1.0,0.35,0.15,586.86,1.0612,0.9293,72.2,0.7993,0.3256,0.02837,0.01464,0.3249,0.0765,0.8589,0.3654,0.1334
hard,107,313,True,1.0,0.35,0.15,366.64,1.1714,0.953,78.3,0.7,0.3045,0.03331,0.01584,0.369,0.0498,0.7561,0.5082,0.1563
hard,108,371,True,1.0,0.35,0.15,512.14,1.3804,1.277,70.6,0.4135,0.3076,0.03239,0.01338,0.361,0.0574,0.708,0.8548,0.1384
hard,109,377,True,1.0,0.35,0.15,311.51,0.8263,1.0183,65.0,0.9427,0.3887,0.02058,0.01689,0.4497,0.165,0.8261,0.2696,0.1073
hard,110,214,True,1.0,0.35,0.15,195.92,0.9155,1.3967,65.9,0.549,0.3316,0.04398,0.02122,0.4803,0.0755,0.5004,0.6476,0.1554
hard,111,292,True,1.0,0.35,0.15,564.02,1.9316,1.449,71.6,0.1858,0.2295,0.02625,0.00971,0.3711,0.0531,0.8598,1.2635,0.1268
hard,112,2000,False,1.0,0.35,0.15,3618.58,1.8093,0.2217,99.7,0.6921,0.1391,0.06276,0.01042,0.0425,0.0419,0.9985,0.5177,0.2966
hard,113,2000,False,1.0,0.35,0.15,3331.09,1.6655,0.4143,96.5,0.7264,0.1969,0.04463,0.01166,0.0792,0.0309,0.9959,0.4795,0.2251
hard,114,345,True,1.0,0.35,0.15,315.74,0.9152,1.087,66.1,0.629,0.2548,0.01523,0.0066,0.3004,0.1434,0.6918,0.4936,0.0979
hard,115,315,True,1.0,0.35,0.15,558.58,1.7733,1.346,72.7,0.2543,0.2071,0.02468,0.00836,0.3341,0.0423,0.7802,1.1724,0.1255
hard,116,611,True,1.0,0.35,0.15,742.43,1.2151,0.729,84.5,0.8526,0.2538,0.04162,0.01572,0.2606,0.0863,0.8894,0.3074,0.1902
hard,117,320,True,1.0,0.35,0.15,274.05,0.8564,1.131,64.1,0.6738,0.2928,0.0312,0.01672,0.4143,0.138,0.675,0.4478,0.1243
hard,118,336,True,1.0,0.35,0.15,440.49,1.311,0.9111,83.9,0.665,0.2488,0.03098,0.01309,0.3056,0.0585,0.782,0.5586,0.1609
hard,119,467,True,1.0,0.35,0.15,492.15,1.0539,1.1312,73.2,0.7822,0.3726,0.03544,0.02213,0.3476,0.0601,0.7778,0.4116,0.1535
hard,120,750,True,1.0,0.35,0.15,1268.73,1.6916,0.5918,99.5,0.7082,0.2875,0.0415,0.01683,0.1429,0.0381,0.8869,0.5992,0.2242
hard,121,320,True,1.0,0.35,0.15,592.91,1.8528,1.2809,75.9,0.3566,0.1791,0.02761,0.00996,0.3257,0.0404,0.9298,1.0575,0.1375
hard,122,330,True,1.0,0.35,0.15,394.12,1.1943,1.0634,72.1,0.5505,0.2481,0.01745,0.00751,0.3262,0.0912,0.72,0.6725,0.1109
hard,123,895,True,1.0,0.35,0.15,1115.21,1.246,0.5055,94.7,0.9165,0.1949,0.02493,0.01525,0.1736,0.1101,0.9228,0.2204,0.1665
hard,124,261,True,1.0,0.35,0.15,354.19,1.357,1.5385,65.1,0.3768,0.322,0.03403,0.01403,0.3875,0.0847,0.725,0.8881,0.1309
hard,125,799,True,1.0,0.35,0.15,1604.12,2.0077,0.8221,95.0,0.558,0.2488,0.04387,0.01699,0.3352,0.3588,0.9838,0.865,0.2215
hard,126,315,True,1.0,0.35,0.15,352.25,1.1183,1.011,74.9,0.6067,0.2471,0.01876,0.00886,0.2894,0.0901,0.6865,0.5964,0.1179
hard,127,790,True,1.0,0.35,0.15,1208.59,1.5299,0.8304,85.3,0.7187,0.2333,0.05702,0.03683,0.3681,0.3868,0.9717,0.47,0.2476
hard,128,462,True,1.0,0.35,0.15,632.03,1.368,0.7527,89.4,0.7979,0.2626,0.04719,0.01745,0.3187,0.1598,0.8817,0.3955,0.2185
hard,129,416,True,1.0,0.35,0.15,789.09,1.8968,0.8154,97.8,0.5897,0.3576,0.03732,0.01976,0.247,0.1256,0.8235,0.9098,0.2093
hard,130,208,True,1.0,0.35,0.15,299.74,1.4411,1.3125,66.8,0.3991,0.1907,0.02792,0.01356,0.3677,0.0701,0.8376,0.8609,0.1224
hard,131,396,True,1.0,0.35,0.15,527.86,1.333,0.8228,91.2,0.8014,0.3019,0.04083,0.01845,0.2413,0.0628,0.8244,0.4179,0.2043
hard,132,509,True,1.0,0.35,0.15,553.82,1.0881,0.7232,84.1,0.9148,0.2588,0.02054,0.01386,0.3982,0.1217,0.8887,0.2406,0.1375
hard,133,2000,False,1.0,0.35,0.15,4833.87,2.4169,0.9385,97.0,0.5524,0.2725,0.14306,0.08705,0.0792,0.0372,0.9941,0.8803,0.5721
hard,134,967,True,1.0,0.35,0.15,1291.53,1.3356,0.9294,80.9,0.6919,0.2026,0.05193,0.01612,0.2049,0.0359,0.8824,0.4445,0.2103
hard,135,642,True,1.0,0.35,0.15,617.36,0.9616,0.7968,77.9,0.8961,0.2453,0.01717,0.00836,0.3437,0.1018,0.8452,0.2338,0.1194
hard,136,806,True,1.0,0.35,0.15,1608.84,1.9961,0.6174,98.4,0.6114,0.1892,0.08538,0.02489,0.1578,0.1633,0.9178,0.7148,0.392
hard,137,664,True,1.0,0.35,0.15,654.9,0.9863,0.7747,76.5,0.8778,0.2142,0.01923,0.01433,0.3704,0.135,0.8855,0.2281,0.1227
hard,138,227,True,1.0,0.35,0.15,345.75,1.5231,1.3968,64.8,0.3396,0.2217,0.02528,0.01138,0.3199,0.0642,0.8623,0.9439,0.1134
hard,139,646,True,1.0,0.35,0.15,1215.5,1.8816,0.7733,98.1,0.6794,0.2732,0.07475,0.04671,0.1796,0.098,0.9167,0.6352,0.3638
hard,140,798,True,1.0,0.35,0.15,1442.14,1.8072,0.6683,97.9,0.6772,0.2462,0.06282,0.01802,0.1318,0.0747,0.9231,0.6233,0.2946
hard,141,1371,True,1.0,0.35,0.15,-20.33,-0.0148,0.4204,3.7,0.8006,0.187,0.08758,0.04191,0.1884,0.0743,0.9257,0.0139,0.0156
hard,142,293,True,1.0,0.35,0.15,336.37,1.148,1.0407,75.8,0.6889,0.3667,0.03208,0.01403,0.3823,0.0543,0.7148,0.5617,0.1479
hard,143,1033,True,1.0,0.35,0.15,1548.9,1.4994,0.7608,87.7,0.6943,0.1965,0.04639,0.01909,0.197,0.0467,0.9345,0.4848,0.2128
hard,144,271,True,1.0,0.35,0.15,315.54,1.1644,1.1268,69.0,0.5303,0.294,0.01973,0.00875,0.3132,0.0836,0.7209,0.6801,0.1103
hard,145,293,True,1.0,0.35,0.15,337.56,1.1521,1.1282,69.6,0.5692,0.3037,0.02987,0.01462,0.3681,0.0485,0.717,0.6413,0.1317
hard,146,1178,True,1.0,0.35,0.15,1439.02,1.2216,1.0104,69.9,0.668,0.1894,0.04568,0.01514,0.1851,0.0898,0.9385,0.4255,0.1666
hard,147,331,True,1.0,0.35,0.15,385.17,1.1636,0.9101,81.6,0.8117,0.3774,0.03597,0.01641,0.3437,0.058,0.7607,0.4478,0.1696
hard,148,566,True,1.0,0.35,0.15,810.32,1.4317,0.5783,96.8,0.862,0.2617,0.05332,0.02289,0.1736,0.0838,0.8808,0.3399,0.2604
hard,149,369,True,1.0,0.35,0.15,448.74,1.2161,0.8368,82.7,0.7204,0.2819,0.03065,0.01254,0.3024,0.0558,0.7574,0.5018,0.1575
hard,150,353,True,1.0,0.35,0.15,521.31,1.4768,0.7146,100.0,0.8637,0.3712,0.02496,0.01156,0.1619,0.0897,0.8574,0.4733,0.1743
