tier,episode,steps,terminated_early,total_reward,visibility_pct,mean_centering_dist,mean_fraction,mean_action_mag,mean_action_jerk,mean_r_stability,mean_r_centering,mean_r_scale,mean_r_vel_damp,mean_r_smooth,checkpoint
easy,1,2000,False,6102.79,100.0,0.3791,0.15844,0.2357,0.4497,0.9986,1.6954,0.7407,0.4969,-0.3804,100000
easy,2,1096,True,771.15,46.7,0.716,0.11203,0.3388,0.0868,0.8794,0.3609,0.2397,0.2729,-0.0574,100000
easy,3,2000,False,1472.28,26.9,0.4804,0.18952,0.1122,0.0227,0.9668,0.3612,0.2238,0.4074,-0.0077,100000
easy,4,1523,True,348.97,15.4,0.5319,0.14347,0.1211,0.0169,0.954,0.1553,0.0967,0.3589,-0.0039,100000
easy,5,2000,False,2916.88,66.1,0.658,0.10266,0.1514,0.0707,0.948,0.6521,0.317,0.3873,-0.0312,100000
easy,6,2000,False,5541.63,100.0,0.4759,0.15208,0.058,0.0478,0.9979,1.0798,0.7057,0.4932,-0.0067,100000
easy,7,2000,False,5772.34,100.0,0.4485,0.14682,0.043,0.0462,0.9991,1.2314,0.6752,0.4945,-0.0148,100000
easy,8,2000,False,2791.9,47.5,0.5137,0.16626,0.1396,0.0658,0.9745,0.7134,0.3454,0.4117,-0.0347,100000
easy,9,1567,True,527.02,17.9,0.5339,0.12929,0.1349,0.0251,0.9457,0.2152,0.1023,0.3857,-0.0093,100000
easy,10,927,True,1949.66,99.1,0.6399,0.15439,0.1511,0.0455,0.9686,0.547,0.6946,0.441,-0.01,100000
medium,11,334,True,122.94,68.3,0.9749,0.07372,0.3972,0.0654,0.7643,0.0151,0.2428,0.1221,-0.0306,100000
medium,12,784,True,1699.58,92.3,0.5733,0.09509,0.1963,0.1009,0.947,1.0425,0.4185,0.3942,-0.0615,100000
medium,13,2000,False,3991.06,98.2,0.611,0.10362,0.1717,0.2266,0.9914,0.8421,0.4687,0.4186,-0.212,100000
medium,14,1818,True,1554.51,59.1,0.6542,0.0811,0.2099,0.1862,0.9426,0.466,0.23,0.3317,-0.2249,100000
medium,15,2000,False,1495.36,47.9,0.727,0.116,0.1376,0.0249,0.9433,0.1662,0.257,0.3839,-0.004,100000
medium,16,2000,False,1872.38,43.0,0.6113,0.10353,0.1222,0.0394,0.9743,0.4179,0.2103,0.4167,-0.022,100000
medium,17,478,True,996.29,88.1,0.595,0.16393,0.2849,0.0573,0.8486,0.9022,0.6185,0.3411,-0.0203,100000
medium,18,2000,False,9109.18,100.0,0.2131,0.10678,0.0375,0.0184,0.9968,3.0848,0.4933,0.4837,-0.0025,100000
medium,19,2000,False,5582.46,100.0,0.5092,0.18207,0.0713,0.0393,0.9905,1.0095,0.8207,0.4814,-0.0058,100000
medium,20,1599,True,-231.0,7.1,1.0146,0.04143,0.1539,0.026,0.905,0.001,0.0163,0.3398,-0.0178,100000
hard,21,1639,True,445.52,22.9,0.7023,0.106,0.1182,0.025,0.9569,0.0872,0.1121,0.3861,-0.0142,100000
hard,22,1374,True,-95.46,6.1,0.9298,0.09762,0.1092,0.0149,0.946,0.0024,0.029,0.38,-0.005,100000
hard,23,1258,True,-3.21,14.5,1.0746,0.03691,0.1342,0.0355,0.971,0.0016,0.0319,0.3804,-0.0368,100000
hard,24,1383,True,-173.09,3.5,1.1677,0.01178,0.1047,0.0285,0.9503,0.0002,0.0051,0.3892,-0.0214,100000
hard,25,2000,False,5687.05,97.3,0.4288,0.11607,0.0849,0.07,0.9938,1.3919,0.5173,0.4794,-0.0155,100000
hard,26,496,True,485.33,83.5,0.8414,0.10088,0.2934,0.0816,0.8957,0.1526,0.4065,0.2971,-0.0498,100000
hard,27,1331,True,-152.77,2.1,1.14,0.01053,0.0912,0.0185,0.9638,0.0001,0.0029,0.4015,-0.0144,100000
hard,28,1402,True,-163.22,1.6,1.2271,0.01023,0.0917,0.0144,0.9642,0.0,0.0022,0.3996,-0.0095,100000
hard,29,1592,True,76.64,18.5,0.8877,0.05699,0.1396,0.0211,0.9373,0.0108,0.0552,0.3418,-0.0068,100000
hard,30,999,True,839.85,70.6,0.7672,0.07327,0.2366,0.071,0.905,0.1986,0.2472,0.2975,-0.0414,100000
easy,1,2000,False,9374.13,100.0,0.2121,0.20459,0.1137,0.1971,0.9986,3.0086,0.894,0.496,-0.2085,200000
easy,2,2000,False,4185.71,70.5,0.4264,0.11639,0.0994,0.0607,0.9598,1.1248,0.377,0.4407,-0.0299,200000
easy,3,2000,False,9127.06,100.0,0.2565,0.23294,0.0643,0.1056,0.9993,2.6969,0.9537,0.4975,-0.0839,200000
easy,4,2000,False,4442.07,60.7,0.357,0.14797,0.0986,0.0247,0.9567,1.3079,0.3997,0.4381,-0.0061,200000
easy,5,2000,False,8845.5,100.0,0.2455,0.14403,0.0727,0.0801,0.998,2.7744,0.6717,0.494,-0.0184,200000
easy,6,2000,False,10516.42,100.0,0.1283,0.1754,0.1021,0.167,0.9975,3.5556,0.8106,0.494,-0.099,200000
easy,7,2000,False,9426.98,100.0,0.2163,0.17752,0.0639,0.1029,0.9991,2.9561,0.8229,0.4963,-0.0626,200000
easy,8,2000,False,9067.04,100.0,0.2446,0.19856,0.0821,0.1248,0.9987,2.7194,0.8884,0.4936,-0.0672,200000
easy,9,2000,False,10272.57,100.0,0.1664,0.20801,0.0891,0.0656,0.995,3.2836,0.8908,0.4902,-0.0164,200000
easy,10,2000,False,6388.62,100.0,0.4594,0.17,0.1669,0.1724,0.9882,1.6035,0.7621,0.4706,-0.1282,200000
medium,11,534,True,1425.28,100.0,0.485,0.13169,0.2195,0.2581,0.9513,1.4749,0.6175,0.3927,-0.221,200000
medium,12,2000,False,3021.35,60.4,0.5239,0.12229,0.136,0.0487,0.9812,0.7645,0.3447,0.33,-0.0164,200000
medium,13,1570,True,5491.39,99.4,0.3751,0.12609,0.0944,0.0889,0.9797,2.0087,0.5808,0.4749,-0.0427,200000
medium,14,2000,False,9895.12,100.0,0.2178,0.19185,0.0688,0.0833,0.9974,3.1095,0.8791,0.4889,-0.0292,200000
medium,15,888,True,2955.22,99.9,0.4402,0.14581,0.1191,0.0333,0.9648,1.7906,0.6567,0.4371,-0.0052,200000
medium,16,2000,False,4490.37,98.7,0.5644,0.12225,0.0607,0.0449,0.9954,0.75,0.5327,0.4854,-0.0087,200000
medium,17,2000,False,2453.36,59.5,0.6606,0.15076,0.1867,0.0725,0.9067,0.4681,0.3804,0.394,-0.0373,200000
medium,18,691,True,977.4,83.9,0.6405,0.10542,0.3099,0.2192,0.8337,0.6687,0.4165,0.2972,-0.1699,200000
medium,19,2000,False,2683.14,65.7,0.6753,0.13973,0.1496,0.0429,0.9639,0.4115,0.4105,0.3953,-0.0106,200000
medium,20,2000,False,2754.14,99.4,0.5621,0.03821,0.3082,0.5487,0.9954,0.7241,0.2154,0.4855,-0.544,200000
hard,21,668,True,-238.15,0.0,0.0,0.0,0.1629,0.032,0.9301,0.0,0.0,0.2081,-0.0148,200000
hard,22,2000,False,-323.77,6.9,1.0279,0.05874,0.1229,0.0183,0.9678,0.0008,0.0199,0.2692,-0.0046,200000
hard,23,2000,False,2398.18,90.9,0.8708,0.05619,0.1767,0.0536,0.976,0.1462,0.2659,0.4086,-0.0192,200000
hard,24,515,True,23.44,18.8,0.7565,0.09661,0.2282,0.0338,0.9032,0.0906,0.0881,0.337,-0.0124,200000
hard,25,2000,False,6557.15,97.6,0.2474,0.09794,0.4012,0.7408,0.9951,2.9054,0.4426,0.4872,-1.0277,200000
hard,26,1008,True,2051.55,77.7,0.4871,0.08657,0.1537,0.04,0.9089,1.1671,0.3168,0.3479,-0.0166,200000
hard,27,1066,True,461.23,42.3,0.7263,0.0616,0.2554,0.0456,0.8506,0.1926,0.1266,0.3188,-0.018,200000
hard,28,723,True,-217.66,1.9,1.136,0.02079,0.1534,0.0213,0.9367,0.0001,0.0032,0.2336,-0.0103,200000
hard,29,347,True,127.94,47.6,1.0903,0.03118,0.259,0.0487,0.9174,0.0687,0.0972,0.3832,-0.0239,200000
hard,30,2000,False,3240.97,56.6,0.4751,0.15477,0.2141,0.1513,0.9295,0.995,0.358,0.3983,-0.1484,200000
easy,1,1672,True,2751.03,82.2,0.6502,0.09208,0.1288,0.0681,0.9715,0.6159,0.3541,0.4077,-0.0325,300000
easy,2,2000,False,9165.12,100.0,0.2416,0.17646,0.0825,0.0903,0.9986,2.8132,0.8085,0.4942,-0.0335,300000
easy,3,2000,False,7804.16,100.0,0.2742,0.09236,0.0985,0.1471,0.9984,2.5524,0.4234,0.4957,-0.0718,300000
easy,4,2000,False,8218.16,100.0,0.2628,0.1706,0.1538,0.1878,0.9943,2.5954,0.6726,0.4833,-0.1326,300000
easy,5,2000,False,5734.64,100.0,0.4303,0.12018,0.0812,0.1077,0.9974,1.3624,0.5421,0.4946,-0.0303,300000
easy,6,2000,False,6812.24,100.0,0.3605,0.12299,0.0944,0.1145,0.9977,1.902,0.5654,0.4861,-0.0486,300000
easy,7,1508,True,2277.02,78.8,0.6649,0.0974,0.1275,0.0631,0.978,0.5189,0.3422,0.4048,-0.0269,300000
easy,8,1195,True,3174.36,97.2,0.5359,0.13112,0.1467,0.1337,0.9627,1.2959,0.5621,0.4394,-0.0789,300000
easy,9,2000,False,7981.25,100.0,0.3074,0.15873,0.1048,0.0927,0.9958,2.357,0.7068,0.4781,-0.0472,300000
easy,10,728,True,2019.83,95.6,0.5018,0.16936,0.2329,0.2304,0.9345,1.4985,0.6798,0.4092,-0.2067,300000
medium,11,2000,False,7775.58,100.0,0.2922,0.11356,0.1243,0.1697,0.9967,2.4945,0.5232,0.4872,-0.1195,300000
medium,12,2000,False,6758.59,99.3,0.3052,0.05661,0.1845,0.2988,0.9951,2.4078,0.2794,0.4756,-0.2725,300000
medium,13,2000,False,5295.12,86.5,0.4714,0.15972,0.1388,0.1263,0.9895,1.3128,0.6117,0.4546,-0.0884,300000
medium,14,2000,False,6066.57,92.2,0.4183,0.20566,0.1497,0.2162,0.9956,1.5742,0.7769,0.453,-0.1906,300000
medium,15,426,True,1218.7,97.4,0.4384,0.09614,0.1942,0.0556,0.9217,1.7325,0.4342,0.3645,-0.0154,300000
medium,16,753,True,1674.4,91.1,0.5708,0.0818,0.3029,0.1663,0.9213,1.2682,0.3473,0.3837,-0.1111,300000
medium,17,478,True,-5.47,39.7,0.9365,0.06388,0.5039,0.0778,0.6353,0.0746,0.1303,0.1657,-0.0422,300000
medium,18,2000,False,7593.03,99.5,0.2809,0.09193,0.1388,0.2144,0.9965,2.5416,0.4206,0.4828,-0.1462,300000
medium,19,1866,True,5305.1,99.2,0.446,0.10463,0.1459,0.159,0.9749,1.5966,0.4864,0.4384,-0.1378,300000
medium,20,2000,False,3694.83,79.9,0.5917,0.11294,0.1739,0.1432,0.9862,0.8192,0.4152,0.4299,-0.1076,300000
hard,21,643,True,-115.48,14.5,0.8551,0.02328,0.2738,0.0666,0.8828,0.0373,0.0249,0.2674,-0.0472,300000
hard,22,2000,False,2263.5,64.2,0.7081,0.10397,0.2066,0.0873,0.9523,0.4068,0.315,0.3512,-0.0503,300000
hard,23,1811,True,2597.05,79.3,0.6801,0.09729,0.2531,0.1257,0.9524,0.504,0.3667,0.4092,-0.1003,300000
hard,24,2000,False,5275.64,81.5,0.4537,0.09997,0.2043,0.1623,0.9767,1.6114,0.3845,0.4372,-0.0892,300000
hard,25,2000,False,7032.4,95.0,0.3707,0.18707,0.1042,0.0843,0.9945,1.8475,0.7998,0.4808,-0.0592,300000
hard,26,557,True,-12.64,39.0,0.8729,0.04565,0.4618,0.0848,0.7966,0.0685,0.0984,0.1496,-0.0593,300000
hard,27,600,True,-251.52,2.0,1.0226,0.00651,0.2535,0.0421,0.9083,0.0002,0.0026,0.1518,-0.0311,300000
hard,28,2000,False,5445.04,74.8,0.3212,0.1217,0.22,0.2441,0.9861,1.9062,0.4102,0.4409,-0.2747,300000
hard,29,531,True,-97.61,12.2,1.042,0.01199,0.3485,0.1003,0.9312,0.0143,0.0173,0.3335,-0.1026,300000
hard,30,616,True,-32.45,28.2,0.8313,0.0331,0.3294,0.0832,0.865,0.0807,0.0573,0.2406,-0.0709,300000
easy,1,2000,False,8311.11,100.0,0.2423,0.09886,0.1222,0.1773,0.9988,2.7863,0.4453,0.4966,-0.0791,400000
easy,2,2000,False,8654.05,100.0,0.2656,0.16759,0.1406,0.0642,0.9913,2.6028,0.7842,0.4718,-0.01,400000
easy,3,2000,False,9590.62,100.0,0.2216,0.21806,0.0609,0.0333,0.9983,2.8812,0.9371,0.4926,-0.0136,400000
easy,4,2000,False,9060.92,100.0,0.2477,0.19261,0.1472,0.0772,0.993,2.708,0.8823,0.474,-0.0176,400000
easy,5,2000,False,9530.09,100.0,0.2439,0.24207,0.0494,0.0424,0.9974,2.8164,0.9726,0.4957,-0.016,400000
easy,6,2000,False,8778.04,100.0,0.2158,0.11257,0.1385,0.2213,0.9977,2.9938,0.5161,0.4906,-0.1139,400000
easy,7,2000,False,8717.22,100.0,0.1758,0.07291,0.2051,0.3566,0.9981,3.2812,0.3399,0.495,-0.267,400000
easy,8,2000,False,10152.67,100.0,0.1526,0.19763,0.1205,0.1553,0.9962,3.3877,0.7816,0.4933,-0.0801,400000
easy,9,2000,False,8995.3,100.0,0.2442,0.18919,0.0861,0.1142,0.998,2.7557,0.788,0.4923,-0.0364,400000
easy,10,2000,False,7476.5,100.0,0.3142,0.11518,0.0842,0.0981,0.9962,2.3199,0.5291,0.4705,-0.0774,400000
medium,11,2000,False,7620.99,100.0,0.357,0.169,0.0332,0.0292,0.9991,2.0415,0.7778,0.496,-0.0057,400000
medium,12,2000,False,7490.66,99.0,0.2893,0.18152,0.3034,0.4943,0.9916,2.5044,0.8037,0.4778,-0.5161,400000
medium,13,2000,False,6155.71,100.0,0.4685,0.21431,0.1287,0.1158,0.9861,1.2252,0.9273,0.4826,-0.0315,400000
medium,14,2000,False,5430.99,100.0,0.5725,0.15625,0.0663,0.0454,0.9942,1.0378,0.7267,0.4687,-0.0125,400000
medium,15,2000,False,6289.43,100.0,0.4491,0.18524,0.1722,0.1733,0.9912,1.5093,0.8112,0.4553,-0.1191,400000
medium,16,2000,False,1775.26,78.5,0.8862,0.05573,0.2021,0.1043,0.9514,0.0755,0.2175,0.3979,-0.0656,400000
medium,17,2000,False,4063.65,100.0,0.653,0.13797,0.076,0.0503,0.9963,0.4258,0.6368,0.4843,-0.0146,400000
medium,18,2000,False,7526.91,100.0,0.37,0.1835,0.075,0.0434,0.9958,1.9425,0.8494,0.4816,-0.006,400000
medium,19,2000,False,5903.58,100.0,0.4878,0.21341,0.1467,0.0857,0.9866,1.2164,0.8289,0.4517,-0.0249,400000
medium,20,2000,False,2414.0,69.4,0.6563,0.10379,0.1964,0.2335,0.987,0.4656,0.3383,0.4339,-0.2138,400000
hard,21,860,True,2738.46,88.7,0.3872,0.1573,0.1006,0.0684,0.965,1.7967,0.6507,0.4529,-0.0402,400000
hard,22,2000,False,2611.46,99.2,0.8638,0.06117,0.1062,0.1227,0.9942,0.1612,0.3069,0.4453,-0.0981,400000
hard,23,2000,False,3551.57,99.5,0.7258,0.12304,0.1035,0.0459,0.9953,0.2681,0.5778,0.4559,-0.0201,400000
hard,24,2000,False,4208.58,82.2,0.6176,0.14242,0.1225,0.1078,0.9906,0.8653,0.5347,0.4632,-0.0693,400000
hard,25,2000,False,4279.29,95.5,0.5892,0.10822,0.1094,0.1472,0.9966,0.8274,0.4811,0.4701,-0.0959,400000
hard,26,2000,False,5995.31,89.9,0.4534,0.14355,0.1361,0.1472,0.99,1.6947,0.5777,0.4669,-0.1355,400000
hard,27,2000,False,124.38,18.2,0.9937,0.0461,0.1623,0.0821,0.9811,0.0121,0.0455,0.4137,-0.0825,400000
hard,28,2000,False,5719.28,85.2,0.4717,0.18381,0.0489,0.03,0.998,1.3418,0.699,0.4825,-0.0161,400000
hard,29,1361,True,2037.82,77.1,0.6779,0.09624,0.1853,0.1368,0.9574,0.5844,0.361,0.4343,-0.0978,400000
hard,30,2000,False,8152.98,96.4,0.2796,0.15059,0.0799,0.085,0.9963,2.5266,0.6606,0.4774,-0.0492,400000
easy,1,2000,False,9332.88,100.0,0.1907,0.12834,0.1147,0.1251,0.9956,3.1349,0.5892,0.4904,-0.0418,500000
easy,2,2000,False,9702.77,100.0,0.1732,0.15256,0.1185,0.1299,0.9965,3.2609,0.7032,0.484,-0.0883,500000
easy,3,2000,False,8905.34,100.0,0.2029,0.15027,0.1798,0.2927,0.9964,3.0675,0.66,0.4915,-0.2631,500000
easy,4,2000,False,9843.67,100.0,0.1796,0.15324,0.0753,0.066,0.9975,3.2546,0.7024,0.4898,-0.0203,500000
easy,5,2000,False,9598.13,100.0,0.116,0.177,0.3088,0.5995,0.9974,3.6327,0.8233,0.4968,-0.6468,500000
easy,6,2000,False,9815.46,100.0,0.1791,0.15686,0.0718,0.0872,0.9979,3.2524,0.6887,0.4942,-0.0255,500000
easy,7,2000,False,8789.03,100.0,0.2135,0.12553,0.1428,0.142,0.992,2.9755,0.5129,0.4854,-0.0647,500000
easy,8,2000,False,10620.87,100.0,0.1491,0.1951,0.0643,0.1015,0.9989,3.4803,0.8876,0.497,-0.0532,500000
easy,9,2000,False,10881.88,100.0,0.1386,0.22388,0.0607,0.0551,0.9991,3.4827,0.9695,0.4979,-0.0094,500000
easy,10,2000,False,10534.81,100.0,0.1476,0.19572,0.0697,0.0923,0.9978,3.4357,0.8749,0.4949,-0.0345,500000
medium,11,2000,False,9075.91,100.0,0.2814,0.22598,0.1305,0.2312,0.9977,2.736,0.9529,0.4954,-0.1411,500000
medium,12,2000,False,2305.52,92.3,0.9616,0.07207,0.1959,0.0844,0.9832,0.0282,0.3336,0.4279,-0.0515,500000
medium,13,2000,False,8161.8,100.0,0.2521,0.21829,0.2674,0.4804,0.9962,2.7898,0.8503,0.485,-0.5341,500000
medium,14,2000,False,9917.4,100.0,0.1764,0.25794,0.1083,0.1768,0.9985,3.3239,0.8403,0.489,-0.1928,500000
medium,15,634,True,1752.03,99.4,0.4964,0.11212,0.1385,0.0631,0.9654,1.4415,0.5245,0.3726,-0.0195,500000
medium,16,2000,False,9140.78,98.7,0.255,0.1553,0.1034,0.1072,0.9968,2.9777,0.67,0.4854,-0.0484,500000
medium,17,1436,True,237.29,24.0,0.9879,0.02903,0.1227,0.0369,0.9698,0.0063,0.0461,0.411,-0.0172,500000
medium,18,2000,False,6534.63,100.0,0.4568,0.15565,0.0961,0.0648,0.9938,1.6354,0.694,0.4734,-0.0247,500000
medium,19,2000,False,6554.17,100.0,0.4143,0.17528,0.1426,0.2145,0.9979,1.705,0.7516,0.4908,-0.17,500000
medium,20,2000,False,4697.3,100.0,0.3208,0.08534,0.4708,0.8988,0.9945,2.3134,0.391,0.4807,-1.3339,500000
hard,21,2000,False,3924.47,80.5,0.532,0.06326,0.2194,0.2015,0.9732,1.132,0.2532,0.433,-0.1512,500000
hard,22,1527,True,2284.4,73.7,0.5369,0.12952,0.2697,0.3696,0.9716,0.9298,0.4233,0.3484,-0.419,500000
hard,23,1913,True,1597.06,46.9,0.779,0.12308,0.101,0.0391,0.979,0.214,0.2566,0.4275,-0.0162,500000
hard,24,2000,False,7695.19,95.8,0.2929,0.15996,0.2257,0.3857,0.9955,2.6632,0.6424,0.4827,-0.3932,500000
hard,25,2000,False,6458.15,93.2,0.392,0.10982,0.1998,0.3141,0.9961,2.1701,0.4452,0.4812,-0.2954,500000
hard,26,2000,False,3713.18,75.5,0.5606,0.02498,0.2507,0.2694,0.9817,1.2584,0.1347,0.4763,-0.2696,500000
hard,27,2000,False,1883.45,37.6,0.5972,0.12175,0.0972,0.0351,0.9911,0.4315,0.208,0.4432,-0.0104,500000
hard,28,2000,False,7444.37,93.7,0.3673,0.1818,0.1728,0.2603,0.9961,2.2646,0.7509,0.4833,-0.2086,500000
hard,29,924,True,-133.47,0.3,1.0851,0.01237,0.1315,0.0155,0.9463,0.0,0.0005,0.3958,-0.0062,500000
hard,30,2000,False,6034.63,90.4,0.4567,0.11273,0.1114,0.0754,0.9934,1.6717,0.4948,0.4811,-0.0316,500000
easy,1,2000,False,9465.99,100.0,0.1798,0.12552,0.1078,0.1307,0.9972,3.2116,0.5791,0.493,-0.0492,500001
easy,2,2000,False,9656.04,100.0,0.1747,0.15387,0.1291,0.1472,0.9963,3.2524,0.7093,0.4835,-0.1086,500001
easy,3,2000,False,8763.75,100.0,0.2089,0.14781,0.1912,0.3171,0.9962,3.0239,0.6475,0.4912,-0.2772,500001
easy,4,2000,False,9535.68,100.0,0.1874,0.15945,0.1227,0.128,0.9972,3.1594,0.7105,0.4765,-0.0733,500001
easy,5,2000,False,9747.27,100.0,0.1105,0.18035,0.3006,0.5844,0.9974,3.654,0.8375,0.4967,-0.6083,500001
easy,6,2000,False,9486.19,100.0,0.1915,0.14155,0.0783,0.0934,0.9978,3.164,0.6154,0.4941,-0.0289,500001
easy,7,2000,False,8811.74,100.0,0.2129,0.12596,0.1449,0.1456,0.992,2.9834,0.5147,0.4853,-0.0634,500001
easy,8,2000,False,10634.51,100.0,0.1472,0.19711,0.0719,0.1155,0.9988,3.4914,0.893,0.4969,-0.0627,500001
easy,9,2000,False,10887.93,100.0,0.137,0.22404,0.0644,0.0634,0.9991,3.4895,0.9696,0.4979,-0.0131,500001
easy,10,2000,False,10570.06,100.0,0.1462,0.19404,0.0645,0.0842,0.9982,3.4568,0.8689,0.4952,-0.0332,500001
medium,11,2000,False,9117.53,100.0,0.2792,0.22452,0.124,0.2221,0.9978,2.7423,0.9529,0.4954,-0.1272,500001
medium,12,2000,False,2342.25,94.1,0.9563,0.07336,0.2035,0.0956,0.982,0.0299,0.3463,0.4285,-0.0649,500001
medium,13,2000,False,8121.82,100.0,0.2719,0.20952,0.2377,0.4412,0.9971,2.664,0.8618,0.4872,-0.4467,500001
medium,14,2000,False,9872.81,100.0,0.1782,0.25888,0.1172,0.1932,0.9985,3.3218,0.8327,0.4891,-0.2056,500001
medium,15,643,True,1797.95,99.4,0.4929,0.1089,0.1359,0.0682,0.967,1.4971,0.5106,0.3653,-0.0215,500001
medium,16,2000,False,7508.11,98.6,0.3537,0.1621,0.1782,0.1571,0.9906,2.2863,0.6292,0.4738,-0.1061,500001
medium,17,1448,True,205.68,22.5,0.9832,0.02988,0.1242,0.0452,0.9706,0.0062,0.0438,0.413,-0.0254,500001
medium,18,2000,False,6509.55,100.0,0.4462,0.15435,0.0996,0.0703,0.9938,1.6281,0.6879,0.4732,-0.0243,500001
medium,19,2000,False,6561.93,100.0,0.4096,0.17367,0.1467,0.2293,0.9978,1.7291,0.7444,0.4902,-0.1818,500001
medium,20,2000,False,4502.38,100.0,0.3254,0.08391,0.4921,0.9443,0.9946,2.2792,0.3848,0.4813,-1.3925,500001
hard,21,2000,False,3780.1,81.1,0.5495,0.06047,0.2118,0.1892,0.9732,1.0503,0.2454,0.4312,-0.1381,500001
hard,22,1666,True,2331.89,76.7,0.5468,0.12115,0.2845,0.4285,0.9731,0.8974,0.4107,0.3686,-0.5214,500001
hard,23,2000,False,973.38,35.8,0.8551,0.08508,0.1101,0.0367,0.9839,0.102,0.1507,0.4041,-0.0212,500001
hard,24,2000,False,7711.42,95.8,0.2831,0.14953,0.2533,0.4515,0.9957,2.752,0.6182,0.484,-0.452,500001
hard,25,2000,False,6271.2,91.1,0.3529,0.1118,0.2215,0.3606,0.9957,2.1601,0.4586,0.4787,-0.3714,500001
hard,26,2000,False,3850.52,76.0,0.5375,0.02559,0.2512,0.2733,0.9841,1.3105,0.1361,0.4776,-0.2609,500001
hard,27,1047,True,-8.5,10.6,1.112,0.02675,0.1621,0.0329,0.9574,0.0008,0.0199,0.4089,-0.0125,500001
hard,28,2000,False,7568.41,93.7,0.3461,0.18461,0.1749,0.2829,0.9966,2.3415,0.7597,0.485,-0.2354,500001
hard,29,1015,True,-142.24,0.3,1.0851,0.01237,0.1214,0.0145,0.9473,0.0,0.0004,0.3984,-0.0057,500001
hard,30,2000,False,7114.65,88.9,0.3609,0.13547,0.0975,0.0438,0.993,2.1639,0.5555,0.4786,-0.0233,500001
